수집시간,단지명,구,동,거래유형,층,면적(m2),평,보증금,월세,가격(억),타입,방향,매물ID,URL
2026-05-21 06:08:49,가락금호,송파구,가락동,전세,15,59.91,18.12,75000,0,7.5,25A,,48971254,https://www.zigbang.com/home/apt/items/48971254
2026-05-21 06:08:49,가락금호,송파구,가락동,매매,18,85,25.71,218000,0,21.8,33A,,48699663,https://www.zigbang.com/home/apt/items/48699663
2026-05-21 06:08:49,가락스타클래스,송파구,가락동,매매,고,84.93,25.69,170000,0,17.0,33B,,49089489,https://www.zigbang.com/home/apt/items/49089489
2026-05-21 06:08:49,가락스타클래스,송파구,가락동,매매,고,115.94,35.07,190000,0,19.0,45,,49089503,https://www.zigbang.com/home/apt/items/49089503
2026-05-21 06:08:49,가락쌍용1차,송파구,가락동,매매,6,59.92,18.13,195000,0,19.5,25,,237988,https://www.zigbang.com/home/apt/items/237988
2026-05-21 06:08:49,가락쌍용1차,송파구,가락동,매매,2,84.69,25.62,240000,0,24.0,33,,207005,https://www.zigbang.com/home/apt/items/207005
2026-05-21 06:08:49,가락쌍용1차,송파구,가락동,매매,1,84.69,25.62,240000,0,24.0,33,,192136,https://www.zigbang.com/home/apt/items/192136
2026-05-21 06:08:49,가락쌍용1차,송파구,가락동,매매,16,84.69,25.62,250000,0,25.0,33,,195317,https://www.zigbang.com/home/apt/items/195317
2026-05-21 06:08:49,가락풍림,송파구,가락동,매매,중,80.52,24.36,130000,0,13.0,32,,48770114,https://www.zigbang.com/home/apt/items/48770114
2026-05-21 06:08:49,가락풍림,송파구,가락동,매매,저,80.52,24.36,130000,0,13.0,32,,48770032,https://www.zigbang.com/home/apt/items/48770032
2026-05-21 06:08:49,가락현대(60동),송파구,가락동,매매,중,82.16,24.85,150000,0,15.0,28,,49089383,https://www.zigbang.com/home/apt/items/49089383
2026-05-21 06:08:49,가락현대6차,송파구,가락동,월세,중,84.8,25.65,50000,50,5.0,30,,49008962,https://www.zigbang.com/home/apt/items/49008962
2026-05-21 06:08:49,가락현대6차,송파구,가락동,월세,중,84.8,25.65,50000,65,5.0,30,,49004438,https://www.zigbang.com/home/apt/items/49004438
2026-05-21 06:08:49,가락현대6차,송파구,가락동,전세,중,84.8,25.65,63000,0,6.3,30,,49008996,https://www.zigbang.com/home/apt/items/49008996
2026-05-21 06:08:49,가락현대6차,송파구,가락동,전세,4,84.8,25.65,65000,0,6.5,30,,49004330,https://www.zigbang.com/home/apt/items/49004330
2026-05-21 06:08:49,더샵송파루미스타,송파구,가락동,월세,중,74.9753,22.68,50000,200,5.0,30,,49032868,https://www.zigbang.com/home/apt/items/49032868
2026-05-21 06:08:49,더샵송파루미스타,송파구,가락동,월세,중,84.9856,25.71,80000,110,8.0,34A,,49031720,https://www.zigbang.com/home/apt/items/49031720
2026-05-21 06:08:49,더샵송파루미스타,송파구,가락동,월세,고,84.9273,25.69,80000,90,8.0,34C,,48604569,https://www.zigbang.com/home/apt/items/48604569
2026-05-21 06:08:49,더샵송파루미스타,송파구,가락동,월세,9,84.9856,25.71,90000,100,9.0,34A,,48141811,https://www.zigbang.com/home/apt/items/48141811
2026-05-21 06:08:49,더샵송파루미스타,송파구,가락동,전세,저,74.9753,22.68,98000,0,9.8,30,,49089425,https://www.zigbang.com/home/apt/items/49089425
2026-05-21 06:08:49,더샵송파루미스타,송파구,가락동,전세,저,84.9856,25.71,100000,0,10.0,34A,,48603819,https://www.zigbang.com/home/apt/items/48603819
2026-05-21 06:08:49,더샵송파루미스타,송파구,가락동,전세,12,84.9856,25.71,105000,0,10.5,34A,,49089433,https://www.zigbang.com/home/apt/items/49089433
2026-05-21 06:08:49,더샵송파루미스타,송파구,가락동,전세,15,84.9273,25.69,105000,0,10.5,34C,,49089429,https://www.zigbang.com/home/apt/items/49089429
2026-05-21 06:08:49,더샵송파루미스타,송파구,가락동,전세,14,84.9273,25.69,105000,0,10.5,34C,,48833481,https://www.zigbang.com/home/apt/items/48833481
2026-05-21 06:08:49,더샵송파루미스타,송파구,가락동,전세,고,84.9856,25.71,110000,0,11.0,34A,,49089448,https://www.zigbang.com/home/apt/items/49089448
2026-05-21 06:08:49,더샵송파루미스타,송파구,가락동,전세,21,84.9856,25.71,110000,0,11.0,34A,,49089442,https://www.zigbang.com/home/apt/items/49089442
2026-05-21 06:08:49,더샵송파루미스타,송파구,가락동,전세,고,84.9862,25.71,110000,0,11.0,34B,,49089436,https://www.zigbang.com/home/apt/items/49089436
2026-05-21 06:08:49,더샵송파루미스타,송파구,가락동,전세,고,84.9273,25.69,110000,0,11.0,34C,,49089434,https://www.zigbang.com/home/apt/items/49089434
2026-05-21 06:08:49,더샵송파루미스타,송파구,가락동,전세,중,84.9856,25.71,115000,0,11.5,34A,,48141770,https://www.zigbang.com/home/apt/items/48141770
2026-05-21 06:08:49,더샵송파루미스타,송파구,가락동,전세,14,99.9989,30.25,130000,0,13.0,40,,49089453,https://www.zigbang.com/home/apt/items/49089453
2026-05-21 06:08:49,더샵송파루미스타,송파구,가락동,매매,4,74.9753,22.68,209000,0,20.9,30,,233209,https://www.zigbang.com/home/apt/items/233209
2026-05-21 06:08:49,래미안파크팰리스,송파구,가락동,전세,11,114.75,34.71,130000,0,13.0,43,,48227216,https://www.zigbang.com/home/apt/items/48227216
2026-05-21 06:08:49,래미안파크팰리스,송파구,가락동,매매,11,114.75,34.71,260000,0,26.0,43,,48227175,https://www.zigbang.com/home/apt/items/48227175
2026-05-21 06:08:49,미륭,송파구,가락동,매매,3,60.72,18.37,180000,0,18.0,24,,49089409,https://www.zigbang.com/home/apt/items/49089409
2026-05-21 06:08:49,미륭,송파구,가락동,매매,중,83.58,25.28,195000,0,19.5,30,,49089414,https://www.zigbang.com/home/apt/items/49089414
2026-05-21 06:08:49,성원상떼빌,송파구,가락동,매매,중,101.52,30.71,153000,0,15.3,38,,48921176,https://www.zigbang.com/home/apt/items/48921176
2026-05-21 06:08:49,성원상떼빌,송파구,가락동,매매,5,117.16,35.44,158000,0,15.8,44,,48781964,https://www.zigbang.com/home/apt/items/48781964
2026-05-21 06:08:49,성원상떼빌,송파구,가락동,매매,9,101.52,30.71,160000,0,16.0,38,,236008,https://www.zigbang.com/home/apt/items/236008
2026-05-21 06:08:49,송파가락두산위브센티움,송파구,가락동,매매,10,33.1,10.01,27000,0,2.7,14B,,194494,https://www.zigbang.com/home/apt/items/194494
2026-05-21 06:08:49,한화오벨리스크,송파구,가락동,매매,20,25.32,7.66,18500,0,1.85,11,,213541,https://www.zigbang.com/home/apt/items/213541
2026-05-21 06:08:49,한화오벨리스크,송파구,가락동,매매,20,48.8,14.76,60000,0,6.0,21,,224644,https://www.zigbang.com/home/apt/items/224644
2026-05-21 06:08:49,헬리오시티,송파구,가락동,월세,저,84.98,25.71,20000,440,2.0,33E,,49084547,https://www.zigbang.com/home/apt/items/49084547
2026-05-21 06:08:49,헬리오시티,송파구,가락동,월세,고,39.12,11.83,20000,240,2.0,18B,,48992891,https://www.zigbang.com/home/apt/items/48992891
2026-05-21 06:08:49,헬리오시티,송파구,가락동,월세,중,84.95,25.7,30000,360,3.0,33F,,48853037,https://www.zigbang.com/home/apt/items/48853037
2026-05-21 06:08:49,헬리오시티,송파구,가락동,월세,고,59.96,18.14,30000,300,3.0,25,,47770850,https://www.zigbang.com/home/apt/items/47770850
2026-05-21 06:08:49,헬리오시티,송파구,가락동,월세,12,59.96,18.14,30000,300,3.0,25,,47616184,https://www.zigbang.com/home/apt/items/47616184
2026-05-21 06:08:49,헬리오시티,송파구,가락동,월세,고,49.29,14.91,40000,190,4.0,22C,,48935033,https://www.zigbang.com/home/apt/items/48935033
2026-05-21 06:08:49,헬리오시티,송파구,가락동,월세,고,49.29,14.91,40000,200,4.0,22C,,48922733,https://www.zigbang.com/home/apt/items/48922733
2026-05-21 06:08:49,헬리오시티,송파구,가락동,월세,저,110.66,33.47,40000,500,4.0,42A,,48559300,https://www.zigbang.com/home/apt/items/48559300
2026-05-21 06:08:49,헬리오시티,송파구,가락동,월세,중,84.99,25.71,50000,300,5.0,33D,,48633532,https://www.zigbang.com/home/apt/items/48633532
2026-05-21 06:08:49,헬리오시티,송파구,가락동,월세,중,84.99,25.71,60000,250,6.0,33D,,48644184,https://www.zigbang.com/home/apt/items/48644184
2026-05-21 06:08:49,헬리오시티,송파구,가락동,월세,중,110.66,33.47,80000,200,8.0,42A,,48665607,https://www.zigbang.com/home/apt/items/48665607
2026-05-21 06:08:49,헬리오시티,송파구,가락동,월세,저,110.66,33.47,80000,400,8.0,42A,,48603852,https://www.zigbang.com/home/apt/items/48603852
2026-05-21 06:08:49,헬리오시티,송파구,가락동,전세,저,39.1,11.83,88000,0,8.8,18A,,49015536,https://www.zigbang.com/home/apt/items/49015536
2026-05-21 06:08:49,헬리오시티,송파구,가락동,전세,저,39.1,11.83,90000,0,9.0,18A,,49051204,https://www.zigbang.com/home/apt/items/49051204
2026-05-21 06:08:49,헬리오시티,송파구,가락동,월세,중,84.99,25.71,90000,120,9.0,33D,,48663555,https://www.zigbang.com/home/apt/items/48663555
2026-05-21 06:08:49,헬리오시티,송파구,가락동,월세,저,99.6,30.13,100000,160,10.0,38,,48650059,https://www.zigbang.com/home/apt/items/48650059
2026-05-21 06:08:49,헬리오시티,송파구,가락동,월세,중,84.98,25.71,100000,100,10.0,32A,,48561877,https://www.zigbang.com/home/apt/items/48561877
2026-05-21 06:08:49,헬리오시티,송파구,가락동,월세,중,84.99,25.71,100000,100,10.0,33D,,48505149,https://www.zigbang.com/home/apt/items/48505149
2026-05-21 06:08:49,헬리오시티,송파구,가락동,전세,고,59.96,18.14,110000,0,11.0,25,,49083760,https://www.zigbang.com/home/apt/items/49083760
2026-05-21 06:08:49,헬리오시티,송파구,가락동,전세,저,84.98,25.71,120000,0,12.0,33G,,49081426,https://www.zigbang.com/home/apt/items/49081426
2026-05-21 06:08:49,헬리오시티,송파구,가락동,전세,중,84.99,25.71,120000,0,12.0,33D,,48848633,https://www.zigbang.com/home/apt/items/48848633
2026-05-21 06:08:49,헬리오시티,송파구,가락동,전세,고,84.98,25.71,125000,0,12.5,32A,,49041086,https://www.zigbang.com/home/apt/items/49041086
2026-05-21 06:08:49,헬리오시티,송파구,가락동,전세,중,84.99,25.71,125000,0,12.5,33D,,48853179,https://www.zigbang.com/home/apt/items/48853179
2026-05-21 06:08:49,헬리오시티,송파구,가락동,전세,고,84.96,25.7,125000,0,12.5,32J2,,48851441,https://www.zigbang.com/home/apt/items/48851441
2026-05-21 06:08:49,헬리오시티,송파구,가락동,전세,중,84.99,25.71,125000,0,12.5,33D,,48828914,https://www.zigbang.com/home/apt/items/48828914
2026-05-21 06:08:49,헬리오시티,송파구,가락동,전세,저,84.98,25.71,130000,0,13.0,32A,,49060891,https://www.zigbang.com/home/apt/items/49060891
2026-05-21 06:08:49,헬리오시티,송파구,가락동,전세,중,84.98,25.71,130000,0,13.0,33E,,48904285,https://www.zigbang.com/home/apt/items/48904285
2026-05-21 06:08:49,헬리오시티,송파구,가락동,전세,중,84.99,25.71,130000,0,13.0,33D,,48903275,https://www.zigbang.com/home/apt/items/48903275
2026-05-21 06:08:49,헬리오시티,송파구,가락동,월세,중,110.66,33.47,130000,150,13.0,42A,,48645317,https://www.zigbang.com/home/apt/items/48645317
2026-05-21 06:08:49,헬리오시티,송파구,가락동,전세,저,84.99,25.71,130000,0,13.0,33D,,46831695,https://www.zigbang.com/home/apt/items/46831695
2026-05-21 06:08:49,헬리오시티,송파구,가락동,월세,고,110.66,33.47,150000,80,15.0,42A,,49055035,https://www.zigbang.com/home/apt/items/49055035
2026-05-21 06:08:49,헬리오시티,송파구,가락동,전세,중,99.6,30.13,155000,0,15.5,38,,48436975,https://www.zigbang.com/home/apt/items/48436975
2026-05-21 06:08:49,헬리오시티,송파구,가락동,전세,저,110.44,33.41,165000,0,16.5,43B,,48764066,https://www.zigbang.com/home/apt/items/48764066
2026-05-21 06:08:49,헬리오시티,송파구,가락동,전세,고,110.66,33.47,170000,0,17.0,42A,,49055063,https://www.zigbang.com/home/apt/items/49055063
2026-05-21 06:08:49,헬리오시티,송파구,가락동,전세,중,110.44,33.41,170000,0,17.0,43B,,48848615,https://www.zigbang.com/home/apt/items/48848615
2026-05-21 06:08:49,헬리오시티,송파구,가락동,전세,중,110.44,33.41,170000,0,17.0,43B,,48644648,https://www.zigbang.com/home/apt/items/48644648
2026-05-21 06:08:49,헬리오시티,송파구,가락동,전세,고,110.44,33.41,190000,0,19.0,43B,,48603783,https://www.zigbang.com/home/apt/items/48603783
2026-05-21 06:08:49,헬리오시티,송파구,가락동,매매,중,39.1,11.83,199000,0,19.9,18A,,48593313,https://www.zigbang.com/home/apt/items/48593313
2026-05-21 06:08:49,헬리오시티,송파구,가락동,매매,중,39.1,11.83,200000,0,20.0,18A,,49089749,https://www.zigbang.com/home/apt/items/49089749
2026-05-21 06:08:49,헬리오시티,송파구,가락동,매매,중,39.1,11.83,200000,0,20.0,18A,,48698679,https://www.zigbang.com/home/apt/items/48698679
2026-05-21 06:08:49,헬리오시티,송파구,가락동,매매,중,39.1,11.83,200000,0,20.0,18A,,48593272,https://www.zigbang.com/home/apt/items/48593272
2026-05-21 06:08:49,헬리오시티,송파구,가락동,매매,고,39.1,11.83,201000,0,20.1,18A,,48542298,https://www.zigbang.com/home/apt/items/48542298
2026-05-21 06:08:49,헬리오시티,송파구,가락동,매매,고,39.1,11.83,220000,0,22.0,18A,,48583487,https://www.zigbang.com/home/apt/items/48583487
2026-05-21 06:08:49,헬리오시티,송파구,가락동,매매,9,59.96,18.14,270000,0,27.0,25,,48887066,https://www.zigbang.com/home/apt/items/48887066
2026-05-21 06:08:49,헬리오시티,송파구,가락동,매매,고,59.96,18.14,270000,0,27.0,25,,48488314,https://www.zigbang.com/home/apt/items/48488314
2026-05-21 06:08:49,헬리오시티,송파구,가락동,매매,중,59.96,18.14,270000,0,27.0,25,,48488252,https://www.zigbang.com/home/apt/items/48488252
2026-05-21 06:08:49,헬리오시티,송파구,가락동,매매,중,84.99,25.71,285000,0,28.5,33D,,49079198,https://www.zigbang.com/home/apt/items/49079198
2026-05-21 06:08:49,헬리오시티,송파구,가락동,매매,고,84.98,25.71,288000,0,28.8,33E,,48903354,https://www.zigbang.com/home/apt/items/48903354
2026-05-21 06:08:49,헬리오시티,송파구,가락동,매매,고,84.96,25.7,295000,0,29.5,32J2,,49084331,https://www.zigbang.com/home/apt/items/49084331
2026-05-21 06:08:49,헬리오시티,송파구,가락동,매매,중,84.98,25.71,295000,0,29.5,32A,,48440781,https://www.zigbang.com/home/apt/items/48440781
2026-05-21 06:08:49,헬리오시티,송파구,가락동,매매,고,84.99,25.71,295000,0,29.5,33D,,47637625,https://www.zigbang.com/home/apt/items/47637625
2026-05-21 06:08:49,헬리오시티,송파구,가락동,매매,중,84.95,25.7,298000,0,29.8,33F,,48763084,https://www.zigbang.com/home/apt/items/48763084
2026-05-21 06:08:49,헬리오시티,송파구,가락동,매매,중,84.98,25.71,300000,0,30.0,32A,,48684451,https://www.zigbang.com/home/apt/items/48684451
2026-05-21 06:08:49,헬리오시티,송파구,가락동,매매,중,84.99,25.71,300000,0,30.0,33C,,48315019,https://www.zigbang.com/home/apt/items/48315019
2026-05-21 06:08:49,헬리오시티,송파구,가락동,매매,고,84.98,25.71,300000,0,30.0,33E,,47764035,https://www.zigbang.com/home/apt/items/47764035
2026-05-21 06:08:49,헬리오시티,송파구,가락동,매매,중,84.95,25.7,300000,0,30.0,33F,,47623531,https://www.zigbang.com/home/apt/items/47623531
2026-05-21 06:08:49,헬리오시티,송파구,가락동,매매,고,84.95,25.7,310000,0,31.0,33F,,48696585,https://www.zigbang.com/home/apt/items/48696585
2026-05-21 06:08:49,헬리오시티,송파구,가락동,매매,저,84.98,25.71,310000,0,31.0,33E,,47623477,https://www.zigbang.com/home/apt/items/47623477
2026-05-21 06:08:49,헬리오시티,송파구,가락동,매매,중,84.95,25.7,310000,0,31.0,33F,,47616320,https://www.zigbang.com/home/apt/items/47616320
2026-05-21 06:08:49,헬리오시티,송파구,가락동,매매,중,84.99,25.71,310000,0,31.0,33D,,47616240,https://www.zigbang.com/home/apt/items/47616240
2026-05-21 06:08:49,헬리오시티,송파구,가락동,매매,저,84.99,25.71,315000,0,31.5,33D,,47616464,https://www.zigbang.com/home/apt/items/47616464
2026-05-21 06:08:49,헬리오시티,송파구,가락동,매매,중,99.6,30.13,318000,0,31.8,38,,48292167,https://www.zigbang.com/home/apt/items/48292167
2026-05-21 06:08:49,헬리오시티,송파구,가락동,매매,중,99.6,30.13,318000,0,31.8,38,,48292041,https://www.zigbang.com/home/apt/items/48292041
2026-05-21 06:08:49,헬리오시티,송파구,가락동,매매,고,84.95,25.7,318000,0,31.8,33F,,47662660,https://www.zigbang.com/home/apt/items/47662660
2026-05-21 06:08:49,헬리오시티,송파구,가락동,매매,중,99.6,30.13,320000,0,32.0,38,,48602779,https://www.zigbang.com/home/apt/items/48602779
2026-05-21 06:08:49,헬리오시티,송파구,가락동,매매,중,99.6,30.13,320000,0,32.0,38,,48502942,https://www.zigbang.com/home/apt/items/48502942
2026-05-21 06:08:49,헬리오시티,송파구,가락동,매매,중,99.6,30.13,320000,0,32.0,38,,48292015,https://www.zigbang.com/home/apt/items/48292015
2026-05-21 06:08:49,헬리오시티,송파구,가락동,매매,중,84.99,25.71,330000,0,33.0,33D,,46815166,https://www.zigbang.com/home/apt/items/46815166
2026-05-21 06:08:49,헬리오시티,송파구,가락동,매매,저,110.66,33.47,335000,0,33.5,42A,,48988446,https://www.zigbang.com/home/apt/items/48988446
2026-05-21 06:08:49,헬리오시티,송파구,가락동,매매,저,110.44,33.41,340000,0,34.0,43B,,48988558,https://www.zigbang.com/home/apt/items/48988558
2026-05-21 06:08:49,헬리오시티,송파구,가락동,매매,저,110.44,33.41,340000,0,34.0,43B,,47765234,https://www.zigbang.com/home/apt/items/47765234
2026-05-21 06:08:49,헬리오시티,송파구,가락동,매매,고,110.66,33.47,340000,0,34.0,42A,,45447730,https://www.zigbang.com/home/apt/items/45447730
2026-05-21 06:08:49,e편한세상송파파크센트럴,송파구,거여동,월세,고,84.97,25.7,10000,350,1.0,34C,,49086771,https://www.zigbang.com/home/apt/items/49086771
2026-05-21 06:08:49,e편한세상송파파크센트럴,송파구,거여동,월세,고,84.97,25.7,20000,300,2.0,34C,,49016501,https://www.zigbang.com/home/apt/items/49016501
2026-05-21 06:08:49,e편한세상송파파크센트럴,송파구,거여동,월세,11,84.96,25.7,30000,270,3.0,34A,,49019066,https://www.zigbang.com/home/apt/items/49019066
2026-05-21 06:08:49,e편한세상송파파크센트럴,송파구,거여동,월세,25,113.18,34.24,50000,300,5.0,41B,,48951209,https://www.zigbang.com/home/apt/items/48951209
2026-05-21 06:08:49,e편한세상송파파크센트럴,송파구,거여동,월세,26,84.96,25.7,65000,120,6.5,34A,,49019001,https://www.zigbang.com/home/apt/items/49019001
2026-05-21 06:08:49,e편한세상송파파크센트럴,송파구,거여동,전세,4,59.94,18.13,85000,0,8.5,25B,,48954164,https://www.zigbang.com/home/apt/items/48954164
2026-05-21 06:08:49,e편한세상송파파크센트럴,송파구,거여동,전세,4,113.63,34.37,110000,0,11.0,42A,,49059377,https://www.zigbang.com/home/apt/items/49059377
2026-05-21 06:08:49,e편한세상송파파크센트럴,송파구,거여동,전세,22,113.18,34.24,117000,0,11.7,41B,,49054202,https://www.zigbang.com/home/apt/items/49054202
2026-05-21 06:08:49,e편한세상송파파크센트럴,송파구,거여동,매매,18,59.96,18.14,178000,0,17.8,25A,,48953373,https://www.zigbang.com/home/apt/items/48953373
2026-05-21 06:08:49,e편한세상송파파크센트럴,송파구,거여동,매매,10,59.94,18.13,190000,0,19.0,25B,,48956706,https://www.zigbang.com/home/apt/items/48956706
2026-05-21 06:08:49,e편한세상송파파크센트럴,송파구,거여동,매매,중,59.96,18.14,190000,0,19.0,25A,,48956560,https://www.zigbang.com/home/apt/items/48956560
2026-05-21 06:08:49,e편한세상송파파크센트럴,송파구,거여동,매매,중,84.95,25.7,200000,0,20.0,34F,,49073184,https://www.zigbang.com/home/apt/items/49073184
2026-05-21 06:08:49,e편한세상송파파크센트럴,송파구,거여동,매매,저,59.93,18.13,200000,0,20.0,25C,,48953873,https://www.zigbang.com/home/apt/items/48953873
2026-05-21 06:08:49,e편한세상송파파크센트럴,송파구,거여동,매매,7,84.96,25.7,205000,0,20.5,34A,,48993461,https://www.zigbang.com/home/apt/items/48993461
2026-05-21 06:08:49,e편한세상송파파크센트럴,송파구,거여동,매매,중,84.96,25.7,205000,0,20.5,34A,,48957040,https://www.zigbang.com/home/apt/items/48957040
2026-05-21 06:08:49,e편한세상송파파크센트럴,송파구,거여동,매매,중,84.95,25.7,220000,0,22.0,34F,,48948646,https://www.zigbang.com/home/apt/items/48948646
2026-05-21 06:08:49,e편한세상송파파크센트럴,송파구,거여동,매매,중,84.96,25.7,230000,0,23.0,34H,,48956956,https://www.zigbang.com/home/apt/items/48956956
2026-05-21 06:08:49,e편한세상송파파크센트럴,송파구,거여동,매매,24,113.63,34.37,230000,0,23.0,42A,,48956792,https://www.zigbang.com/home/apt/items/48956792
2026-05-21 06:08:49,e편한세상송파파크센트럴,송파구,거여동,매매,4,113.63,34.37,240000,0,24.0,42A,,48951837,https://www.zigbang.com/home/apt/items/48951837
2026-05-21 06:08:49,e편한세상송파파크센트럴,송파구,거여동,매매,24,113.18,34.24,240000,0,24.0,41B,,48951589,https://www.zigbang.com/home/apt/items/48951589
2026-05-21 06:08:49,거여역쌍용2차,송파구,거여동,매매,9,104.04,31.47,150000,0,15.0,38,,214999,https://www.zigbang.com/home/apt/items/214999
2026-05-21 06:08:49,송파레이크파크호반써밋1차,송파구,거여동,월세,중,108.8109,32.92,30000,280,3.0,41C,,48858512,https://www.zigbang.com/home/apt/items/48858512
2026-05-21 06:08:49,송파레이크파크호반써밋1차,송파구,거여동,전세,저,108.8119,32.92,110000,0,11.0,41A,,49079212,https://www.zigbang.com/home/apt/items/49079212
2026-05-21 06:08:49,송파레이크파크호반써밋1차,송파구,거여동,매매,중,108.8119,32.92,209000,0,20.9,41A,,48953113,https://www.zigbang.com/home/apt/items/48953113
2026-05-21 06:08:49,송파레이크파크호반써밋1차,송파구,거여동,매매,7,108.8119,32.92,209000,0,20.9,41A,,48858350,https://www.zigbang.com/home/apt/items/48858350
2026-05-21 06:08:49,송파레이크파크호반써밋1차,송파구,거여동,매매,중,108.8119,32.92,210000,0,21.0,41A,,48404828,https://www.zigbang.com/home/apt/items/48404828
2026-05-21 06:08:49,송파레이크파크호반써밋1차,송파구,거여동,매매,저,108.8119,32.92,220000,0,22.0,41A,,48975337,https://www.zigbang.com/home/apt/items/48975337
2026-05-21 06:08:49,송파레이크파크호반써밋2차,송파구,거여동,전세,중,108.8119,32.92,109000,0,10.9,41A,,48438291,https://www.zigbang.com/home/apt/items/48438291
2026-05-21 06:08:49,송파레이크파크호반써밋2차,송파구,거여동,매매,12,108.8109,32.92,234000,0,23.4,41C,,210298,https://www.zigbang.com/home/apt/items/210298
2026-05-21 06:08:49,송파레이크파크호반써밋2차,송파구,거여동,매매,중,108.8109,32.92,235000,0,23.5,41C,,48358222,https://www.zigbang.com/home/apt/items/48358222
2026-05-21 06:08:49,송파레이크파크호반써밋2차,송파구,거여동,매매,7,108.8119,32.92,240000,0,24.0,41A,,48143201,https://www.zigbang.com/home/apt/items/48143201
2026-05-21 06:08:49,송파레이크파크호반써밋2차,송파구,거여동,매매,중,108.8109,32.92,290000,0,29.0,41C,,46667888,https://www.zigbang.com/home/apt/items/46667888
2026-05-21 06:08:49,송파레이크힐,송파구,거여동,월세,5,74.93,22.67,30000,250,3.0,29D,,207668,https://www.zigbang.com/home/apt/items/207668
2026-05-21 06:08:49,송파레이크힐,송파구,거여동,월세,고,84.75,25.64,40000,240,4.0,33A,,48643096,https://www.zigbang.com/home/apt/items/48643096
2026-05-21 06:08:49,송파레이크힐,송파구,거여동,전세,저,84.75,25.64,100000,0,10.0,33A,,48942147,https://www.zigbang.com/home/apt/items/48942147
2026-05-21 06:08:49,송파레이크힐,송파구,거여동,전세,고,84.75,25.64,100000,0,10.0,33A,,48836507,https://www.zigbang.com/home/apt/items/48836507
2026-05-21 06:08:49,송파레이크힐,송파구,거여동,전세,고,84.75,25.64,100000,0,10.0,33A,,48765634,https://www.zigbang.com/home/apt/items/48765634
2026-05-21 06:08:49,송파레이크힐,송파구,거여동,매매,저,74.9,22.66,200000,0,20.0,29E,,49051584,https://www.zigbang.com/home/apt/items/49051584
2026-05-21 06:08:49,송파레이크힐,송파구,거여동,매매,중,74.96,22.68,200000,0,20.0,29B,,49051651,https://www.zigbang.com/home/apt/items/49051651
2026-05-21 06:08:49,송파시그니처롯데캐슬,송파구,거여동,전세,1,59.98,18.14,80000,0,8.0,25,,49065139,https://www.zigbang.com/home/apt/items/49065139
2026-05-21 06:08:49,송파시그니처롯데캐슬,송파구,거여동,전세,2,84.98,25.71,95000,0,9.5,33B,,49065233,https://www.zigbang.com/home/apt/items/49065233
2026-05-21 06:08:49,송파시그니처롯데캐슬,송파구,거여동,전세,3,84.98,25.71,100000,0,10.0,34C,,49065050,https://www.zigbang.com/home/apt/items/49065050
2026-05-21 06:08:49,송파시그니처롯데캐슬,송파구,거여동,매매,6,59.98,18.14,180000,0,18.0,25,,49081447,https://www.zigbang.com/home/apt/items/49081447
2026-05-21 06:08:49,송파시그니처롯데캐슬,송파구,거여동,매매,7,59.98,18.14,185000,0,18.5,26B,,49065090,https://www.zigbang.com/home/apt/items/49065090
2026-05-21 06:08:49,송파시그니처롯데캐슬,송파구,거여동,매매,23,59.98,18.14,190000,0,19.0,26B,,49081496,https://www.zigbang.com/home/apt/items/49081496
2026-05-21 06:08:49,송파시그니처롯데캐슬,송파구,거여동,매매,1,84.98,25.71,200000,0,20.0,33A,,49066189,https://www.zigbang.com/home/apt/items/49066189
2026-05-21 06:08:49,송파시그니처롯데캐슬,송파구,거여동,매매,14,84.98,25.71,205000,0,20.5,34C,,49018433,https://www.zigbang.com/home/apt/items/49018433
2026-05-21 06:08:49,송파시그니처롯데캐슬,송파구,거여동,매매,11,84.98,25.71,210000,0,21.0,34B,,49066240,https://www.zigbang.com/home/apt/items/49066240
2026-05-21 06:08:49,송파시그니처롯데캐슬,송파구,거여동,매매,15,84.98,25.71,212000,0,21.2,33A,,49066419,https://www.zigbang.com/home/apt/items/49066419
2026-05-21 06:08:49,송파시그니처롯데캐슬,송파구,거여동,매매,13,84.98,25.71,220000,0,22.0,34A,,49084517,https://www.zigbang.com/home/apt/items/49084517
2026-05-21 06:08:49,송파시그니처롯데캐슬,송파구,거여동,매매,11,84.98,25.71,220000,0,22.0,34A,,49081704,https://www.zigbang.com/home/apt/items/49081704
2026-05-21 06:08:49,송파시그니처롯데캐슬,송파구,거여동,매매,14,84.98,25.71,220000,0,22.0,34,,49066316,https://www.zigbang.com/home/apt/items/49066316
2026-05-21 06:08:49,송파시그니처롯데캐슬,송파구,거여동,매매,8,84.98,25.71,220000,0,22.0,33A,,49066115,https://www.zigbang.com/home/apt/items/49066115
2026-05-21 06:08:49,송파시그니처롯데캐슬,송파구,거여동,매매,31,84.98,25.71,225000,0,22.5,33A,,49065489,https://www.zigbang.com/home/apt/items/49065489
2026-05-21 06:08:49,송파시그니처롯데캐슬,송파구,거여동,매매,9,84.98,25.71,227000,0,22.7,34,,49081357,https://www.zigbang.com/home/apt/items/49081357
2026-05-21 06:08:49,송파시그니처롯데캐슬,송파구,거여동,매매,26,84.98,25.71,230000,0,23.0,33A,,49065572,https://www.zigbang.com/home/apt/items/49065572
2026-05-21 06:08:49,송파시그니처롯데캐슬,송파구,거여동,매매,9,84.98,25.71,230000,0,23.0,33A,,49018024,https://www.zigbang.com/home/apt/items/49018024
2026-05-21 06:08:49,송파시그니처롯데캐슬,송파구,거여동,매매,20,84.98,25.71,235000,0,23.5,33A,,49018671,https://www.zigbang.com/home/apt/items/49018671
2026-05-21 06:08:49,송파시그니처롯데캐슬,송파구,거여동,매매,13,84.98,25.71,235000,0,23.5,33A,,49018586,https://www.zigbang.com/home/apt/items/49018586
2026-05-21 06:08:49,송파시그니처롯데캐슬,송파구,거여동,매매,16,84.98,25.71,250000,0,25.0,34C,,49081734,https://www.zigbang.com/home/apt/items/49081734
2026-05-21 06:08:49,송파시그니처롯데캐슬,송파구,거여동,매매,11,84.98,25.71,250000,0,25.0,34,,49066380,https://www.zigbang.com/home/apt/items/49066380
2026-05-21 06:08:49,송파시그니처롯데캐슬,송파구,거여동,매매,30,84.98,25.71,250000,0,25.0,33B,,49065865,https://www.zigbang.com/home/apt/items/49065865
2026-05-21 06:08:49,송파시그니처롯데캐슬,송파구,거여동,매매,4,108.98,32.97,250000,0,25.0,41,,49018717,https://www.zigbang.com/home/apt/items/49018717
2026-05-21 06:08:49,송파시그니처롯데캐슬,송파구,거여동,매매,9,108.98,32.97,250000,0,25.0,41,,222145,https://www.zigbang.com/home/apt/items/222145
2026-05-21 06:08:49,송파시그니처롯데캐슬,송파구,거여동,매매,13,108.98,32.97,320000,0,32.0,41,,177300,https://www.zigbang.com/home/apt/items/177300
2026-05-21 06:08:49,송파위례리슈빌,송파구,거여동,전세,고,105.4624,31.9,100000,0,10.0,40,,48941408,https://www.zigbang.com/home/apt/items/48941408
2026-05-21 06:08:49,송파위례리슈빌,송파구,거여동,전세,중,116.6104,35.27,120000,0,12.0,44A,,47488103,https://www.zigbang.com/home/apt/items/47488103
2026-05-21 06:08:49,송파위례리슈빌,송파구,거여동,매매,중,111.5354,33.74,230000,0,23.0,42,,48427283,https://www.zigbang.com/home/apt/items/48427283
2026-05-21 06:08:49,송파위례리슈빌,송파구,거여동,매매,11,105.4624,31.9,240000,0,24.0,40,,234491,https://www.zigbang.com/home/apt/items/234491
2026-05-21 06:08:49,포레나송파,송파구,거여동,월세,중,80.77,24.43,20000,260,2.0,31B,,48955286,https://www.zigbang.com/home/apt/items/48955286
2026-05-21 06:08:49,포레나송파,송파구,거여동,월세,저,84.8,25.65,25000,280,2.5,33A,,48897977,https://www.zigbang.com/home/apt/items/48897977
2026-05-21 06:08:49,포레나송파,송파구,거여동,월세,중,80.72,24.42,70000,60,7.0,31D,,48762011,https://www.zigbang.com/home/apt/items/48762011
2026-05-21 06:08:49,포레나송파,송파구,거여동,전세,중,70.65,21.37,78000,0,7.8,28A,,49086353,https://www.zigbang.com/home/apt/items/49086353
2026-05-21 06:08:49,포레나송파,송파구,거여동,전세,고,75.91,22.96,85000,0,8.5,29A,,48794096,https://www.zigbang.com/home/apt/items/48794096
2026-05-21 06:08:49,포레나송파,송파구,거여동,전세,고,80.41,24.32,85000,0,8.5,31A,,48709026,https://www.zigbang.com/home/apt/items/48709026
2026-05-21 06:08:49,포레나송파,송파구,거여동,전세,중,80.72,24.42,85000,0,8.5,31D,,48696461,https://www.zigbang.com/home/apt/items/48696461
2026-05-21 06:08:49,포레나송파,송파구,거여동,전세,중,80.77,24.43,90000,0,9.0,31B,,48357863,https://www.zigbang.com/home/apt/items/48357863
2026-05-21 06:08:49,포레나송파,송파구,거여동,전세,저,75.6,22.87,90000,0,9.0,30B,,48963994,https://www.zigbang.com/home/apt/items/48963994
2026-05-21 06:08:49,포레나송파,송파구,거여동,전세,고,84.6,25.59,93000,0,9.3,33B,,49090912,https://www.zigbang.com/home/apt/items/49090912
2026-05-21 06:08:49,포레나송파,송파구,거여동,매매,중,66.83,20.22,185000,0,18.5,26A,,49009824,https://www.zigbang.com/home/apt/items/49009824
2026-05-21 06:08:49,포레나송파,송파구,거여동,매매,고,66.83,20.22,190000,0,19.0,26A,,49006956,https://www.zigbang.com/home/apt/items/49006956
2026-05-21 06:08:49,포레나송파,송파구,거여동,매매,중,70.95,21.46,190000,0,19.0,28B,,48502419,https://www.zigbang.com/home/apt/items/48502419
2026-05-21 06:08:49,포레나송파,송파구,거여동,매매,중,80.41,24.32,210000,0,21.0,31A,,48837040,https://www.zigbang.com/home/apt/items/48837040
2026-05-21 06:08:49,포레나송파,송파구,거여동,매매,고,84.8,25.65,215000,0,21.5,33A,,48918749,https://www.zigbang.com/home/apt/items/48918749
2026-05-21 06:08:49,포레나송파,송파구,거여동,매매,저,75.91,22.96,215000,0,21.5,29A,,48837369,https://www.zigbang.com/home/apt/items/48837369
2026-05-21 06:08:49,포레나송파,송파구,거여동,매매,고,75.91,22.96,215000,0,21.5,29A,,48121863,https://www.zigbang.com/home/apt/items/48121863
2026-05-21 06:08:49,포레나송파,송파구,거여동,매매,중,80.57,24.37,219000,0,21.9,31E,,48197567,https://www.zigbang.com/home/apt/items/48197567
2026-05-21 06:08:49,포레나송파,송파구,거여동,매매,고,80.41,24.32,220000,0,22.0,31A,,48144055,https://www.zigbang.com/home/apt/items/48144055
2026-05-21 06:08:49,포레나송파,송파구,거여동,매매,고,84.6,25.59,230000,0,23.0,33B,,49067653,https://www.zigbang.com/home/apt/items/49067653
2026-05-21 06:08:49,송파파크데일1단지,송파구,마천동,월세,9,84.13,25.45,40000,150,4.0,33,,48957236,https://www.zigbang.com/home/apt/items/48957236
2026-05-21 06:08:49,송파파크데일1단지,송파구,마천동,매매,5,84.99,25.71,136000,0,13.6,33A,,231184,https://www.zigbang.com/home/apt/items/231184
2026-05-21 06:08:49,송파파크데일2단지,송파구,마천동,매매,12,84.99,25.71,160000,0,16.0,34C,,180236,https://www.zigbang.com/home/apt/items/180236
2026-05-21 06:08:49,건영,송파구,문정동,매매,12,84.39,25.53,187000,0,18.7,31,,238764,https://www.zigbang.com/home/apt/items/238764
2026-05-21 06:08:49,문정동궁리치웰,송파구,문정동,매매,6,80.13,24.24,103000,0,10.3,27,,48048091,https://www.zigbang.com/home/apt/items/48048091
2026-05-21 06:08:49,문정래미안,송파구,문정동,매매,저,120.97,36.59,220000,0,22.0,44,,47035159,https://www.zigbang.com/home/apt/items/47035159
2026-05-21 06:08:49,문정래미안,송파구,문정동,매매,중,150.58,45.55,229000,0,22.9,54,,48216238,https://www.zigbang.com/home/apt/items/48216238
2026-05-21 06:08:49,문정래미안,송파구,문정동,매매,16,84.96,25.7,240000,0,24.0,34,,187441,https://www.zigbang.com/home/apt/items/187441
2026-05-21 06:08:49,문정래미안,송파구,문정동,매매,저,170.7,51.64,245000,0,24.5,60A,,49089400,https://www.zigbang.com/home/apt/items/49089400
2026-05-21 06:08:49,문정래미안,송파구,문정동,매매,7,133.29,40.32,300000,0,30.0,48,,193339,https://www.zigbang.com/home/apt/items/193339
2026-05-21 06:08:49,문정래미안,송파구,문정동,매매,8,133.29,40.32,300000,0,30.0,48,,48045843,https://www.zigbang.com/home/apt/items/48045843
2026-05-21 06:08:49,문정시영,송파구,문정동,매매,14,25.65,7.76,75000,0,7.5,11,,229201,https://www.zigbang.com/home/apt/items/229201
2026-05-21 06:08:49,문정시영,송파구,문정동,매매,중,25.65,7.76,76000,0,7.6,11,,48757157,https://www.zigbang.com/home/apt/items/48757157
2026-05-21 06:08:49,문정시영,송파구,문정동,매매,고,25.65,7.76,76000,0,7.6,11,,48508610,https://www.zigbang.com/home/apt/items/48508610
2026-05-21 06:08:49,문정시영,송파구,문정동,매매,6,35.46,10.73,95000,0,9.5,16,,214702,https://www.zigbang.com/home/apt/items/214702
2026-05-21 06:08:49,문정시영,송파구,문정동,매매,고,39.69,12.01,120000,0,12.0,18,,49053357,https://www.zigbang.com/home/apt/items/49053357
2026-05-21 06:08:49,문정시영,송파구,문정동,매매,중,46.26,13.99,150000,0,15.0,22,,48860863,https://www.zigbang.com/home/apt/items/48860863
2026-05-21 06:08:49,문정시영,송파구,문정동,매매,고,46.26,13.99,160000,0,16.0,22,,48705768,https://www.zigbang.com/home/apt/items/48705768
2026-05-21 06:08:49,송파파크하비오푸르지오,송파구,문정동,매매,4,84.9,25.68,205000,0,20.5,35C,,229581,https://www.zigbang.com/home/apt/items/229581
2026-05-21 06:08:49,송파파크하비오푸르지오,송파구,문정동,매매,11,84.97,25.7,210000,0,21.0,35A,,237833,https://www.zigbang.com/home/apt/items/237833
2026-05-21 06:08:49,송파파크하비오푸르지오,송파구,문정동,매매,중,84.97,25.7,215000,0,21.5,35A,,48279851,https://www.zigbang.com/home/apt/items/48279851
2026-05-21 06:08:49,송파파크하비오푸르지오,송파구,문정동,매매,중,84.99,25.71,220000,0,22.0,35E,,47369385,https://www.zigbang.com/home/apt/items/47369385
2026-05-21 06:08:49,송파파크하비오푸르지오,송파구,문정동,매매,14,84.97,25.7,230000,0,23.0,35A,,170944,https://www.zigbang.com/home/apt/items/170944
2026-05-21 06:08:49,송파파크하비오푸르지오,송파구,문정동,매매,17,84.97,25.7,230000,0,23.0,35A,,146797,https://www.zigbang.com/home/apt/items/146797
2026-05-21 06:08:49,트윈팰리스,송파구,문정동,매매,9,84.78,25.65,120000,0,12.0,31A,,212084,https://www.zigbang.com/home/apt/items/212084
2026-05-21 06:08:49,현대,송파구,문정동,매매,중,84.03,25.42,125000,0,12.5,31,,48941042,https://www.zigbang.com/home/apt/items/48941042
2026-05-21 06:08:49,힐스테이트e편한세상문정,송파구,문정동,월세,고,84.97,25.7,30000,340,3.0,35AB,,49066826,https://www.zigbang.com/home/apt/items/49066826
2026-05-21 06:08:49,힐스테이트e편한세상문정,송파구,문정동,월세,15,74.95,22.67,35000,250,3.5,31B,,48261043,https://www.zigbang.com/home/apt/items/48261043
2026-05-21 06:08:49,힐스테이트e편한세상문정,송파구,문정동,월세,고,74.43,22.51,35000,250,3.5,31C,,47785065,https://www.zigbang.com/home/apt/items/47785065
2026-05-21 06:08:49,힐스테이트e편한세상문정,송파구,문정동,월세,고,59.87,18.11,60000,90,6.0,24B,,48828886,https://www.zigbang.com/home/apt/items/48828886
2026-05-21 06:08:49,힐스테이트e편한세상문정,송파구,문정동,전세,고,49.4,14.94,75000,0,7.5,20B,,48388516,https://www.zigbang.com/home/apt/items/48388516
2026-05-21 06:08:49,힐스테이트e편한세상문정,송파구,문정동,전세,중,59.87,18.11,87000,0,8.7,24B,,48721050,https://www.zigbang.com/home/apt/items/48721050
2026-05-21 06:08:49,힐스테이트e편한세상문정,송파구,문정동,전세,고,74.43,22.51,95000,0,9.5,31C,,48694751,https://www.zigbang.com/home/apt/items/48694751
2026-05-21 06:08:49,힐스테이트e편한세상문정,송파구,문정동,매매,중,59.94,18.13,190000,0,19.0,25A,,49041612,https://www.zigbang.com/home/apt/items/49041612
2026-05-21 06:08:49,힐스테이트e편한세상문정,송파구,문정동,매매,중,59.94,18.13,190000,0,19.0,25A,,49041082,https://www.zigbang.com/home/apt/items/49041082
2026-05-21 06:08:49,힐스테이트e편한세상문정,송파구,문정동,매매,저,59.94,18.13,190000,0,19.0,25A,,48708784,https://www.zigbang.com/home/apt/items/48708784
2026-05-21 06:08:49,힐스테이트e편한세상문정,송파구,문정동,매매,저,59.94,18.13,190000,0,19.0,25A,,48318306,https://www.zigbang.com/home/apt/items/48318306
2026-05-21 06:08:49,힐스테이트e편한세상문정,송파구,문정동,매매,저,59.94,18.13,190000,0,19.0,25A,,48260534,https://www.zigbang.com/home/apt/items/48260534
2026-05-21 06:08:49,힐스테이트e편한세상문정,송파구,문정동,매매,중,59.94,18.13,190000,0,19.0,25A,,48231045,https://www.zigbang.com/home/apt/items/48231045
2026-05-21 06:08:49,힐스테이트e편한세상문정,송파구,문정동,매매,저,59.94,18.13,190000,0,19.0,25A,,48986238,https://www.zigbang.com/home/apt/items/48986238
2026-05-21 06:08:49,힐스테이트e편한세상문정,송파구,문정동,매매,고,59.94,18.13,200000,0,20.0,25A,,48243527,https://www.zigbang.com/home/apt/items/48243527
2026-05-21 06:08:49,힐스테이트e편한세상문정,송파구,문정동,매매,중,59.87,18.11,200000,0,20.0,24B,,48708342,https://www.zigbang.com/home/apt/items/48708342
2026-05-21 06:08:49,힐스테이트e편한세상문정,송파구,문정동,매매,중,74.95,22.67,215000,0,21.5,31B,,49095337,https://www.zigbang.com/home/apt/items/49095337
2026-05-21 06:08:49,힐스테이트e편한세상문정,송파구,문정동,매매,고,74.43,22.51,230000,0,23.0,31D,,49037503,https://www.zigbang.com/home/apt/items/49037503
2026-05-21 06:08:49,힐스테이트e편한세상문정,송파구,문정동,매매,중,74.95,22.67,230000,0,23.0,31B,,48757261,https://www.zigbang.com/home/apt/items/48757261
2026-05-21 06:08:49,힐스테이트e편한세상문정,송파구,문정동,매매,중,74.95,22.67,233000,0,23.3,31B,,49066975,https://www.zigbang.com/home/apt/items/49066975
2026-05-21 06:08:49,힐스테이트e편한세상문정,송파구,문정동,매매,13,74.95,22.67,235000,0,23.5,31B,,48434225,https://www.zigbang.com/home/apt/items/48434225
2026-05-21 06:08:49,대림,송파구,방이동,월세,고,84.91,25.69,1000,300,0.1,31,,48705659,https://www.zigbang.com/home/apt/items/48705659
2026-05-21 06:08:49,대림,송파구,방이동,매매,3,125.07,37.83,280000,0,28.0,44,,49089259,https://www.zigbang.com/home/apt/items/49089259
2026-05-21 06:08:49,대림,송파구,방이동,매매,10,125.07,37.83,300000,0,30.0,44,,49089262,https://www.zigbang.com/home/apt/items/49089262
2026-05-21 06:08:49,방이금호어울림,송파구,방이동,매매,3,84.3,25.5,150000,0,15.0,32,,49089375,https://www.zigbang.com/home/apt/items/49089375
2026-05-21 06:08:49,방이금호어울림,송파구,방이동,매매,8,84.3,25.5,160000,0,16.0,32,,233324,https://www.zigbang.com/home/apt/items/233324
2026-05-21 06:08:49,신동아타워,송파구,방이동,매매,17,80.13,24.24,98000,0,9.8,33,,213286,https://www.zigbang.com/home/apt/items/213286
2026-05-21 06:08:49,신동아타워,송파구,방이동,매매,11,80.13,24.24,125000,0,12.5,33,,137089,https://www.zigbang.com/home/apt/items/137089
2026-05-21 06:08:49,올림픽베어스타운,송파구,방이동,매매,저,59.37,17.96,130000,0,13.0,23,,48138060,https://www.zigbang.com/home/apt/items/48138060
2026-05-21 06:08:49,올림픽베어스타운,송파구,방이동,매매,중,59.37,17.96,132000,0,13.2,23,,48104594,https://www.zigbang.com/home/apt/items/48104594
2026-05-21 06:08:49,올림픽선수기자촌,송파구,방이동,매매,저,100.82,30.5,350000,0,35.0,40B,,49015195,https://www.zigbang.com/home/apt/items/49015195
2026-05-21 06:08:49,잠실3차한양,송파구,방이동,매매,10,126.9,38.39,260000,0,26.0,45,,49089266,https://www.zigbang.com/home/apt/items/49089266
2026-05-21 06:08:49,잠실3차한양,송파구,방이동,매매,9,146.96,44.46,295000,0,29.5,51,,223206,https://www.zigbang.com/home/apt/items/223206
2026-05-21 06:08:49,코오롱,송파구,방이동,매매,9,84.95,25.7,220000,0,22.0,33,,49089288,https://www.zigbang.com/home/apt/items/49089288
2026-05-21 06:08:49,코오롱,송파구,방이동,매매,10,84.95,25.7,230000,0,23.0,33,,234303,https://www.zigbang.com/home/apt/items/234303
2026-05-21 06:08:49,현대주상복합빌딩,송파구,방이동,월세,중,27.23,8.24,15000,40,1.5,12B,,48231429,https://www.zigbang.com/home/apt/items/48231429
2026-05-21 06:08:49,현대주상복합빌딩,송파구,방이동,매매,3,30.8,9.32,36000,0,3.6,14B,,221756,https://www.zigbang.com/home/apt/items/221756
2026-05-21 06:08:49,효성올림픽카운티,송파구,방이동,월세,6,38.22,11.56,10000,70,1.0,16,,238883,https://www.zigbang.com/home/apt/items/238883
2026-05-21 06:08:49,효성올림픽카운티,송파구,방이동,매매,18,38.7,11.71,31000,0,3.1,16,,195569,https://www.zigbang.com/home/apt/items/195569
2026-05-21 06:08:49,효성올림픽카운티,송파구,방이동,매매,14,38.22,11.56,34000,0,3.4,16,,209736,https://www.zigbang.com/home/apt/items/209736
2026-05-21 06:08:49,효성올림픽카운티,송파구,방이동,매매,17,38.7,11.71,34500,0,3.45,16,,209737,https://www.zigbang.com/home/apt/items/209737
2026-05-21 06:08:49,석촌예명,송파구,석촌동,매매,중,84.27,25.49,120000,0,12.0,35,,48682285,https://www.zigbang.com/home/apt/items/48682285
2026-05-21 06:08:49,석촌예명,송파구,석촌동,매매,고,59.75,18.07,140000,0,14.0,25,,48855127,https://www.zigbang.com/home/apt/items/48855127
2026-05-21 06:08:49,석촌예명,송파구,석촌동,매매,7,84.27,25.49,140000,0,14.0,35,,230562,https://www.zigbang.com/home/apt/items/230562
2026-05-21 06:08:49,잠실한솔,송파구,석촌동,매매,2,84.87,25.67,195000,0,19.5,33B,,217276,https://www.zigbang.com/home/apt/items/217276
2026-05-21 06:08:49,가락삼익맨숀,송파구,송파동,매매,고,84.82,25.66,270000,0,27.0,31,,49089387,https://www.zigbang.com/home/apt/items/49089387
2026-05-21 06:08:49,가락삼익맨숀,송파구,송파동,매매,중,108.33,32.77,275000,0,27.5,38,,49089389,https://www.zigbang.com/home/apt/items/49089389
2026-05-21 06:08:49,송파삼성래미안,송파구,송파동,매매,5,87.98,26.61,230000,0,23.0,36,,49089401,https://www.zigbang.com/home/apt/items/49089401
2026-05-21 06:08:49,송파센텀레이크,송파구,송파동,매매,3,69.4109,21.0,180000,0,18.0,25A3,,194534,https://www.zigbang.com/home/apt/items/194534
2026-05-21 06:08:49,현대,송파구,송파동,매매,저,84.96,25.7,200000,0,20.0,33,,49094082,https://www.zigbang.com/home/apt/items/49094082
2026-05-21 06:08:49,현대,송파구,송파동,매매,6,84.96,25.7,200000,0,20.0,33,,239406,https://www.zigbang.com/home/apt/items/239406
2026-05-21 06:08:49,호수임광,송파구,송파동,월세,중,56.6,17.12,50000,40,5.0,22,,48988701,https://www.zigbang.com/home/apt/items/48988701
2026-05-21 06:08:49,호수임광,송파구,송파동,월세,고,56.6,17.12,50000,60,5.0,22,,48950189,https://www.zigbang.com/home/apt/items/48950189
2026-05-21 06:08:49,호수임광,송파구,송파동,전세,저,56.6,17.12,63500,0,6.35,22,,48870856,https://www.zigbang.com/home/apt/items/48870856
2026-05-21 06:08:49,호수임광,송파구,송파동,전세,12,53.2,16.09,65000,0,6.5,21,,234408,https://www.zigbang.com/home/apt/items/234408
2026-05-21 06:08:49,웰리스타워,송파구,신천동,매매,중,154.57,46.76,210000,0,21.0,57,,48905252,https://www.zigbang.com/home/apt/items/48905252
2026-05-21 06:08:49,잠실래미안아이파크,송파구,신천동,월세,중,84.88,25.68,5000,420,0.5,34A,,48836234,https://www.zigbang.com/home/apt/items/48836234
2026-05-21 06:08:49,잠실래미안아이파크,송파구,신천동,월세,저,129.96,39.31,10000,200,1.0,50B,,48173734,https://www.zigbang.com/home/apt/items/48173734
2026-05-21 06:08:49,잠실래미안아이파크,송파구,신천동,월세,중,129.96,39.31,20000,160,2.0,50B,,48982704,https://www.zigbang.com/home/apt/items/48982704
2026-05-21 06:08:49,잠실래미안아이파크,송파구,신천동,월세,25,129.96,39.31,20000,180,2.0,50B,,48626517,https://www.zigbang.com/home/apt/items/48626517
2026-05-21 06:08:49,잠실래미안아이파크,송파구,신천동,월세,중,129.96,39.31,20000,180,2.0,50B,,49087072,https://www.zigbang.com/home/apt/items/49087072
2026-05-21 06:08:49,잠실래미안아이파크,송파구,신천동,월세,중,129.96,39.31,20000,160,2.0,50B,,48887517,https://www.zigbang.com/home/apt/items/48887517
2026-05-21 06:08:49,잠실래미안아이파크,송파구,신천동,월세,중,84.96,25.7,20000,460,2.0,34D,,48430073,https://www.zigbang.com/home/apt/items/48430073
2026-05-21 06:08:49,잠실래미안아이파크,송파구,신천동,월세,중,129.96,39.31,20000,580,2.0,50B,,48173736,https://www.zigbang.com/home/apt/items/48173736
2026-05-21 06:08:49,잠실래미안아이파크,송파구,신천동,월세,고,59.47,17.99,20000,350,2.0,27A,,48173729,https://www.zigbang.com/home/apt/items/48173729
2026-05-21 06:08:49,잠실래미안아이파크,송파구,신천동,월세,고,157.92,47.77,20000,280,2.0,62B,,47909780,https://www.zigbang.com/home/apt/items/47909780
2026-05-21 06:08:49,잠실래미안아이파크,송파구,신천동,월세,저,129.96,39.31,20000,190,2.0,50B,,47519793,https://www.zigbang.com/home/apt/items/47519793
2026-05-21 06:08:49,잠실래미안아이파크,송파구,신천동,월세,고,84.96,25.7,30000,560,3.0,34D,,48865229,https://www.zigbang.com/home/apt/items/48865229
2026-05-21 06:08:49,잠실래미안아이파크,송파구,신천동,월세,중,157.92,47.77,30000,320,3.0,62B,,48834406,https://www.zigbang.com/home/apt/items/48834406
2026-05-21 06:08:49,잠실래미안아이파크,송파구,신천동,월세,중,129.96,39.31,30000,140,3.0,50B,,48789219,https://www.zigbang.com/home/apt/items/48789219
2026-05-21 06:08:49,잠실래미안아이파크,송파구,신천동,월세,중,129.96,39.31,45000,60,4.5,50B,,48992277,https://www.zigbang.com/home/apt/items/48992277
2026-05-21 06:08:49,잠실래미안아이파크,송파구,신천동,월세,저,84.99,25.71,50000,440,5.0,34C,,49023781,https://www.zigbang.com/home/apt/items/49023781
2026-05-21 06:08:49,잠실래미안아이파크,송파구,신천동,월세,중,59.46,17.99,50000,220,5.0,27C,,48430055,https://www.zigbang.com/home/apt/items/48430055
2026-05-21 06:08:49,잠실래미안아이파크,송파구,신천동,월세,고,59.47,17.99,50000,220,5.0,27A,,47957920,https://www.zigbang.com/home/apt/items/47957920
2026-05-21 06:08:49,잠실래미안아이파크,송파구,신천동,월세,중,43.73,13.23,50000,150,5.0,21,,47618140,https://www.zigbang.com/home/apt/items/47618140
2026-05-21 06:08:49,잠실래미안아이파크,송파구,신천동,월세,고,59.47,17.99,50000,280,5.0,27A,,47451692,https://www.zigbang.com/home/apt/items/47451692
2026-05-21 06:08:49,잠실래미안아이파크,송파구,신천동,월세,중,104.32,31.56,55000,480,5.5,41B,,47514739,https://www.zigbang.com/home/apt/items/47514739
2026-05-21 06:08:49,잠실래미안아이파크,송파구,신천동,전세,저,129.96,39.31,60000,0,6.0,50B,,48173733,https://www.zigbang.com/home/apt/items/48173733
2026-05-21 06:08:49,잠실래미안아이파크,송파구,신천동,월세,고,59.47,17.99,60000,220,6.0,27A,,47340264,https://www.zigbang.com/home/apt/items/47340264
2026-05-21 06:08:49,잠실래미안아이파크,송파구,신천동,전세,중,129.96,39.31,65000,0,6.5,50B,,47340284,https://www.zigbang.com/home/apt/items/47340284
2026-05-21 06:08:49,잠실래미안아이파크,송파구,신천동,월세,중,59.46,17.99,65000,200,6.5,27C,,47568769,https://www.zigbang.com/home/apt/items/47568769
2026-05-21 06:08:49,잠실래미안아이파크,송파구,신천동,월세,중,84.88,25.68,70000,320,7.0,34A,,48859907,https://www.zigbang.com/home/apt/items/48859907
2026-05-21 06:08:49,잠실래미안아이파크,송파구,신천동,월세,저,118,35.69,70000,720,7.0,46C,,48865333,https://www.zigbang.com/home/apt/items/48865333
2026-05-21 06:08:49,잠실래미안아이파크,송파구,신천동,전세,고,129.96,39.31,70000,0,7.0,50B,,48786871,https://www.zigbang.com/home/apt/items/48786871
2026-05-21 06:08:49,잠실래미안아이파크,송파구,신천동,월세,중,104.32,31.56,70000,480,7.0,41B,,48876560,https://www.zigbang.com/home/apt/items/48876560
2026-05-21 06:08:49,잠실래미안아이파크,송파구,신천동,전세,중,129.96,39.31,70000,0,7.0,50B,,48789161,https://www.zigbang.com/home/apt/items/48789161
2026-05-21 06:08:49,잠실래미안아이파크,송파구,신천동,월세,고,74.92,22.66,70000,280,7.0,32C,,48430058,https://www.zigbang.com/home/apt/items/48430058
2026-05-21 06:08:49,잠실래미안아이파크,송파구,신천동,월세,저,43.73,13.23,75000,70,7.5,21,,47781694,https://www.zigbang.com/home/apt/items/47781694
2026-05-21 06:08:49,잠실래미안아이파크,송파구,신천동,전세,중,43.73,13.23,75000,0,7.5,21,,48328959,https://www.zigbang.com/home/apt/items/48328959
2026-05-21 06:08:49,잠실래미안아이파크,송파구,신천동,월세,중,118,35.69,80000,560,8.0,46A,,49023727,https://www.zigbang.com/home/apt/items/49023727
2026-05-21 06:08:49,잠실래미안아이파크,송파구,신천동,월세,중,129.96,39.31,80000,600,8.0,50C,,48876714,https://www.zigbang.com/home/apt/items/48876714
2026-05-21 06:08:49,잠실래미안아이파크,송파구,신천동,월세,고,59.46,17.99,80000,120,8.0,27C,,47568768,https://www.zigbang.com/home/apt/items/47568768
2026-05-21 06:08:49,잠실래미안아이파크,송파구,신천동,전세,저,43.73,13.23,85000,0,8.5,21,,47340308,https://www.zigbang.com/home/apt/items/47340308
2026-05-21 06:08:49,잠실래미안아이파크,송파구,신천동,월세,저,84.96,25.7,90000,120,9.0,34D,,48613790,https://www.zigbang.com/home/apt/items/48613790
2026-05-21 06:08:49,잠실래미안아이파크,송파구,신천동,월세,고,59.46,17.99,90000,160,9.0,27C,,48136631,https://www.zigbang.com/home/apt/items/48136631
2026-05-21 06:08:49,잠실래미안아이파크,송파구,신천동,월세,고,84.96,25.7,90000,200,9.0,34D,,48360403,https://www.zigbang.com/home/apt/items/48360403
2026-05-21 06:08:49,잠실래미안아이파크,송파구,신천동,월세,고,84.99,25.71,90000,220,9.0,34C,,47383956,https://www.zigbang.com/home/apt/items/47383956
2026-05-21 06:08:49,잠실래미안아이파크,송파구,신천동,전세,중,43.73,13.23,90000,0,9.0,21,,46697297,https://www.zigbang.com/home/apt/items/46697297
2026-05-21 06:08:49,잠실래미안아이파크,송파구,신천동,월세,고,84.99,25.71,100000,200,10.0,34C,,48940958,https://www.zigbang.com/home/apt/items/48940958
2026-05-21 06:08:49,잠실래미안아이파크,송파구,신천동,월세,고,74.94,22.67,100000,240,10.0,32B,,48884094,https://www.zigbang.com/home/apt/items/48884094
2026-05-21 06:08:49,잠실래미안아이파크,송파구,신천동,월세,중,118,35.69,100000,480,10.0,46A,,48866238,https://www.zigbang.com/home/apt/items/48866238
2026-05-21 06:08:49,잠실래미안아이파크,송파구,신천동,전세,중,43.73,13.23,100000,0,10.0,21,,48598334,https://www.zigbang.com/home/apt/items/48598334
2026-05-21 06:08:49,잠실래미안아이파크,송파구,신천동,월세,저,157.92,47.77,100000,400,10.0,62B,,49031428,https://www.zigbang.com/home/apt/items/49031428
2026-05-21 06:08:49,잠실래미안아이파크,송파구,신천동,월세,고,129.97,39.32,100000,720,10.0,50A,,48173737,https://www.zigbang.com/home/apt/items/48173737
2026-05-21 06:08:49,잠실래미안아이파크,송파구,신천동,월세,중,84.96,25.7,100000,140,10.0,34D,,48173732,https://www.zigbang.com/home/apt/items/48173732
2026-05-21 06:08:49,잠실래미안아이파크,송파구,신천동,전세,고,59.45,17.98,105000,0,10.5,26B,,48328937,https://www.zigbang.com/home/apt/items/48328937
2026-05-21 06:08:49,잠실래미안아이파크,송파구,신천동,전세,중,59.46,17.99,107000,0,10.7,27C,,48430035,https://www.zigbang.com/home/apt/items/48430035
2026-05-21 06:08:49,잠실래미안아이파크,송파구,신천동,전세,고,59.46,17.99,108000,0,10.8,27C,,48173728,https://www.zigbang.com/home/apt/items/48173728
2026-05-21 06:08:49,잠실래미안아이파크,송파구,신천동,전세,고,59.46,17.99,118000,0,11.8,27C,,47381650,https://www.zigbang.com/home/apt/items/47381650
2026-05-21 06:08:49,잠실래미안아이파크,송파구,신천동,월세,저,104.32,31.56,120000,320,12.0,41B,,48911516,https://www.zigbang.com/home/apt/items/48911516
2026-05-21 06:08:49,잠실래미안아이파크,송파구,신천동,전세,저,84.96,25.7,125000,0,12.5,34D,,48826472,https://www.zigbang.com/home/apt/items/48826472
2026-05-21 06:08:49,잠실래미안아이파크,송파구,신천동,전세,저,84.88,25.68,125000,0,12.5,34A,,48799272,https://www.zigbang.com/home/apt/items/48799272
2026-05-21 06:08:49,잠실래미안아이파크,송파구,신천동,전세,중,84.96,25.7,125000,0,12.5,34D,,48496717,https://www.zigbang.com/home/apt/items/48496717
2026-05-21 06:08:49,잠실래미안아이파크,송파구,신천동,전세,중,59.46,17.99,128000,0,12.8,27C,,48946348,https://www.zigbang.com/home/apt/items/48946348
2026-05-21 06:08:49,잠실래미안아이파크,송파구,신천동,전세,중,84.96,25.7,130000,0,13.0,34D,,48496651,https://www.zigbang.com/home/apt/items/48496651
2026-05-21 06:08:49,잠실래미안아이파크,송파구,신천동,전세,고,59.46,17.99,130000,0,13.0,27C,,48136617,https://www.zigbang.com/home/apt/items/48136617
2026-05-21 06:08:49,잠실래미안아이파크,송파구,신천동,전세,중,84.99,25.71,130000,0,13.0,34C,,48430033,https://www.zigbang.com/home/apt/items/48430033
2026-05-21 06:08:49,잠실래미안아이파크,송파구,신천동,전세,중,84.88,25.68,130000,0,13.0,34A,,48173727,https://www.zigbang.com/home/apt/items/48173727
2026-05-21 06:08:49,잠실래미안아이파크,송파구,신천동,전세,고,84.88,25.68,140000,0,14.0,34A,,48871750,https://www.zigbang.com/home/apt/items/48871750
2026-05-21 06:08:49,잠실래미안아이파크,송파구,신천동,월세,중,118,35.69,140000,320,14.0,46B,,47052535,https://www.zigbang.com/home/apt/items/47052535
2026-05-21 06:08:49,잠실래미안아이파크,송파구,신천동,전세,중,59.45,17.98,140000,0,14.0,26B,,47925996,https://www.zigbang.com/home/apt/items/47925996
2026-05-21 06:08:49,잠실래미안아이파크,송파구,신천동,전세,고,84.88,25.68,140000,0,14.0,34A,,47340488,https://www.zigbang.com/home/apt/items/47340488
2026-05-21 06:08:49,잠실래미안아이파크,송파구,신천동,전세,중,84.96,25.7,142000,0,14.2,34D,,47324871,https://www.zigbang.com/home/apt/items/47324871
2026-05-21 06:08:49,잠실래미안아이파크,송파구,신천동,전세,중,84.96,25.7,150000,0,15.0,34D,,48975392,https://www.zigbang.com/home/apt/items/48975392
2026-05-21 06:08:49,잠실래미안아이파크,송파구,신천동,전세,고,74.94,22.67,155000,0,15.5,32B,,48878979,https://www.zigbang.com/home/apt/items/48878979
2026-05-21 06:08:49,잠실래미안아이파크,송파구,신천동,전세,저,84.88,25.68,155000,0,15.5,34A,,48871158,https://www.zigbang.com/home/apt/items/48871158
2026-05-21 06:08:49,잠실래미안아이파크,송파구,신천동,전세,중,104.24,31.53,160000,0,16.0,41D,,46940895,https://www.zigbang.com/home/apt/items/46940895
2026-05-21 06:08:49,잠실래미안아이파크,송파구,신천동,전세,고,84.96,25.7,160000,0,16.0,34D,,48604380,https://www.zigbang.com/home/apt/items/48604380
2026-05-21 06:08:49,잠실래미안아이파크,송파구,신천동,전세,저,129.96,39.31,160000,0,16.0,50B,,48173740,https://www.zigbang.com/home/apt/items/48173740
2026-05-21 06:08:49,잠실래미안아이파크,송파구,신천동,전세,저,84.88,25.68,170000,0,17.0,34A,,48871449,https://www.zigbang.com/home/apt/items/48871449
2026-05-21 06:08:49,잠실래미안아이파크,송파구,신천동,전세,중,104.32,31.56,170000,0,17.0,41A,,48249538,https://www.zigbang.com/home/apt/items/48249538
2026-05-21 06:08:49,잠실래미안아이파크,송파구,신천동,전세,저,118,35.69,180000,0,18.0,46C,,48430038,https://www.zigbang.com/home/apt/items/48430038
2026-05-21 06:08:49,잠실래미안아이파크,송파구,신천동,전세,중,104.24,31.53,185000,0,18.5,41D,,47383418,https://www.zigbang.com/home/apt/items/47383418
2026-05-21 06:08:49,잠실래미안아이파크,송파구,신천동,전세,19,129.96,39.31,190000,0,19.0,50B,,223526,https://www.zigbang.com/home/apt/items/223526
2026-05-21 06:08:49,잠실래미안아이파크,송파구,신천동,월세,고,118,35.69,190000,100,19.0,46C,,48948774,https://www.zigbang.com/home/apt/items/48948774
2026-05-21 06:08:49,잠실래미안아이파크,송파구,신천동,월세,중,118,35.69,190000,120,19.0,46C,,49061999,https://www.zigbang.com/home/apt/items/49061999
2026-05-21 06:08:49,잠실래미안아이파크,송파구,신천동,전세,저,157.92,47.77,200000,0,20.0,62B,,49023793,https://www.zigbang.com/home/apt/items/49023793
2026-05-21 06:08:49,잠실래미안아이파크,송파구,신천동,전세,저,157.92,47.77,200000,0,20.0,62B,,49023789,https://www.zigbang.com/home/apt/items/49023789
2026-05-21 06:08:49,잠실래미안아이파크,송파구,신천동,전세,고,129.97,39.32,200000,0,20.0,50A,,47383532,https://www.zigbang.com/home/apt/items/47383532
2026-05-21 06:08:49,잠실래미안아이파크,송파구,신천동,전세,중,118,35.69,210000,0,21.0,46C,,48947162,https://www.zigbang.com/home/apt/items/48947162
2026-05-21 06:08:49,잠실래미안아이파크,송파구,신천동,전세,저,157.92,47.77,220000,0,22.0,62A,,48879626,https://www.zigbang.com/home/apt/items/48879626
2026-05-21 06:08:49,잠실래미안아이파크,송파구,신천동,전세,저,157.92,47.77,220000,0,22.0,62B,,48864721,https://www.zigbang.com/home/apt/items/48864721
2026-05-21 06:08:49,잠실래미안아이파크,송파구,신천동,전세,18,118,35.69,220000,0,22.0,46C,,48846186,https://www.zigbang.com/home/apt/items/48846186
2026-05-21 06:08:49,잠실래미안아이파크,송파구,신천동,전세,고,129.96,39.31,230000,0,23.0,50C,,49023718,https://www.zigbang.com/home/apt/items/49023718
2026-05-21 06:08:49,잠실래미안아이파크,송파구,신천동,전세,중,118,35.69,230000,0,23.0,46C,,48884732,https://www.zigbang.com/home/apt/items/48884732
2026-05-21 06:08:49,잠실래미안아이파크,송파구,신천동,전세,중,118,35.69,230000,0,23.0,46A,,48887758,https://www.zigbang.com/home/apt/items/48887758
2026-05-21 06:08:49,잠실래미안아이파크,송파구,신천동,전세,중,129.96,39.31,230000,0,23.0,50B,,48778734,https://www.zigbang.com/home/apt/items/48778734
2026-05-21 06:08:49,잠실래미안아이파크,송파구,신천동,전세,고,118,35.69,230000,0,23.0,46C,,48430063,https://www.zigbang.com/home/apt/items/48430063
2026-05-21 06:08:49,잠실래미안아이파크,송파구,신천동,전세,중,129.96,39.31,245000,0,24.5,50B,,48865669,https://www.zigbang.com/home/apt/items/48865669
2026-05-21 06:08:49,잠실래미안아이파크,송파구,신천동,매매,중,43.73,13.23,245000,0,24.5,21,,49011465,https://www.zigbang.com/home/apt/items/49011465
2026-05-21 06:08:49,잠실래미안아이파크,송파구,신천동,매매,중,43.73,13.23,250000,0,25.0,21,,48862085,https://www.zigbang.com/home/apt/items/48862085
2026-05-21 06:08:49,잠실래미안아이파크,송파구,신천동,월세,고,157.92,47.77,250000,400,25.0,62B,,48533812,https://www.zigbang.com/home/apt/items/48533812
2026-05-21 06:08:49,잠실래미안아이파크,송파구,신천동,매매,중,43.73,13.23,255000,0,25.5,21,,48959056,https://www.zigbang.com/home/apt/items/48959056
2026-05-21 06:08:49,잠실래미안아이파크,송파구,신천동,전세,중,129.96,39.31,300000,0,30.0,50C,,49023702,https://www.zigbang.com/home/apt/items/49023702
2026-05-21 06:08:49,잠실래미안아이파크,송파구,신천동,전세,4,157.92,47.77,300000,0,30.0,62A,,48860265,https://www.zigbang.com/home/apt/items/48860265
2026-05-21 06:08:49,잠실래미안아이파크,송파구,신천동,매매,중,59.46,17.99,305000,0,30.5,27C,,48698944,https://www.zigbang.com/home/apt/items/48698944
2026-05-21 06:08:49,잠실래미안아이파크,송파구,신천동,매매,고,59.46,17.99,320000,0,32.0,27C,,48585648,https://www.zigbang.com/home/apt/items/48585648
2026-05-21 06:08:49,잠실래미안아이파크,송파구,신천동,매매,중,59.46,17.99,320000,0,32.0,27C,,48585505,https://www.zigbang.com/home/apt/items/48585505
2026-05-21 06:08:49,잠실래미안아이파크,송파구,신천동,매매,중,59.46,17.99,323000,0,32.3,27C,,48884211,https://www.zigbang.com/home/apt/items/48884211
2026-05-21 06:08:49,잠실래미안아이파크,송파구,신천동,매매,중,59.46,17.99,325000,0,32.5,27C,,48903357,https://www.zigbang.com/home/apt/items/48903357
2026-05-21 06:08:49,잠실래미안아이파크,송파구,신천동,매매,중,59.46,17.99,325000,0,32.5,27C,,48804079,https://www.zigbang.com/home/apt/items/48804079
2026-05-21 06:08:49,잠실래미안아이파크,송파구,신천동,매매,중,59.47,17.99,325000,0,32.5,27A,,48665066,https://www.zigbang.com/home/apt/items/48665066
2026-05-21 06:08:49,잠실래미안아이파크,송파구,신천동,전세,중,157.92,47.77,330000,0,33.0,62B,,48496222,https://www.zigbang.com/home/apt/items/48496222
2026-05-21 06:08:49,잠실래미안아이파크,송파구,신천동,전세,고,157.92,47.77,350000,0,35.0,62B,,48772632,https://www.zigbang.com/home/apt/items/48772632
2026-05-21 06:08:49,잠실래미안아이파크,송파구,신천동,매매,중,74.96,22.68,360000,0,36.0,32A,,49011468,https://www.zigbang.com/home/apt/items/49011468
2026-05-21 06:08:49,잠실래미안아이파크,송파구,신천동,매매,중,84.96,25.7,390000,0,39.0,34D,,49078340,https://www.zigbang.com/home/apt/items/49078340
2026-05-21 06:08:49,잠실래미안아이파크,송파구,신천동,매매,저,84.99,25.71,400000,0,40.0,34C,,48695991,https://www.zigbang.com/home/apt/items/48695991
2026-05-21 06:08:49,잠실래미안아이파크,송파구,신천동,매매,고,74.96,22.68,400000,0,40.0,32A,,47516656,https://www.zigbang.com/home/apt/items/47516656
2026-05-21 06:08:49,잠실래미안아이파크,송파구,신천동,매매,중,84.99,25.71,420000,0,42.0,34C,,48954004,https://www.zigbang.com/home/apt/items/48954004
2026-05-21 06:08:49,잠실래미안아이파크,송파구,신천동,매매,중,84.88,25.68,420000,0,42.0,34A,,48885708,https://www.zigbang.com/home/apt/items/48885708
2026-05-21 06:08:49,잠실래미안아이파크,송파구,신천동,매매,고,84.99,25.71,420000,0,42.0,34B,,48879467,https://www.zigbang.com/home/apt/items/48879467
2026-05-21 06:08:49,잠실래미안아이파크,송파구,신천동,매매,고,84.88,25.68,420000,0,42.0,34A,,48854966,https://www.zigbang.com/home/apt/items/48854966
2026-05-21 06:08:49,잠실래미안아이파크,송파구,신천동,매매,고,84.99,25.71,420000,0,42.0,34B,,48870895,https://www.zigbang.com/home/apt/items/48870895
2026-05-21 06:08:49,잠실래미안아이파크,송파구,신천동,매매,중,84.99,25.71,420000,0,42.0,34C,,48656028,https://www.zigbang.com/home/apt/items/48656028
2026-05-21 06:08:49,잠실래미안아이파크,송파구,신천동,매매,고,84.99,25.71,420000,0,42.0,34B,,48617862,https://www.zigbang.com/home/apt/items/48617862
2026-05-21 06:08:49,잠실래미안아이파크,송파구,신천동,매매,중,84.88,25.68,420000,0,42.0,34A,,48610756,https://www.zigbang.com/home/apt/items/48610756
2026-05-21 06:08:49,잠실래미안아이파크,송파구,신천동,매매,중,84.88,25.68,420000,0,42.0,34A,,48606756,https://www.zigbang.com/home/apt/items/48606756
2026-05-21 06:08:49,잠실래미안아이파크,송파구,신천동,매매,고,84.99,25.71,420000,0,42.0,34C,,48874881,https://www.zigbang.com/home/apt/items/48874881
2026-05-21 06:08:49,잠실래미안아이파크,송파구,신천동,매매,중,84.99,25.71,420000,0,42.0,34B,,49011474,https://www.zigbang.com/home/apt/items/49011474
2026-05-21 06:08:49,잠실래미안아이파크,송파구,신천동,매매,고,84.96,25.7,430000,0,43.0,34D,,49094949,https://www.zigbang.com/home/apt/items/49094949
2026-05-21 06:08:49,잠실래미안아이파크,송파구,신천동,매매,저,84.88,25.68,430000,0,43.0,34A,,48430051,https://www.zigbang.com/home/apt/items/48430051
2026-05-21 06:08:49,잠실래미안아이파크,송파구,신천동,매매,고,84.88,25.68,450000,0,45.0,34A,,48929366,https://www.zigbang.com/home/apt/items/48929366
2026-05-21 06:08:49,잠실래미안아이파크,송파구,신천동,매매,중,84.88,25.68,460000,0,46.0,34A,,49023801,https://www.zigbang.com/home/apt/items/49023801
2026-05-21 06:08:49,잠실래미안아이파크,송파구,신천동,매매,고,84.96,25.7,470000,0,47.0,34D,,48929537,https://www.zigbang.com/home/apt/items/48929537
2026-05-21 06:08:49,잠실래미안아이파크,송파구,신천동,매매,중,104.24,31.53,500000,0,50.0,41D,,48864461,https://www.zigbang.com/home/apt/items/48864461
2026-05-21 06:08:49,잠실래미안아이파크,송파구,신천동,매매,저,118,35.69,550000,0,55.0,46C,,49023750,https://www.zigbang.com/home/apt/items/49023750
2026-05-21 06:08:49,잠실래미안아이파크,송파구,신천동,매매,저,129.96,39.31,550000,0,55.0,50B,,48804014,https://www.zigbang.com/home/apt/items/48804014
2026-05-21 06:08:49,잠실래미안아이파크,송파구,신천동,매매,중,104.32,31.56,550000,0,55.0,41C,,48839051,https://www.zigbang.com/home/apt/items/48839051
2026-05-21 06:08:49,잠실래미안아이파크,송파구,신천동,매매,저,118,35.69,580000,0,58.0,46B,,48879197,https://www.zigbang.com/home/apt/items/48879197
2026-05-21 06:08:49,잠실래미안아이파크,송파구,신천동,매매,저,157.92,47.77,620000,0,62.0,62A,,48936249,https://www.zigbang.com/home/apt/items/48936249
2026-05-21 06:08:49,잠실래미안아이파크,송파구,신천동,매매,중,157.92,47.77,630000,0,63.0,62A,,47386979,https://www.zigbang.com/home/apt/items/47386979
2026-05-21 06:08:49,잠실래미안아이파크,송파구,신천동,매매,저,157.92,47.77,650000,0,65.0,62B,,48923619,https://www.zigbang.com/home/apt/items/48923619
2026-05-21 06:08:49,잠실래미안아이파크,송파구,신천동,매매,저,157.92,47.77,675000,0,67.5,62A,,48884440,https://www.zigbang.com/home/apt/items/48884440
2026-05-21 06:08:49,잠실래미안아이파크,송파구,신천동,매매,저,157.92,47.77,750000,0,75.0,62A,,49023672,https://www.zigbang.com/home/apt/items/49023672
2026-05-21 06:08:49,잠실래미안아이파크,송파구,신천동,매매,고,157.92,47.77,790000,0,79.0,62A,,48879079,https://www.zigbang.com/home/apt/items/48879079
2026-05-21 06:08:49,잠실래미안아이파크,송파구,신천동,매매,고,157.92,47.77,790000,0,79.0,62B,,48830278,https://www.zigbang.com/home/apt/items/48830278
2026-05-21 06:08:49,잠실롯데캐슬골드,송파구,신천동,전세,중,166.7,50.43,150000,0,15.0,65A,,49061657,https://www.zigbang.com/home/apt/items/49061657
2026-05-21 06:08:49,잠실롯데캐슬골드,송파구,신천동,전세,고,243.4,73.63,410000,0,41.0,94,,47526595,https://www.zigbang.com/home/apt/items/47526595
2026-05-21 06:08:49,잠실롯데캐슬골드,송파구,신천동,매매,고,187.65,56.76,620000,0,62.0,73,,48346565,https://www.zigbang.com/home/apt/items/48346565
2026-05-21 06:08:49,잠실롯데캐슬골드,송파구,신천동,매매,고,243.4,73.63,900000,0,90.0,94,,48706777,https://www.zigbang.com/home/apt/items/48706777
2026-05-21 06:08:49,잠실르엘,송파구,신천동,월세,중,74.37,22.5,10000,520,1.0,30A,,48614836,https://www.zigbang.com/home/apt/items/48614836
2026-05-21 06:08:49,잠실르엘,송파구,신천동,월세,저,106.82,32.31,10000,750,1.0,42,,46707767,https://www.zigbang.com/home/apt/items/46707767
2026-05-21 06:08:49,잠실르엘,송파구,신천동,월세,중,59.87,18.11,10000,500,1.0,25A,,48835778,https://www.zigbang.com/home/apt/items/48835778
2026-05-21 06:08:49,잠실르엘,송파구,신천동,월세,중,51.9095,15.7,15000,380,1.5,23,,48260807,https://www.zigbang.com/home/apt/items/48260807
2026-05-21 06:08:49,잠실르엘,송파구,신천동,월세,저,59.87,18.11,20000,460,2.0,25A,,48866951,https://www.zigbang.com/home/apt/items/48866951
2026-05-21 06:08:49,잠실르엘,송파구,신천동,월세,중,84.81,25.65,20000,680,2.0,33B,,49023832,https://www.zigbang.com/home/apt/items/49023832
2026-05-21 06:08:49,잠실르엘,송파구,신천동,월세,중,84.81,25.65,20000,630,2.0,33B,,48953426,https://www.zigbang.com/home/apt/items/48953426
2026-05-21 06:08:49,잠실르엘,송파구,신천동,월세,고,74.2804,22.47,20000,380,2.0,30B,,48360376,https://www.zigbang.com/home/apt/items/48360376
2026-05-21 06:08:49,잠실르엘,송파구,신천동,월세,저,51.9095,15.7,20000,340,2.0,23,,48173751,https://www.zigbang.com/home/apt/items/48173751
2026-05-21 06:08:49,잠실르엘,송파구,신천동,월세,중,59.87,18.11,20000,420,2.0,25A,,47679534,https://www.zigbang.com/home/apt/items/47679534
2026-05-21 06:08:49,잠실르엘,송파구,신천동,월세,중,95.07,28.76,20000,540,2.0,37,,47448052,https://www.zigbang.com/home/apt/items/47448052
2026-05-21 06:08:49,잠실르엘,송파구,신천동,월세,중,59.87,18.11,20000,340,2.0,25A,,47243097,https://www.zigbang.com/home/apt/items/47243097
2026-05-21 06:08:49,잠실르엘,송파구,신천동,월세,중,74.2804,22.47,30000,460,3.0,30B,,47901442,https://www.zigbang.com/home/apt/items/47901442
2026-05-21 06:08:49,잠실르엘,송파구,신천동,월세,저,51.9095,15.7,30000,380,3.0,23,,49023880,https://www.zigbang.com/home/apt/items/49023880
2026-05-21 06:08:49,잠실르엘,송파구,신천동,월세,중,51.9095,15.7,30000,360,3.0,23,,48953240,https://www.zigbang.com/home/apt/items/48953240
2026-05-21 06:08:49,잠실르엘,송파구,신천동,월세,중,59.87,18.11,30000,360,3.0,25A,,47340391,https://www.zigbang.com/home/apt/items/47340391
2026-05-21 06:08:49,잠실르엘,송파구,신천동,월세,중,74.37,22.5,40000,380,4.0,30A,,48598234,https://www.zigbang.com/home/apt/items/48598234
2026-05-21 06:08:49,잠실르엘,송파구,신천동,월세,고,45.967,13.9,40000,250,4.0,20,,48173747,https://www.zigbang.com/home/apt/items/48173747
2026-05-21 06:08:49,잠실르엘,송파구,신천동,월세,중,84.83,25.66,50000,460,5.0,33C,,48777809,https://www.zigbang.com/home/apt/items/48777809
2026-05-21 06:08:49,잠실르엘,송파구,신천동,월세,중,84.83,25.66,50000,380,5.0,33C,,48360650,https://www.zigbang.com/home/apt/items/48360650
2026-05-21 06:08:49,잠실르엘,송파구,신천동,월세,중,95.07,28.76,50000,460,5.0,37,,48173735,https://www.zigbang.com/home/apt/items/48173735
2026-05-21 06:08:49,잠실르엘,송파구,신천동,월세,고,59.87,18.11,50000,240,5.0,25A,,47713718,https://www.zigbang.com/home/apt/items/47713718
2026-05-21 06:08:49,잠실르엘,송파구,신천동,월세,고,74.2804,22.47,50000,280,5.0,30B,,47340543,https://www.zigbang.com/home/apt/items/47340543
2026-05-21 06:08:49,잠실르엘,송파구,신천동,월세,중,84.87,25.67,50000,420,5.0,33A,,47340414,https://www.zigbang.com/home/apt/items/47340414
2026-05-21 06:08:49,잠실르엘,송파구,신천동,월세,중,59.8151,18.09,50000,320,5.0,25B,,46627990,https://www.zigbang.com/home/apt/items/46627990
2026-05-21 06:08:49,잠실르엘,송파구,신천동,월세,중,59.8151,18.09,60000,320,6.0,25B,,48860694,https://www.zigbang.com/home/apt/items/48860694
2026-05-21 06:08:49,잠실르엘,송파구,신천동,월세,저,106.82,32.31,60000,640,6.0,42,,48940587,https://www.zigbang.com/home/apt/items/48940587
2026-05-21 06:08:49,잠실르엘,송파구,신천동,월세,중,59.87,18.11,60000,260,6.0,25A,,47233171,https://www.zigbang.com/home/apt/items/47233171
2026-05-21 06:08:49,잠실르엘,송파구,신천동,월세,중,51.9095,15.7,60000,180,6.0,23,,48360433,https://www.zigbang.com/home/apt/items/48360433
2026-05-21 06:08:49,잠실르엘,송파구,신천동,월세,중,74.2804,22.47,60000,240,6.0,30B,,48260721,https://www.zigbang.com/home/apt/items/48260721
2026-05-21 06:08:49,잠실르엘,송파구,신천동,월세,중,84.83,25.66,60000,300,6.0,33C,,48173752,https://www.zigbang.com/home/apt/items/48173752
2026-05-21 06:08:49,잠실르엘,송파구,신천동,월세,중,59.87,18.11,60000,180,6.0,25A,,47340399,https://www.zigbang.com/home/apt/items/47340399
2026-05-21 06:08:49,잠실르엘,송파구,신천동,월세,고,59.87,18.11,70000,320,7.0,25A,,48953222,https://www.zigbang.com/home/apt/items/48953222
2026-05-21 06:08:49,잠실르엘,송파구,신천동,월세,중,74.2804,22.47,70000,300,7.0,30B,,48850843,https://www.zigbang.com/home/apt/items/48850843
2026-05-21 06:08:49,잠실르엘,송파구,신천동,월세,저,59.87,18.11,70000,180,7.0,25A,,47815425,https://www.zigbang.com/home/apt/items/47815425
2026-05-21 06:08:49,잠실르엘,송파구,신천동,월세,중,84.83,25.66,70000,280,7.0,33C,,47604163,https://www.zigbang.com/home/apt/items/47604163
2026-05-21 06:08:49,잠실르엘,송파구,신천동,월세,고,74.2804,22.47,70000,300,7.0,30B,,47340440,https://www.zigbang.com/home/apt/items/47340440
2026-05-21 06:08:49,잠실르엘,송파구,신천동,월세,저,84.87,25.67,90000,250,9.0,33A,,48706710,https://www.zigbang.com/home/apt/items/48706710
2026-05-21 06:08:49,잠실르엘,송파구,신천동,월세,저,59.87,18.11,90000,100,9.0,25A,,47815195,https://www.zigbang.com/home/apt/items/47815195
2026-05-21 06:08:49,잠실르엘,송파구,신천동,월세,고,45.967,13.9,90000,80,9.0,20,,47340556,https://www.zigbang.com/home/apt/items/47340556
2026-05-21 06:08:49,잠실르엘,송파구,신천동,월세,저,84.83,25.66,100000,200,10.0,33C,,48990204,https://www.zigbang.com/home/apt/items/48990204
2026-05-21 06:08:49,잠실르엘,송파구,신천동,월세,저,84.83,25.66,100000,200,10.0,33C,,48902886,https://www.zigbang.com/home/apt/items/48902886
2026-05-21 06:08:49,잠실르엘,송파구,신천동,월세,중,84.87,25.67,100000,240,10.0,33A,,48939697,https://www.zigbang.com/home/apt/items/48939697
2026-05-21 06:08:49,잠실르엘,송파구,신천동,월세,저,74.2804,22.47,100000,110,10.0,30B,,48598183,https://www.zigbang.com/home/apt/items/48598183
2026-05-21 06:08:49,잠실르엘,송파구,신천동,월세,고,134.83,40.79,100000,800,10.0,53,,47984353,https://www.zigbang.com/home/apt/items/47984353
2026-05-21 06:08:49,잠실르엘,송파구,신천동,월세,저,106.82,32.31,100000,250,10.0,42,,48173744,https://www.zigbang.com/home/apt/items/48173744
2026-05-21 06:08:49,잠실르엘,송파구,신천동,전세,중,59.87,18.11,108000,0,10.8,25A,,47384114,https://www.zigbang.com/home/apt/items/47384114
2026-05-21 06:08:49,잠실르엘,송파구,신천동,월세,고,74.2804,22.47,110000,90,11.0,30B,,48716411,https://www.zigbang.com/home/apt/items/48716411
2026-05-21 06:08:49,잠실르엘,송파구,신천동,월세,중,84.87,25.67,110000,150,11.0,33A,,47384042,https://www.zigbang.com/home/apt/items/47384042
2026-05-21 06:08:49,잠실르엘,송파구,신천동,전세,중,51.9095,15.7,113000,0,11.3,23,,47870608,https://www.zigbang.com/home/apt/items/47870608
2026-05-21 06:08:49,잠실르엘,송파구,신천동,월세,중,84.83,25.66,115000,240,11.5,33C,,48777431,https://www.zigbang.com/home/apt/items/48777431
2026-05-21 06:08:49,잠실르엘,송파구,신천동,전세,중,59.87,18.11,115000,0,11.5,25A,,48716339,https://www.zigbang.com/home/apt/items/48716339
2026-05-21 06:08:49,잠실르엘,송파구,신천동,전세,저,74.2804,22.47,118000,0,11.8,30B,,48173754,https://www.zigbang.com/home/apt/items/48173754
2026-05-21 06:08:49,잠실르엘,송파구,신천동,전세,중,51.9095,15.7,120000,0,12.0,23,,46940963,https://www.zigbang.com/home/apt/items/46940963
2026-05-21 06:08:49,잠실르엘,송파구,신천동,전세,중,59.87,18.11,130000,0,13.0,25A,,48706736,https://www.zigbang.com/home/apt/items/48706736
2026-05-21 06:08:49,잠실르엘,송파구,신천동,월세,저,106.82,32.31,130000,360,13.0,42,,47384072,https://www.zigbang.com/home/apt/items/47384072
2026-05-21 06:08:49,잠실르엘,송파구,신천동,전세,중,74.37,22.5,135000,0,13.5,30A,,48885786,https://www.zigbang.com/home/apt/items/48885786
2026-05-21 06:08:49,잠실르엘,송파구,신천동,전세,중,74.37,22.5,135000,0,13.5,30A,,48695471,https://www.zigbang.com/home/apt/items/48695471
2026-05-21 06:08:49,잠실르엘,송파구,신천동,전세,고,74.2804,22.47,135000,0,13.5,30B,,49023870,https://www.zigbang.com/home/apt/items/49023870
2026-05-21 06:08:49,잠실르엘,송파구,신천동,전세,중,59.87,18.11,135000,0,13.5,25A,,48948853,https://www.zigbang.com/home/apt/items/48948853
2026-05-21 06:08:49,잠실르엘,송파구,신천동,전세,중,74.5591,22.55,135000,0,13.5,30C,,48706886,https://www.zigbang.com/home/apt/items/48706886
2026-05-21 06:08:49,잠실르엘,송파구,신천동,전세,중,84.87,25.67,137000,0,13.7,33A,,47926002,https://www.zigbang.com/home/apt/items/47926002
2026-05-21 06:08:49,잠실르엘,송파구,신천동,전세,중,84.83,25.66,137000,0,13.7,33C,,47604166,https://www.zigbang.com/home/apt/items/47604166
2026-05-21 06:08:49,잠실르엘,송파구,신천동,월세,고,84.83,25.66,140000,160,14.0,33C,,47192018,https://www.zigbang.com/home/apt/items/47192018
2026-05-21 06:08:49,잠실르엘,송파구,신천동,전세,중,74.2804,22.47,140000,0,14.0,30B,,49023864,https://www.zigbang.com/home/apt/items/49023864
2026-05-21 06:08:49,잠실르엘,송파구,신천동,전세,고,59.8151,18.09,140000,0,14.0,25B,,48867223,https://www.zigbang.com/home/apt/items/48867223
2026-05-21 06:08:49,잠실르엘,송파구,신천동,전세,중,84.87,25.67,145000,0,14.5,33A,,47275917,https://www.zigbang.com/home/apt/items/47275917
2026-05-21 06:08:49,잠실르엘,송파구,신천동,전세,중,59.87,18.11,150000,0,15.0,25A,,49060220,https://www.zigbang.com/home/apt/items/49060220
2026-05-21 06:08:49,잠실르엘,송파구,신천동,전세,중,84.83,25.66,150000,0,15.0,33C,,48867392,https://www.zigbang.com/home/apt/items/48867392
2026-05-21 06:08:49,잠실르엘,송파구,신천동,전세,고,74.37,22.5,150000,0,15.0,30A,,48707439,https://www.zigbang.com/home/apt/items/48707439
2026-05-21 06:08:49,잠실르엘,송파구,신천동,전세,저,59.87,18.11,150000,0,15.0,25A,,49024003,https://www.zigbang.com/home/apt/items/49024003
2026-05-21 06:08:49,잠실르엘,송파구,신천동,전세,중,84.83,25.66,155000,0,15.5,33C,,48858703,https://www.zigbang.com/home/apt/items/48858703
2026-05-21 06:08:49,잠실르엘,송파구,신천동,전세,중,84.81,25.65,160000,0,16.0,33B,,48799206,https://www.zigbang.com/home/apt/items/48799206
2026-05-21 06:08:49,잠실르엘,송파구,신천동,전세,저,84.83,25.66,160000,0,16.0,33C,,49023989,https://www.zigbang.com/home/apt/items/49023989
2026-05-21 06:08:49,잠실르엘,송파구,신천동,전세,중,84.83,25.66,160000,0,16.0,33C,,48706904,https://www.zigbang.com/home/apt/items/48706904
2026-05-21 06:08:49,잠실르엘,송파구,신천동,전세,중,84.83,25.66,165000,0,16.5,33C,,48940146,https://www.zigbang.com/home/apt/items/48940146
2026-05-21 06:08:49,잠실르엘,송파구,신천동,월세,고,126.16,38.16,170000,520,17.0,50,,48993735,https://www.zigbang.com/home/apt/items/48993735
2026-05-21 06:08:49,잠실르엘,송파구,신천동,전세,저,95.07,28.76,170000,0,17.0,37,,48974160,https://www.zigbang.com/home/apt/items/48974160
2026-05-21 06:08:49,잠실르엘,송파구,신천동,전세,저,95.07,28.76,170000,0,17.0,37,,48953598,https://www.zigbang.com/home/apt/items/48953598
2026-05-21 06:08:49,잠실르엘,송파구,신천동,전세,고,84.87,25.67,170000,0,17.0,33A,,48940366,https://www.zigbang.com/home/apt/items/48940366
2026-05-21 06:08:49,잠실르엘,송파구,신천동,전세,저,84.87,25.67,170000,0,17.0,33A,,48778818,https://www.zigbang.com/home/apt/items/48778818
2026-05-21 06:08:49,잠실르엘,송파구,신천동,월세,중,95.07,28.76,180000,100,18.0,37,,48963350,https://www.zigbang.com/home/apt/items/48963350
2026-05-21 06:08:49,잠실르엘,송파구,신천동,전세,중,84.81,25.65,190000,0,19.0,33B,,49069883,https://www.zigbang.com/home/apt/items/49069883
2026-05-21 06:08:49,잠실르엘,송파구,신천동,전세,고,95.07,28.76,190000,0,19.0,37,,48903586,https://www.zigbang.com/home/apt/items/48903586
2026-05-21 06:08:49,잠실르엘,송파구,신천동,전세,고,95.07,28.76,195000,0,19.5,37,,48738010,https://www.zigbang.com/home/apt/items/48738010
2026-05-21 06:08:49,잠실르엘,송파구,신천동,전세,중,95.07,28.76,200000,0,20.0,37,,48921484,https://www.zigbang.com/home/apt/items/48921484
2026-05-21 06:08:49,잠실르엘,송파구,신천동,월세,중,106.82,32.31,200000,160,20.0,42,,48311055,https://www.zigbang.com/home/apt/items/48311055
2026-05-21 06:08:49,잠실르엘,송파구,신천동,전세,고,145.55,44.03,220000,0,22.0,57,,48483361,https://www.zigbang.com/home/apt/items/48483361
2026-05-21 06:08:49,잠실르엘,송파구,신천동,전세,중,106.82,32.31,225000,0,22.5,42,,49023992,https://www.zigbang.com/home/apt/items/49023992
2026-05-21 06:08:49,잠실르엘,송파구,신천동,전세,중,84.83,25.66,230000,0,23.0,33C,,48953313,https://www.zigbang.com/home/apt/items/48953313
2026-05-21 06:08:49,잠실르엘,송파구,신천동,전세,중,126.16,38.16,230000,0,23.0,50,,47958154,https://www.zigbang.com/home/apt/items/47958154
2026-05-21 06:08:49,잠실르엘,송파구,신천동,전세,중,106.82,32.31,240000,0,24.0,42,,48311030,https://www.zigbang.com/home/apt/items/48311030
2026-05-21 06:08:49,잠실르엘,송파구,신천동,전세,중,126.16,38.16,300000,0,30.0,50,,49094904,https://www.zigbang.com/home/apt/items/49094904
2026-05-21 06:08:49,잠실르엘,송파구,신천동,전세,고,126.16,38.16,300000,0,30.0,50,,48992613,https://www.zigbang.com/home/apt/items/48992613
2026-05-21 06:08:49,잠실르엘,송파구,신천동,전세,중,126.16,38.16,300000,0,30.0,50,,48986784,https://www.zigbang.com/home/apt/items/48986784
2026-05-21 06:08:49,잠실르엘,송파구,신천동,매매,중,51.9095,15.7,300000,0,30.0,23,,48649217,https://www.zigbang.com/home/apt/items/48649217
2026-05-21 06:08:49,잠실르엘,송파구,신천동,매매,중,51.9095,15.7,300000,0,30.0,23,,48549430,https://www.zigbang.com/home/apt/items/48549430
2026-05-21 06:08:49,잠실르엘,송파구,신천동,전세,고,134.83,40.79,300000,0,30.0,53,,48929262,https://www.zigbang.com/home/apt/items/48929262
2026-05-21 06:08:49,잠실르엘,송파구,신천동,매매,저,59.8151,18.09,310000,0,31.0,25B,,49011441,https://www.zigbang.com/home/apt/items/49011441
2026-05-21 06:08:49,잠실르엘,송파구,신천동,매매,고,59.87,18.11,370000,0,37.0,25A,,48325398,https://www.zigbang.com/home/apt/items/48325398
2026-05-21 06:08:49,잠실르엘,송파구,신천동,전세,고,129.6468,39.22,390000,0,39.0,52A,,49087136,https://www.zigbang.com/home/apt/items/49087136
2026-05-21 06:08:49,잠실르엘,송파구,신천동,매매,저,74.2804,22.47,395000,0,39.5,30B,,48606582,https://www.zigbang.com/home/apt/items/48606582
2026-05-21 06:08:49,잠실르엘,송파구,신천동,매매,중,84.87,25.67,400000,0,40.0,33A,,48173741,https://www.zigbang.com/home/apt/items/48173741
2026-05-21 06:08:49,잠실르엘,송파구,신천동,매매,고,74.2804,22.47,410000,0,41.0,30B,,48799404,https://www.zigbang.com/home/apt/items/48799404
2026-05-21 06:08:49,잠실르엘,송파구,신천동,매매,고,74.2804,22.47,410000,0,41.0,30B,,49011445,https://www.zigbang.com/home/apt/items/49011445
2026-05-21 06:08:49,잠실르엘,송파구,신천동,매매,저,74.2804,22.47,430000,0,43.0,30B,,47782996,https://www.zigbang.com/home/apt/items/47782996
2026-05-21 06:08:49,잠실르엘,송파구,신천동,매매,고,84.83,25.66,440000,0,44.0,33C,,49094987,https://www.zigbang.com/home/apt/items/49094987
2026-05-21 06:08:49,잠실르엘,송파구,신천동,매매,고,84.83,25.66,440000,0,44.0,33C,,49093934,https://www.zigbang.com/home/apt/items/49093934
2026-05-21 06:08:49,잠실르엘,송파구,신천동,매매,고,84.83,25.66,440000,0,44.0,33C,,49080375,https://www.zigbang.com/home/apt/items/49080375
2026-05-21 06:08:49,잠실르엘,송파구,신천동,매매,고,84.83,25.66,440000,0,44.0,33C,,49011456,https://www.zigbang.com/home/apt/items/49011456
2026-05-21 06:08:49,잠실르엘,송파구,신천동,매매,고,84.83,25.66,450000,0,45.0,33C,,49069750,https://www.zigbang.com/home/apt/items/49069750
2026-05-21 06:08:49,잠실르엘,송파구,신천동,매매,중,84.83,25.66,450000,0,45.0,33C,,48861606,https://www.zigbang.com/home/apt/items/48861606
2026-05-21 06:08:49,잠실르엘,송파구,신천동,매매,중,84.87,25.67,470000,0,47.0,33A,,48887982,https://www.zigbang.com/home/apt/items/48887982
2026-05-21 06:08:49,잠실르엘,송파구,신천동,매매,중,84.87,25.67,470000,0,47.0,33A,,48433764,https://www.zigbang.com/home/apt/items/48433764
2026-05-21 06:08:49,잠실르엘,송파구,신천동,매매,저,84.81,25.65,480000,0,48.0,33B,,48749575,https://www.zigbang.com/home/apt/items/48749575
2026-05-21 06:08:49,잠실르엘,송파구,신천동,매매,저,106.82,32.31,510000,0,51.0,42,,48692009,https://www.zigbang.com/home/apt/items/48692009
2026-05-21 06:08:49,잠실르엘,송파구,신천동,매매,저,106.82,32.31,520000,0,52.0,42,,48757198,https://www.zigbang.com/home/apt/items/48757198
2026-05-21 06:08:49,잠실르엘,송파구,신천동,매매,저,106.82,32.31,520000,0,52.0,42,,48666630,https://www.zigbang.com/home/apt/items/48666630
2026-05-21 06:08:49,잠실르엘,송파구,신천동,매매,고,84.83,25.66,520000,0,52.0,33C,,47793194,https://www.zigbang.com/home/apt/items/47793194
2026-05-21 06:08:49,잠실르엘,송파구,신천동,매매,저,106.82,32.31,520000,0,52.0,42,,48861686,https://www.zigbang.com/home/apt/items/48861686
2026-05-21 06:08:49,잠실르엘,송파구,신천동,매매,저,106.82,32.31,540000,0,54.0,42,,48861968,https://www.zigbang.com/home/apt/items/48861968
2026-05-21 06:08:49,잠실르엘,송파구,신천동,월세,고,145.55,44.03,550000,200,55.0,57,,47984039,https://www.zigbang.com/home/apt/items/47984039
2026-05-21 06:08:49,잠실르엘,송파구,신천동,매매,고,95.07,28.76,600000,0,60.0,37,,48864470,https://www.zigbang.com/home/apt/items/48864470
2026-05-21 06:08:49,잠실르엘,송파구,신천동,매매,33,129.6468,39.22,950000,0,95.0,52A,,49028342,https://www.zigbang.com/home/apt/items/49028342
2026-05-21 06:08:49,잠실르엘,송파구,신천동,매매,고,134.83,40.79,1170000,0,117.0,53,,48765221,https://www.zigbang.com/home/apt/items/48765221
2026-05-21 06:08:49,잠실푸르지오월드마크,송파구,신천동,매매,14,112.25,33.96,270000,0,27.0,46,,200622,https://www.zigbang.com/home/apt/items/200622
2026-05-21 06:08:49,장미1차,송파구,신천동,월세,중,120,36.3,10000,400,1.0,45,,48909027,https://www.zigbang.com/home/apt/items/48909027
2026-05-21 06:08:49,장미1차,송파구,신천동,월세,중,71.2,21.54,10000,260,1.0,28,,48601315,https://www.zigbang.com/home/apt/items/48601315
2026-05-21 06:08:49,장미1차,송파구,신천동,월세,중,120,36.3,10000,360,1.0,45,,48167288,https://www.zigbang.com/home/apt/items/48167288
2026-05-21 06:08:49,장미1차,송파구,신천동,월세,10,71.2,21.54,10000,240,1.0,28,,49067180,https://www.zigbang.com/home/apt/items/49067180
2026-05-21 06:08:49,장미1차,송파구,신천동,월세,중,120,36.3,10000,350,1.0,45,,48665046,https://www.zigbang.com/home/apt/items/48665046
2026-05-21 06:08:49,장미1차,송파구,신천동,매매,저,71.2,21.54,300000,0,30.0,28,,48908934,https://www.zigbang.com/home/apt/items/48908934
2026-05-21 06:08:49,장미1차,송파구,신천동,매매,중,82.45,24.94,315000,0,31.5,33,,48672266,https://www.zigbang.com/home/apt/items/48672266
2026-05-21 06:08:49,장미1차,송파구,신천동,매매,고,82.45,24.94,320000,0,32.0,33,,48884916,https://www.zigbang.com/home/apt/items/48884916
2026-05-21 06:08:49,장미1차,송파구,신천동,매매,8,82.45,24.94,325000,0,32.5,33,,48672297,https://www.zigbang.com/home/apt/items/48672297
2026-05-21 06:08:49,장미1차,송파구,신천동,매매,고,82.45,24.94,330000,0,33.0,33,,49000154,https://www.zigbang.com/home/apt/items/49000154
2026-05-21 06:08:49,장미1차,송파구,신천동,매매,저,99,29.95,360000,0,36.0,38,,48908889,https://www.zigbang.com/home/apt/items/48908889
2026-05-21 06:08:49,장미1차,송파구,신천동,매매,저,120,36.3,380000,0,38.0,45,,47806471,https://www.zigbang.com/home/apt/items/47806471
2026-05-21 06:08:49,장미1차,송파구,신천동,매매,중,120,36.3,380000,0,38.0,45,,48672527,https://www.zigbang.com/home/apt/items/48672527
2026-05-21 06:08:49,장미1차,송파구,신천동,매매,중,120,36.3,380000,0,38.0,45,,48672343,https://www.zigbang.com/home/apt/items/48672343
2026-05-21 06:08:49,장미1차,송파구,신천동,매매,중,174.55,52.8,440000,0,44.0,56,,48167129,https://www.zigbang.com/home/apt/items/48167129
2026-05-21 06:08:49,장미1차,송파구,신천동,매매,고,196.76,59.52,480000,0,48.0,64,,48908959,https://www.zigbang.com/home/apt/items/48908959
2026-05-21 06:08:49,장미1차,송파구,신천동,매매,고,174.55,52.8,480000,0,48.0,56,,48423324,https://www.zigbang.com/home/apt/items/48423324
2026-05-21 06:08:49,장미1차,송파구,신천동,매매,고,196.76,59.52,480000,0,48.0,64,,47806524,https://www.zigbang.com/home/apt/items/47806524
2026-05-21 06:08:49,장미2차,송파구,신천동,월세,9,86.25,26.09,10000,250,1.0,28A,,48665157,https://www.zigbang.com/home/apt/items/48665157
2026-05-21 06:08:49,장미2차,송파구,신천동,월세,중,86.25,26.09,10000,250,1.0,28A,,48590619,https://www.zigbang.com/home/apt/items/48590619
2026-05-21 06:08:49,장미2차,송파구,신천동,월세,저,82.45,24.94,10000,280,1.0,33A,,49072011,https://www.zigbang.com/home/apt/items/49072011
2026-05-21 06:08:49,장미2차,송파구,신천동,월세,저,101.98,30.85,60000,100,6.0,33B,,49093816,https://www.zigbang.com/home/apt/items/49093816
2026-05-21 06:08:49,장미2차,송파구,신천동,전세,저,82.45,24.94,75000,0,7.5,33A,,49089289,https://www.zigbang.com/home/apt/items/49089289
2026-05-21 06:08:49,장미2차,송파구,신천동,매매,13,86.41,26.14,300000,0,30.0,28B,,48855213,https://www.zigbang.com/home/apt/items/48855213
2026-05-21 06:08:49,장미2차,송파구,신천동,매매,중,86.41,26.14,310000,0,31.0,28B,,48672408,https://www.zigbang.com/home/apt/items/48672408
2026-05-21 06:08:49,장미2차,송파구,신천동,매매,3,101.02,30.56,325000,0,32.5,33A,,48901660,https://www.zigbang.com/home/apt/items/48901660
2026-05-21 06:08:49,장미2차,송파구,신천동,매매,저,101.02,30.56,330000,0,33.0,33A,,47821045,https://www.zigbang.com/home/apt/items/47821045
2026-05-21 06:08:49,장미2차,송파구,신천동,매매,3,119.47,36.14,340000,0,34.0,39A,,48600964,https://www.zigbang.com/home/apt/items/48600964
2026-05-21 06:08:49,장미2차,송파구,신천동,매매,고,118.41,35.82,340000,0,34.0,38B,,48167225,https://www.zigbang.com/home/apt/items/48167225
2026-05-21 06:08:49,장미2차,송파구,신천동,매매,저,118.41,35.82,360000,0,36.0,38B,,47805621,https://www.zigbang.com/home/apt/items/47805621
2026-05-21 06:08:49,장미3차,송파구,신천동,매매,5,134.16,40.58,380000,0,38.0,47,,48933707,https://www.zigbang.com/home/apt/items/48933707
2026-05-21 06:08:49,장미3차,송파구,신천동,매매,고,134.16,40.58,400000,0,40.0,47,,48672217,https://www.zigbang.com/home/apt/items/48672217
2026-05-21 06:08:49,장미3차,송파구,신천동,매매,중,134.16,40.58,400000,0,40.0,47,,48067283,https://www.zigbang.com/home/apt/items/48067283
2026-05-21 06:08:49,파크리오,송파구,신천동,월세,중,35.24,10.66,5000,280,0.5,16,,48210524,https://www.zigbang.com/home/apt/items/48210524
2026-05-21 06:08:49,파크리오,송파구,신천동,월세,저,59.95,18.13,10000,380,1.0,26A,,49082298,https://www.zigbang.com/home/apt/items/49082298
2026-05-21 06:08:49,파크리오,송파구,신천동,월세,저,35.24,10.66,10000,165,1.0,16,,49059982,https://www.zigbang.com/home/apt/items/49059982
2026-05-21 06:08:49,파크리오,송파구,신천동,월세,고,84.97,25.7,10000,500,1.0,33A,,48360463,https://www.zigbang.com/home/apt/items/48360463
2026-05-21 06:08:49,파크리오,송파구,신천동,월세,고,84.79,25.65,10000,400,1.0,33B,,47986427,https://www.zigbang.com/home/apt/items/47986427
2026-05-21 06:08:49,파크리오,송파구,신천동,월세,저,35.24,10.66,15000,160,1.5,16,,48215837,https://www.zigbang.com/home/apt/items/48215837
2026-05-21 06:08:49,파크리오,송파구,신천동,월세,저,84.97,25.7,30000,340,3.0,33A,,48992900,https://www.zigbang.com/home/apt/items/48992900
2026-05-21 06:08:49,파크리오,송파구,신천동,월세,저,84.97,25.7,30000,340,3.0,33A,,49023905,https://www.zigbang.com/home/apt/items/49023905
2026-05-21 06:08:49,파크리오,송파구,신천동,월세,14,84.9,25.68,30000,280,3.0,33C,,47749442,https://www.zigbang.com/home/apt/items/47749442
2026-05-21 06:08:49,파크리오,송파구,신천동,월세,중,84.9,25.68,50000,280,5.0,33C,,49032348,https://www.zigbang.com/home/apt/items/49032348
2026-05-21 06:08:49,파크리오,송파구,신천동,월세,저,84.9,25.68,50000,280,5.0,33C,,48991520,https://www.zigbang.com/home/apt/items/48991520
2026-05-21 06:08:49,파크리오,송파구,신천동,전세,저,35.24,10.66,60000,0,6.0,16,,48919450,https://www.zigbang.com/home/apt/items/48919450
2026-05-21 06:08:49,파크리오,송파구,신천동,전세,저,35.24,10.66,60000,0,6.0,16,,48652755,https://www.zigbang.com/home/apt/items/48652755
2026-05-21 06:08:49,파크리오,송파구,신천동,전세,고,35.24,10.66,60000,0,6.0,16,,48173745,https://www.zigbang.com/home/apt/items/48173745
2026-05-21 06:08:49,파크리오,송파구,신천동,월세,고,59.95,18.13,70000,140,7.0,26A,,49023926,https://www.zigbang.com/home/apt/items/49023926
2026-05-21 06:08:49,파크리오,송파구,신천동,월세,중,84.9,25.68,90000,160,9.0,33C,,49070411,https://www.zigbang.com/home/apt/items/49070411
2026-05-21 06:08:49,파크리오,송파구,신천동,월세,고,144.77,43.79,90000,330,9.0,53,,48951800,https://www.zigbang.com/home/apt/items/48951800
2026-05-21 06:08:49,파크리오,송파구,신천동,월세,고,144.77,43.79,100000,290,10.0,53,,49023974,https://www.zigbang.com/home/apt/items/49023974
2026-05-21 06:08:49,파크리오,송파구,신천동,전세,중,59.95,18.13,105000,0,10.5,26A,,49050743,https://www.zigbang.com/home/apt/items/49050743
2026-05-21 06:08:49,파크리오,송파구,신천동,전세,고,59.95,18.13,105000,0,10.5,26A,,48999914,https://www.zigbang.com/home/apt/items/48999914
2026-05-21 06:08:49,파크리오,송파구,신천동,전세,고,59.95,18.13,105000,0,10.5,26A,,49023920,https://www.zigbang.com/home/apt/items/49023920
2026-05-21 06:08:49,파크리오,송파구,신천동,월세,고,84.79,25.65,110000,50,11.0,33B,,48979906,https://www.zigbang.com/home/apt/items/48979906
2026-05-21 06:08:49,파크리오,송파구,신천동,전세,고,84.79,25.65,115000,0,11.5,33B,,49023982,https://www.zigbang.com/home/apt/items/49023982
2026-05-21 06:08:49,파크리오,송파구,신천동,전세,고,84.79,25.65,120000,0,12.0,33B,,49072151,https://www.zigbang.com/home/apt/items/49072151
2026-05-21 06:08:49,파크리오,송파구,신천동,전세,고,84.9,25.68,120000,0,12.0,33C,,49070445,https://www.zigbang.com/home/apt/items/49070445
2026-05-21 06:08:49,파크리오,송파구,신천동,전세,고,84.79,25.65,130000,0,13.0,33B,,49094013,https://www.zigbang.com/home/apt/items/49094013
2026-05-21 06:08:49,파크리오,송파구,신천동,매매,중,35.24,10.66,142000,0,14.2,16,,48878715,https://www.zigbang.com/home/apt/items/48878715
2026-05-21 06:08:49,파크리오,송파구,신천동,전세,고,144.77,43.79,165000,0,16.5,53,,49000373,https://www.zigbang.com/home/apt/items/49000373
2026-05-21 06:08:49,파크리오,송파구,신천동,매매,저,59.95,18.13,253000,0,25.3,26A,,48779985,https://www.zigbang.com/home/apt/items/48779985
2026-05-21 06:08:49,파크리오,송파구,신천동,매매,저,59.86,18.11,254000,0,25.4,26B,,48657135,https://www.zigbang.com/home/apt/items/48657135
2026-05-21 06:08:49,파크리오,송파구,신천동,매매,저,59.95,18.13,265000,0,26.5,26A,,48845664,https://www.zigbang.com/home/apt/items/48845664
2026-05-21 06:08:49,파크리오,송파구,신천동,매매,중,59.86,18.11,265000,0,26.5,26B,,48657212,https://www.zigbang.com/home/apt/items/48657212
2026-05-21 06:08:49,파크리오,송파구,신천동,매매,고,59.86,18.11,270000,0,27.0,26B,,49055610,https://www.zigbang.com/home/apt/items/49055610
2026-05-21 06:08:49,파크리오,송파구,신천동,매매,중,59.86,18.11,280000,0,28.0,26B,,48641806,https://www.zigbang.com/home/apt/items/48641806
2026-05-21 06:08:49,파크리오,송파구,신천동,매매,저,59.64,18.04,280000,0,28.0,26C,,47897911,https://www.zigbang.com/home/apt/items/47897911
2026-05-21 06:08:49,파크리오,송파구,신천동,매매,저,59.64,18.04,280000,0,28.0,26C,,49023935,https://www.zigbang.com/home/apt/items/49023935
2026-05-21 06:08:49,파크리오,송파구,신천동,매매,저,84.9,25.68,280000,0,28.0,33C,,48657109,https://www.zigbang.com/home/apt/items/48657109
2026-05-21 06:08:49,파크리오,송파구,신천동,매매,고,59.95,18.13,285000,0,28.5,26A,,49034915,https://www.zigbang.com/home/apt/items/49034915
2026-05-21 06:08:49,파크리오,송파구,신천동,매매,저,84.9,25.68,290000,0,29.0,33C,,49035010,https://www.zigbang.com/home/apt/items/49035010
2026-05-21 06:08:49,파크리오,송파구,신천동,매매,저,84.79,25.65,290000,0,29.0,33B,,49023955,https://www.zigbang.com/home/apt/items/49023955
2026-05-21 06:08:49,파크리오,송파구,신천동,매매,중,84.79,25.65,290000,0,29.0,33B,,48657186,https://www.zigbang.com/home/apt/items/48657186
2026-05-21 06:08:49,파크리오,송파구,신천동,매매,중,84.9,25.68,290000,0,29.0,33C,,48601039,https://www.zigbang.com/home/apt/items/48601039
2026-05-21 06:08:49,파크리오,송파구,신천동,매매,중,84.79,25.65,293000,0,29.3,33B,,49026507,https://www.zigbang.com/home/apt/items/49026507
2026-05-21 06:08:49,파크리오,송파구,신천동,매매,중,84.79,25.65,295000,0,29.5,33B,,49075008,https://www.zigbang.com/home/apt/items/49075008
2026-05-21 06:08:49,파크리오,송파구,신천동,매매,중,84.9,25.68,295000,0,29.5,33C,,49034994,https://www.zigbang.com/home/apt/items/49034994
2026-05-21 06:08:49,파크리오,송파구,신천동,매매,저,84.9,25.68,295000,0,29.5,33C,,49000093,https://www.zigbang.com/home/apt/items/49000093
2026-05-21 06:08:49,파크리오,송파구,신천동,매매,저,84.79,25.65,295000,0,29.5,33B,,48946042,https://www.zigbang.com/home/apt/items/48946042
2026-05-21 06:08:49,파크리오,송파구,신천동,매매,저,84.79,25.65,295000,0,29.5,33B,,49023915,https://www.zigbang.com/home/apt/items/49023915
2026-05-21 06:08:49,파크리오,송파구,신천동,매매,중,84.79,25.65,295000,0,29.5,33B,,48593348,https://www.zigbang.com/home/apt/items/48593348
2026-05-21 06:08:49,파크리오,송파구,신천동,매매,고,84.9,25.68,295000,0,29.5,33C,,48318663,https://www.zigbang.com/home/apt/items/48318663
2026-05-21 06:08:49,파크리오,송파구,신천동,매매,고,84.9,25.68,295000,0,29.5,33C,,48290791,https://www.zigbang.com/home/apt/items/48290791
2026-05-21 06:08:49,파크리오,송파구,신천동,매매,중,84.9,25.68,295000,0,29.5,33C,,48290640,https://www.zigbang.com/home/apt/items/48290640
2026-05-21 06:08:49,파크리오,송파구,신천동,매매,저,84.79,25.65,295000,0,29.5,33B,,48290174,https://www.zigbang.com/home/apt/items/48290174
2026-05-21 06:08:49,파크리오,송파구,신천동,매매,고,84.9,25.68,295000,0,29.5,33C,,47746523,https://www.zigbang.com/home/apt/items/47746523
2026-05-21 06:08:49,파크리오,송파구,신천동,매매,중,84.79,25.65,295000,0,29.5,33B,,48657091,https://www.zigbang.com/home/apt/items/48657091
2026-05-21 06:08:49,파크리오,송파구,신천동,매매,고,84.9,25.68,298000,0,29.8,33C,,48996579,https://www.zigbang.com/home/apt/items/48996579
2026-05-21 06:08:49,파크리오,송파구,신천동,매매,고,84.9,25.68,298000,0,29.8,33C,,48945564,https://www.zigbang.com/home/apt/items/48945564
2026-05-21 06:08:49,파크리오,송파구,신천동,매매,저,84.79,25.65,300000,0,30.0,33B,,49052903,https://www.zigbang.com/home/apt/items/49052903
2026-05-21 06:08:49,파크리오,송파구,신천동,매매,중,84.79,25.65,300000,0,30.0,33B,,49052702,https://www.zigbang.com/home/apt/items/49052702
2026-05-21 06:08:49,파크리오,송파구,신천동,매매,중,84.9,25.68,300000,0,30.0,33C,,49035259,https://www.zigbang.com/home/apt/items/49035259
2026-05-21 06:08:49,파크리오,송파구,신천동,매매,중,84.79,25.65,300000,0,30.0,33B,,49035063,https://www.zigbang.com/home/apt/items/49035063
2026-05-21 06:08:49,파크리오,송파구,신천동,매매,저,84.79,25.65,300000,0,30.0,33B,,49035046,https://www.zigbang.com/home/apt/items/49035046
2026-05-21 06:08:49,파크리오,송파구,신천동,매매,중,84.79,25.65,300000,0,30.0,33B,,49034981,https://www.zigbang.com/home/apt/items/49034981
2026-05-21 06:08:49,파크리오,송파구,신천동,매매,고,84.79,25.65,300000,0,30.0,33B,,49013190,https://www.zigbang.com/home/apt/items/49013190
2026-05-21 06:08:49,파크리오,송파구,신천동,매매,중,84.79,25.65,300000,0,30.0,33B,,48946008,https://www.zigbang.com/home/apt/items/48946008
2026-05-21 06:08:49,파크리오,송파구,신천동,매매,고,84.79,25.65,300000,0,30.0,33B,,48897246,https://www.zigbang.com/home/apt/items/48897246
2026-05-21 06:08:49,파크리오,송파구,신천동,매매,14,84.9,25.68,300000,0,30.0,33C,,231424,https://www.zigbang.com/home/apt/items/231424
2026-05-21 06:08:49,파크리오,송파구,신천동,매매,고,84.79,25.65,300000,0,30.0,33B,,48318700,https://www.zigbang.com/home/apt/items/48318700
2026-05-21 06:08:49,파크리오,송파구,신천동,매매,중,84.9,25.68,300000,0,30.0,33C,,48232105,https://www.zigbang.com/home/apt/items/48232105
2026-05-21 06:08:49,파크리오,송파구,신천동,매매,중,84.97,25.7,300000,0,30.0,33A,,48593286,https://www.zigbang.com/home/apt/items/48593286
2026-05-21 06:08:49,파크리오,송파구,신천동,매매,중,84.79,25.65,305000,0,30.5,33B,,49035280,https://www.zigbang.com/home/apt/items/49035280
2026-05-21 06:08:49,파크리오,송파구,신천동,매매,중,84.79,25.65,310000,0,31.0,33B1,,49081680,https://www.zigbang.com/home/apt/items/49081680
2026-05-21 06:08:49,파크리오,송파구,신천동,매매,고,84.79,25.65,310000,0,31.0,33B,,49079403,https://www.zigbang.com/home/apt/items/49079403
2026-05-21 06:08:49,파크리오,송파구,신천동,매매,고,84.79,25.65,310000,0,31.0,33B,,49053087,https://www.zigbang.com/home/apt/items/49053087
2026-05-21 06:08:49,파크리오,송파구,신천동,매매,저,84.79,25.65,310000,0,31.0,33B,,49013142,https://www.zigbang.com/home/apt/items/49013142
2026-05-21 06:08:49,파크리오,송파구,신천동,매매,고,84.79,25.65,310000,0,31.0,33B,,48649733,https://www.zigbang.com/home/apt/items/48649733
2026-05-21 06:08:49,파크리오,송파구,신천동,매매,중,84.79,25.65,310000,0,31.0,33B,,48564059,https://www.zigbang.com/home/apt/items/48564059
2026-05-21 06:08:49,파크리오,송파구,신천동,매매,고,84.97,25.7,310000,0,31.0,33A,,48563835,https://www.zigbang.com/home/apt/items/48563835
2026-05-21 06:08:49,파크리오,송파구,신천동,매매,중,84.97,25.7,310000,0,31.0,33A,,48484079,https://www.zigbang.com/home/apt/items/48484079
2026-05-21 06:08:49,파크리오,송파구,신천동,매매,고,84.9,25.68,320000,0,32.0,33C,,49080166,https://www.zigbang.com/home/apt/items/49080166
2026-05-21 06:08:49,파크리오,송파구,신천동,매매,저,144.77,43.79,320000,0,32.0,53,,48700996,https://www.zigbang.com/home/apt/items/48700996
2026-05-21 06:08:49,파크리오,송파구,신천동,매매,저,121.63,36.79,335000,0,33.5,45,,46833274,https://www.zigbang.com/home/apt/items/46833274
2026-05-21 06:08:49,파크리오,송파구,신천동,매매,저,144.77,43.79,340000,0,34.0,53,,48779327,https://www.zigbang.com/home/apt/items/48779327
2026-05-21 06:08:49,파크리오,송파구,신천동,매매,고,121.63,36.79,350000,0,35.0,45,,48779975,https://www.zigbang.com/home/apt/items/48779975
2026-05-21 06:08:49,파크리오,송파구,신천동,매매,중,144.77,43.79,360000,0,36.0,53,,48996697,https://www.zigbang.com/home/apt/items/48996697
2026-05-21 06:08:49,파크리오,송파구,신천동,매매,저,121.63,36.79,360000,0,36.0,45,,48996659,https://www.zigbang.com/home/apt/items/48996659
2026-05-21 06:08:49,파크리오,송파구,신천동,매매,중,144.77,43.79,360000,0,36.0,53,,49023941,https://www.zigbang.com/home/apt/items/49023941
2026-05-21 06:08:49,파크리오,송파구,신천동,매매,중,121.63,36.79,360000,0,36.0,45,,48657122,https://www.zigbang.com/home/apt/items/48657122
2026-05-21 06:08:49,파크리오,송파구,신천동,매매,저,121.63,36.79,365000,0,36.5,45,,49059306,https://www.zigbang.com/home/apt/items/49059306
2026-05-21 06:08:49,파크리오,송파구,신천동,매매,고,121.63,36.79,365000,0,36.5,45,,48946214,https://www.zigbang.com/home/apt/items/48946214
2026-05-21 06:08:49,파크리오,송파구,신천동,매매,중,121.63,36.79,365000,0,36.5,45,,48779973,https://www.zigbang.com/home/apt/items/48779973
2026-05-21 06:08:49,파크리오,송파구,신천동,매매,중,121.63,36.79,390000,0,39.0,45,,49035372,https://www.zigbang.com/home/apt/items/49035372
2026-05-21 06:08:49,파크리오,송파구,신천동,매매,중,121.63,36.79,400000,0,40.0,45,,46316402,https://www.zigbang.com/home/apt/items/46316402
2026-05-21 06:08:49,파크리오,송파구,신천동,매매,13,144.77,43.79,420000,0,42.0,53,,49023964,https://www.zigbang.com/home/apt/items/49023964
2026-05-21 06:08:49,파크리오,송파구,신천동,매매,중,144.77,43.79,455000,0,45.5,53,,48430041,https://www.zigbang.com/home/apt/items/48430041
2026-05-21 06:08:49,한신코아,송파구,신천동,월세,중,41.99,12.7,30000,70,3.0,18,,49093718,https://www.zigbang.com/home/apt/items/49093718
2026-05-21 06:08:49,한신코아,송파구,신천동,매매,중,41.99,12.7,148000,0,14.8,18,,48953481,https://www.zigbang.com/home/apt/items/48953481
2026-05-21 06:08:49,한신코아,송파구,신천동,매매,고,52.51,15.88,166000,0,16.6,23,,48922724,https://www.zigbang.com/home/apt/items/48922724
2026-05-21 06:08:49,한신코아,송파구,신천동,매매,고,50.76,15.35,168000,0,16.8,22,,48468455,https://www.zigbang.com/home/apt/items/48468455
2026-05-21 06:08:49,현대타워,송파구,신천동,월세,고,173.7,52.54,85000,125,8.5,68,,49016411,https://www.zigbang.com/home/apt/items/49016411
2026-05-21 06:08:49,현대타워,송파구,신천동,전세,22,173.7,52.54,115000,0,11.5,68,,48688204,https://www.zigbang.com/home/apt/items/48688204
2026-05-21 06:08:49,다성파크뷰,송파구,오금동,매매,4,67.55,20.43,120000,0,12.0,26,,215989,https://www.zigbang.com/home/apt/items/215989
2026-05-21 06:08:49,대림,송파구,오금동,월세,14,84.91,25.69,40000,150,4.0,31,,49091212,https://www.zigbang.com/home/apt/items/49091212
2026-05-21 06:08:49,대림,송파구,오금동,매매,저,84.91,25.69,230000,0,23.0,31,,49089235,https://www.zigbang.com/home/apt/items/49089235
2026-05-21 06:08:49,대림,송파구,오금동,매매,15,84.91,25.69,237000,0,23.7,31,,49091235,https://www.zigbang.com/home/apt/items/49091235
2026-05-21 06:08:49,대림,송파구,오금동,매매,9,84.91,25.69,238000,0,23.8,31,,49089237,https://www.zigbang.com/home/apt/items/49089237
2026-05-21 06:08:49,대림,송파구,오금동,매매,5,84.91,25.69,240000,0,24.0,31,,49089244,https://www.zigbang.com/home/apt/items/49089244
2026-05-21 06:08:49,대림,송파구,오금동,매매,고,84.91,25.69,240000,0,24.0,31,,49089239,https://www.zigbang.com/home/apt/items/49089239
2026-05-21 06:08:49,대림,송파구,오금동,매매,1,84.91,25.69,240000,0,24.0,31,,227175,https://www.zigbang.com/home/apt/items/227175
2026-05-21 06:08:49,대림,송파구,오금동,매매,8,125.79,38.05,255000,0,25.5,44,,49089247,https://www.zigbang.com/home/apt/items/49089247
2026-05-21 06:08:49,대림,송파구,오금동,매매,3,125.79,38.05,260000,0,26.0,44,,49089253,https://www.zigbang.com/home/apt/items/49089253
2026-05-21 06:08:49,대림,송파구,오금동,매매,7,125.79,38.05,260000,0,26.0,44,,49089249,https://www.zigbang.com/home/apt/items/49089249
2026-05-21 06:08:49,르네상스빌,송파구,오금동,매매,8,170.37,51.54,180000,0,18.0,61,,49089474,https://www.zigbang.com/home/apt/items/49089474
2026-05-21 06:08:49,르네상스빌,송파구,오금동,매매,13,204.11,61.74,210000,0,21.0,73,,49089483,https://www.zigbang.com/home/apt/items/49089483
2026-05-21 06:08:49,르네상스빌,송파구,오금동,매매,15,204.11,61.74,210000,0,21.0,73,,49089480,https://www.zigbang.com/home/apt/items/49089480
2026-05-21 06:08:49,르네상스빌,송파구,오금동,매매,고,204.11,61.74,210000,0,21.0,73,,49089477,https://www.zigbang.com/home/apt/items/49089477
2026-05-21 06:08:49,송파더플래티넘,송파구,오금동,월세,저,106.23,32.13,1000,75,0.1,42B,,48964186,https://www.zigbang.com/home/apt/items/48964186
2026-05-21 06:08:49,송파더플래티넘,송파구,오금동,월세,고,106.23,32.13,1000,85,0.1,42B,,48955891,https://www.zigbang.com/home/apt/items/48955891
2026-05-21 06:08:49,송파더플래티넘,송파구,오금동,월세,고,106.23,32.13,1000,80,0.1,42A,,48498192,https://www.zigbang.com/home/apt/items/48498192
2026-05-21 06:08:49,송파더플래티넘,송파구,오금동,월세,저,106.23,32.13,1000,70,0.1,42A,,48436964,https://www.zigbang.com/home/apt/items/48436964
2026-05-21 06:08:49,송파더플래티넘,송파구,오금동,월세,중,106.23,32.13,1000,90,0.1,42A,,48436876,https://www.zigbang.com/home/apt/items/48436876
2026-05-21 06:08:49,송파더플래티넘,송파구,오금동,월세,고,106.23,32.13,10000,320,1.0,42C,,49078217,https://www.zigbang.com/home/apt/items/49078217
2026-05-21 06:08:49,송파더플래티넘,송파구,오금동,전세,12,106.23,32.13,92000,0,9.2,42B,,49087569,https://www.zigbang.com/home/apt/items/49087569
2026-05-21 06:08:49,송파더플래티넘,송파구,오금동,매매,14,52.6,15.91,138000,0,13.8,21A,,48222099,https://www.zigbang.com/home/apt/items/48222099
2026-05-21 06:08:49,송파더플래티넘,송파구,오금동,매매,저,52.6,15.91,138000,0,13.8,21A,,46912690,https://www.zigbang.com/home/apt/items/46912690
2026-05-21 06:08:49,송파더플래티넘,송파구,오금동,매매,중,66.94,20.25,147000,0,14.7,27C,,47269231,https://www.zigbang.com/home/apt/items/47269231
2026-05-21 06:08:49,송파더플래티넘,송파구,오금동,매매,중,66.91,20.24,147000,0,14.7,27B,,46912828,https://www.zigbang.com/home/apt/items/46912828
2026-05-21 06:08:49,송파더플래티넘,송파구,오금동,매매,중,66.94,20.25,147000,0,14.7,27C,,46912253,https://www.zigbang.com/home/apt/items/46912253
2026-05-21 06:08:49,송파더플래티넘,송파구,오금동,매매,9,65.33,19.76,150000,0,15.0,27,,237928,https://www.zigbang.com/home/apt/items/237928
2026-05-21 06:08:49,송파더플래티넘,송파구,오금동,매매,고,66.9,20.24,155000,0,15.5,28E,,46958840,https://www.zigbang.com/home/apt/items/46958840
2026-05-21 06:08:49,송파더플래티넘,송파구,오금동,매매,5,72.12,21.82,155000,0,15.5,28,,46915559,https://www.zigbang.com/home/apt/items/46915559
2026-05-21 06:08:49,송파더플래티넘,송파구,오금동,매매,4,72.12,21.82,155000,0,15.5,28,,46914967,https://www.zigbang.com/home/apt/items/46914967
2026-05-21 06:08:49,송파더플래티넘,송파구,오금동,매매,중,66.91,20.24,160000,0,16.0,27B,,46912280,https://www.zigbang.com/home/apt/items/46912280
2026-05-21 06:08:49,송파더플래티넘,송파구,오금동,매매,중,66.94,20.25,162000,0,16.2,27A,,46912728,https://www.zigbang.com/home/apt/items/46912728
2026-05-21 06:08:49,송파더플래티넘,송파구,오금동,매매,중,89.07,26.94,170000,0,17.0,35B,,49090288,https://www.zigbang.com/home/apt/items/49090288
2026-05-21 06:08:49,송파더플래티넘,송파구,오금동,매매,고,106.23,32.13,180000,0,18.0,42B,,47510193,https://www.zigbang.com/home/apt/items/47510193
2026-05-21 06:08:49,송파더플래티넘,송파구,오금동,매매,저,106.23,32.13,180000,0,18.0,42C,,46912536,https://www.zigbang.com/home/apt/items/46912536
2026-05-21 06:08:49,송파더플래티넘,송파구,오금동,매매,중,106.23,32.13,185000,0,18.5,42B,,46912367,https://www.zigbang.com/home/apt/items/46912367
2026-05-21 06:08:49,송파더플래티넘,송파구,오금동,매매,중,106.23,32.13,190000,0,19.0,42C,,46914664,https://www.zigbang.com/home/apt/items/46914664
2026-05-21 06:08:49,송파더플래티넘,송파구,오금동,매매,저,106.23,32.13,195000,0,19.5,42C,,46912849,https://www.zigbang.com/home/apt/items/46912849
2026-05-21 06:08:49,송파더플래티넘,송파구,오금동,매매,고,106.23,32.13,199000,0,19.9,42C,,46915075,https://www.zigbang.com/home/apt/items/46915075
2026-05-21 06:08:49,송파더플래티넘,송파구,오금동,매매,9,106.23,32.13,245000,0,24.5,42A,,46912781,https://www.zigbang.com/home/apt/items/46912781
2026-05-21 06:08:49,송파두산위브,송파구,오금동,매매,11,84.9703,25.7,180000,0,18.0,34,,101803,https://www.zigbang.com/home/apt/items/101803
2026-05-21 06:08:49,송파레미니스1단지,송파구,오금동,월세,고,84.94,25.69,50000,160,5.0,37C,,48842853,https://www.zigbang.com/home/apt/items/48842853
2026-05-21 06:08:49,송파레미니스1단지,송파구,오금동,전세,고,84.94,25.69,90000,0,9.0,37C,,48756159,https://www.zigbang.com/home/apt/items/48756159
2026-05-21 06:08:49,송파레미니스1단지,송파구,오금동,전세,10,84.82,25.66,90000,0,9.0,38B,,48473553,https://www.zigbang.com/home/apt/items/48473553
2026-05-21 06:08:49,송파레미니스1단지,송파구,오금동,매매,15,59.85,18.1,170000,0,17.0,27A,,49089302,https://www.zigbang.com/home/apt/items/49089302
2026-05-21 06:08:49,송파레미니스1단지,송파구,오금동,매매,저,84.82,25.66,180000,0,18.0,38B,,46666106,https://www.zigbang.com/home/apt/items/46666106
2026-05-21 06:08:49,송파레미니스1단지,송파구,오금동,매매,중,84.94,25.69,195000,0,19.5,37CN,,49089307,https://www.zigbang.com/home/apt/items/49089307
2026-05-21 06:08:49,송파레미니스1단지,송파구,오금동,매매,10,84.94,25.69,200000,0,20.0,37C,,164361,https://www.zigbang.com/home/apt/items/164361
2026-05-21 06:08:49,송파레미니스1단지,송파구,오금동,매매,고,84.82,25.66,210000,0,21.0,38B,,47034816,https://www.zigbang.com/home/apt/items/47034816
2026-05-21 06:08:49,송파레미니스1단지,송파구,오금동,매매,20,84.82,25.66,220000,0,22.0,38B,,224741,https://www.zigbang.com/home/apt/items/224741
2026-05-21 06:08:49,송파레미니스1단지,송파구,오금동,매매,2,84.82,25.66,230000,0,23.0,38B,,226640,https://www.zigbang.com/home/apt/items/226640
2026-05-21 06:08:49,송파레미니스1단지,송파구,오금동,매매,저,84.99,25.71,230000,0,23.0,37A,,46917474,https://www.zigbang.com/home/apt/items/46917474
2026-05-21 06:08:49,송파레미니스2단지,송파구,오금동,전세,고,84.82,25.66,85000,0,8.5,38B,,49089319,https://www.zigbang.com/home/apt/items/49089319
2026-05-21 06:08:49,송파레미니스2단지,송파구,오금동,매매,6,84.82,25.66,174000,0,17.4,38B,,49089322,https://www.zigbang.com/home/apt/items/49089322
2026-05-21 06:08:49,송파레미니스2단지,송파구,오금동,매매,고,84.82,25.66,174000,0,17.4,38B,,49086670,https://www.zigbang.com/home/apt/items/49086670
2026-05-21 06:08:49,송파레미니스2단지,송파구,오금동,매매,6,84.82,25.66,174000,0,17.4,38B,,48306379,https://www.zigbang.com/home/apt/items/48306379
2026-05-21 06:08:49,송파레미니스2단지,송파구,오금동,매매,고,84.94,25.69,180000,0,18.0,37C,,49089330,https://www.zigbang.com/home/apt/items/49089330
2026-05-21 06:08:49,송파레미니스2단지,송파구,오금동,매매,24,84.94,25.69,180000,0,18.0,37CN,,47422239,https://www.zigbang.com/home/apt/items/47422239
2026-05-21 06:08:49,송파레미니스2단지,송파구,오금동,매매,고,84.94,25.69,180000,0,18.0,37C,,43973972,https://www.zigbang.com/home/apt/items/43973972
2026-05-21 06:08:49,송파레미니스2단지,송파구,오금동,매매,13,84.94,25.69,185000,0,18.5,37C,,238321,https://www.zigbang.com/home/apt/items/238321
2026-05-21 06:08:49,송파레미니스2단지,송파구,오금동,매매,중,84.94,25.69,200000,0,20.0,37CN,,47422205,https://www.zigbang.com/home/apt/items/47422205
2026-05-21 06:08:49,송파호반베르디움더퍼스트,송파구,오금동,매매,중,101.4632,30.69,173000,0,17.3,39,,48565547,https://www.zigbang.com/home/apt/items/48565547
2026-05-21 06:08:49,영풍,송파구,오금동,매매,7,59.76,18.08,70000,0,7.0,24,,147964,https://www.zigbang.com/home/apt/items/147964
2026-05-21 06:08:49,오금쌍용스윗닷홈2차,송파구,오금동,매매,9,143.82,43.51,195000,0,19.5,52,,49089520,https://www.zigbang.com/home/apt/items/49089520
2026-05-21 06:08:49,올림픽파크센트레빌,송파구,오금동,매매,4,84.37,25.52,168000,0,16.8,33B,,49089461,https://www.zigbang.com/home/apt/items/49089461
2026-05-21 06:08:49,올림픽파크센트레빌,송파구,오금동,매매,고,84.68,25.62,185000,0,18.5,33C,,49089465,https://www.zigbang.com/home/apt/items/49089465
2026-05-21 06:08:49,현대,송파구,오금동,전세,5,170.32,51.52,92000,0,9.2,58,,49089190,https://www.zigbang.com/home/apt/items/49089190
2026-05-21 06:08:49,현대,송파구,오금동,매매,고,84.98,25.71,280000,0,28.0,31,,49089192,https://www.zigbang.com/home/apt/items/49089192
2026-05-21 06:08:49,현대,송파구,오금동,매매,1,130.93,39.61,285000,0,28.5,46,,49089193,https://www.zigbang.com/home/apt/items/49089193
2026-05-21 06:08:49,현대,송파구,오금동,매매,2,130.93,39.61,298000,0,29.8,46,,49091767,https://www.zigbang.com/home/apt/items/49091767
2026-05-21 06:08:49,현대,송파구,오금동,매매,5,130.93,39.61,300000,0,30.0,46,,49089214,https://www.zigbang.com/home/apt/items/49089214
2026-05-21 06:08:49,현대,송파구,오금동,매매,5,130.93,39.61,300000,0,30.0,46,,49089211,https://www.zigbang.com/home/apt/items/49089211
2026-05-21 06:08:49,현대,송파구,오금동,매매,중,130.93,39.61,300000,0,30.0,46,,49089203,https://www.zigbang.com/home/apt/items/49089203
2026-05-21 06:08:49,현대,송파구,오금동,매매,중,130.93,39.61,300000,0,30.0,46,,49089201,https://www.zigbang.com/home/apt/items/49089201
2026-05-21 06:08:49,현대,송파구,오금동,매매,8,130.93,39.61,300000,0,30.0,46,,49089199,https://www.zigbang.com/home/apt/items/49089199
2026-05-21 06:08:49,현대,송파구,오금동,매매,11,130.93,39.61,300000,0,30.0,46,,49089198,https://www.zigbang.com/home/apt/items/49089198
2026-05-21 06:08:49,현대,송파구,오금동,매매,8,130.93,39.61,320000,0,32.0,46,,49089218,https://www.zigbang.com/home/apt/items/49089218
2026-05-21 06:08:49,현대,송파구,오금동,매매,10,170.32,51.52,335000,0,33.5,58,,49089220,https://www.zigbang.com/home/apt/items/49089220
2026-05-21 06:08:49,현대,송파구,오금동,매매,저,170.32,51.52,340000,0,34.0,58,,49089224,https://www.zigbang.com/home/apt/items/49089224
2026-05-21 06:08:49,현대,송파구,오금동,매매,3,170.32,51.52,350000,0,35.0,58,,49089226,https://www.zigbang.com/home/apt/items/49089226
2026-05-21 06:08:49,현대백조,송파구,오금동,매매,3,78.59,23.77,165000,0,16.5,31A,,49089274,https://www.zigbang.com/home/apt/items/49089274
2026-05-21 06:08:49,현대백조,송파구,오금동,매매,13,78.59,23.77,172000,0,17.2,31A,,49089280,https://www.zigbang.com/home/apt/items/49089280
2026-05-21 06:08:49,갤러리아팰리스,송파구,잠실동,전세,중,176.03,53.25,160000,0,16.0,68C1,,48420265,https://www.zigbang.com/home/apt/items/48420265
2026-05-21 06:08:49,갤러리아팰리스,송파구,잠실동,매매,34,151.99,45.98,330000,0,33.0,58C,,177139,https://www.zigbang.com/home/apt/items/177139
2026-05-21 06:08:49,레이크팰리스,송파구,잠실동,매매,10,59.97,18.14,295000,0,29.5,26A,,233613,https://www.zigbang.com/home/apt/items/233613
2026-05-21 06:08:49,레이크팰리스,송파구,잠실동,매매,중,84.82,25.66,320000,0,32.0,34,,48449097,https://www.zigbang.com/home/apt/items/48449097
2026-05-21 06:08:49,레이크팰리스,송파구,잠실동,매매,13,135.82,41.09,420000,0,42.0,50A,,216670,https://www.zigbang.com/home/apt/items/216670
2026-05-21 06:08:49,리센츠,송파구,잠실동,월세,26,124.22,37.58,20000,680,2.0,48A,,48987669,https://www.zigbang.com/home/apt/items/48987669
2026-05-21 06:08:49,리센츠,송파구,잠실동,전세,중,124.22,37.58,180000,0,18.0,48B,,49040845,https://www.zigbang.com/home/apt/items/49040845
2026-05-21 06:08:49,리센츠,송파구,잠실동,매매,중,124.22,37.58,435000,0,43.5,48B,,49040901,https://www.zigbang.com/home/apt/items/49040901
2026-05-21 06:08:49,우성4차,송파구,잠실동,월세,8,95.84,28.99,5000,200,0.5,32,,229787,https://www.zigbang.com/home/apt/items/229787
2026-05-21 06:08:49,우성4차,송파구,잠실동,월세,9,95.84,28.99,10000,200,1.0,32,,206492,https://www.zigbang.com/home/apt/items/206492
2026-05-21 06:08:49,우성4차,송파구,잠실동,매매,11,95.84,28.99,290000,0,29.0,32,,221358,https://www.zigbang.com/home/apt/items/221358
2026-05-21 06:08:49,잠실주공5단지,송파구,잠실동,매매,고,81.75,24.73,410000,0,41.0,35,,48242881,https://www.zigbang.com/home/apt/items/48242881
2026-05-21 06:08:49,잠실주공5단지,송파구,잠실동,매매,13,81.75,24.73,430000,0,43.0,35,,222709,https://www.zigbang.com/home/apt/items/222709
2026-05-21 06:08:49,현대,송파구,잠실동,매매,6,84.68,25.62,220000,0,22.0,31B,,212496,https://www.zigbang.com/home/apt/items/212496
2026-05-21 06:08:49,송파꿈에그린위례24단지,송파구,장지동,월세,중,51.77,15.66,10000,220,1.0,21A,,49064892,https://www.zigbang.com/home/apt/items/49064892
2026-05-21 06:08:49,송파꿈에그린위례24단지,송파구,장지동,월세,중,51.77,15.66,25000,160,2.5,21A,,48483781,https://www.zigbang.com/home/apt/items/48483781
2026-05-21 06:08:49,송파꿈에그린위례24단지,송파구,장지동,월세,고,51.77,15.66,40000,100,4.0,21A,,49054288,https://www.zigbang.com/home/apt/items/49054288
2026-05-21 06:08:49,송파꿈에그린위례24단지,송파구,장지동,월세,고,84.93,25.69,48000,160,4.8,35B,,48483736,https://www.zigbang.com/home/apt/items/48483736
2026-05-21 06:08:49,송파꿈에그린위례24단지,송파구,장지동,월세,18,59.85,18.1,50000,100,5.0,25C1,,48817610,https://www.zigbang.com/home/apt/items/48817610
2026-05-21 06:08:49,송파꿈에그린위례24단지,송파구,장지동,월세,고,59.85,18.1,50000,110,5.0,25C1,,48802091,https://www.zigbang.com/home/apt/items/48802091
2026-05-21 06:08:49,송파꿈에그린위례24단지,송파구,장지동,월세,저,75.97,22.98,55000,120,5.5,31A1,,48935310,https://www.zigbang.com/home/apt/items/48935310
2026-05-21 06:08:49,송파꿈에그린위례24단지,송파구,장지동,전세,7,51.77,15.66,59000,0,5.9,21A,,48726346,https://www.zigbang.com/home/apt/items/48726346
2026-05-21 06:08:49,송파꿈에그린위례24단지,송파구,장지동,월세,중,75.92,22.97,60000,100,6.0,31B,,48483687,https://www.zigbang.com/home/apt/items/48483687
2026-05-21 06:08:49,송파꿈에그린위례24단지,송파구,장지동,전세,저,51.77,15.66,62000,0,6.2,21A,,49064962,https://www.zigbang.com/home/apt/items/49064962
2026-05-21 06:08:49,송파꿈에그린위례24단지,송파구,장지동,전세,고,51.77,15.66,64000,0,6.4,21AN,,48884610,https://www.zigbang.com/home/apt/items/48884610
2026-05-21 06:08:49,송파꿈에그린위례24단지,송파구,장지동,전세,고,51.77,15.66,64000,0,6.4,21A,,48787025,https://www.zigbang.com/home/apt/items/48787025
2026-05-21 06:08:49,송파꿈에그린위례24단지,송파구,장지동,전세,중,51.77,15.66,65000,0,6.5,21A,,49012546,https://www.zigbang.com/home/apt/items/49012546
2026-05-21 06:08:49,송파꿈에그린위례24단지,송파구,장지동,전세,저,51.77,15.66,70000,0,7.0,21A,,48669831,https://www.zigbang.com/home/apt/items/48669831
2026-05-21 06:08:49,송파꿈에그린위례24단지,송파구,장지동,전세,17,59.63,18.04,75000,0,7.5,25A,,48965095,https://www.zigbang.com/home/apt/items/48965095
2026-05-21 06:08:49,송파꿈에그린위례24단지,송파구,장지동,전세,고,59.85,18.1,75000,0,7.5,25C1,,48994688,https://www.zigbang.com/home/apt/items/48994688
2026-05-21 06:08:49,송파꿈에그린위례24단지,송파구,장지동,전세,고,59.85,18.1,75000,0,7.5,25C1,,48279473,https://www.zigbang.com/home/apt/items/48279473
2026-05-21 06:08:49,송파꿈에그린위례24단지,송파구,장지동,전세,중,84.93,25.69,81000,0,8.1,35B,,49065166,https://www.zigbang.com/home/apt/items/49065166
2026-05-21 06:08:49,송파꿈에그린위례24단지,송파구,장지동,전세,중,84.93,25.69,81000,0,8.1,35B,,49012427,https://www.zigbang.com/home/apt/items/49012427
2026-05-21 06:08:49,송파꿈에그린위례24단지,송파구,장지동,전세,저,75.97,22.98,85000,0,8.5,31A1,,48986927,https://www.zigbang.com/home/apt/items/48986927
2026-05-21 06:08:49,송파꿈에그린위례24단지,송파구,장지동,전세,고,84.93,25.69,85000,0,8.5,35C,,48800844,https://www.zigbang.com/home/apt/items/48800844
2026-05-21 06:08:49,송파꿈에그린위례24단지,송파구,장지동,전세,저,84.93,25.69,90000,0,9.0,35C,,48395494,https://www.zigbang.com/home/apt/items/48395494
2026-05-21 06:08:49,송파꿈에그린위례24단지,송파구,장지동,매매,중,51.77,15.66,163000,0,16.3,21A,,49077800,https://www.zigbang.com/home/apt/items/49077800
2026-05-21 06:08:49,송파꿈에그린위례24단지,송파구,장지동,매매,고,51.77,15.66,163000,0,16.3,21A,,49077746,https://www.zigbang.com/home/apt/items/49077746
2026-05-21 06:08:49,송파꿈에그린위례24단지,송파구,장지동,매매,중,59.85,18.1,190000,0,19.0,25C1,,48586511,https://www.zigbang.com/home/apt/items/48586511
2026-05-21 06:08:49,송파꿈에그린위례24단지,송파구,장지동,매매,고,59.63,18.04,190000,0,19.0,25A,,48405248,https://www.zigbang.com/home/apt/items/48405248
2026-05-21 06:08:49,송파꿈에그린위례24단지,송파구,장지동,매매,6,59.66,18.05,192000,0,19.2,25C,,49067045,https://www.zigbang.com/home/apt/items/49067045
2026-05-21 06:08:49,송파꿈에그린위례24단지,송파구,장지동,매매,8,59.63,18.04,195000,0,19.5,25A,,48501921,https://www.zigbang.com/home/apt/items/48501921
2026-05-21 06:08:49,송파꿈에그린위례24단지,송파구,장지동,매매,중,59.63,18.04,195000,0,19.5,25A,,49044484,https://www.zigbang.com/home/apt/items/49044484
2026-05-21 06:08:49,송파꿈에그린위례24단지,송파구,장지동,매매,중,59.63,18.04,195000,0,19.5,25A,,48682910,https://www.zigbang.com/home/apt/items/48682910
2026-05-21 06:08:49,송파꿈에그린위례24단지,송파구,장지동,매매,중,59.63,18.04,195000,0,19.5,25A,,48441848,https://www.zigbang.com/home/apt/items/48441848
2026-05-21 06:08:49,송파꿈에그린위례24단지,송파구,장지동,매매,고,75.97,22.98,217500,0,21.75,31A,,48986843,https://www.zigbang.com/home/apt/items/48986843
2026-05-21 06:08:49,송파꿈에그린위례24단지,송파구,장지동,매매,고,75.97,22.98,217500,0,21.75,31A,,49040930,https://www.zigbang.com/home/apt/items/49040930
2026-05-21 06:08:49,송파꿈에그린위례24단지,송파구,장지동,매매,6,75.97,22.98,220000,0,22.0,31A1N,,238320,https://www.zigbang.com/home/apt/items/238320
2026-05-21 06:08:49,송파더센트레,송파구,장지동,월세,고,51.77,15.66,10000,220,1.0,22A,,48846973,https://www.zigbang.com/home/apt/items/48846973
2026-05-21 06:08:49,송파더센트레,송파구,장지동,월세,중,59.96,18.14,35000,130,3.5,26AN,,49067603,https://www.zigbang.com/home/apt/items/49067603
2026-05-21 06:08:49,송파더센트레,송파구,장지동,월세,고,51.77,15.66,45000,100,4.5,22A,,49012193,https://www.zigbang.com/home/apt/items/49012193
2026-05-21 06:08:49,송파더센트레,송파구,장지동,전세,저,51.77,15.66,58000,0,5.8,22A,,48987105,https://www.zigbang.com/home/apt/items/48987105
2026-05-21 06:08:49,송파더센트레,송파구,장지동,월세,저,59.85,18.1,60000,60,6.0,26C,,49012149,https://www.zigbang.com/home/apt/items/49012149
2026-05-21 06:08:49,송파더센트레,송파구,장지동,전세,고,51.77,15.66,65000,0,6.5,22A,,49012299,https://www.zigbang.com/home/apt/items/49012299
2026-05-21 06:08:49,송파더센트레,송파구,장지동,전세,고,59.96,18.14,70000,0,7.0,26A,,49077926,https://www.zigbang.com/home/apt/items/49077926
2026-05-21 06:08:49,송파더센트레,송파구,장지동,전세,저,59.85,18.1,73000,0,7.3,26C,,49072709,https://www.zigbang.com/home/apt/items/49072709
2026-05-21 06:08:49,송파더센트레,송파구,장지동,전세,8,59.85,18.1,75000,0,7.5,26C,,49030381,https://www.zigbang.com/home/apt/items/49030381
2026-05-21 06:08:49,송파더센트레,송파구,장지동,매매,7,51.82,15.68,155000,0,15.5,22A1,,48513904,https://www.zigbang.com/home/apt/items/48513904
2026-05-21 06:08:49,송파더센트레,송파구,장지동,매매,고,51.77,15.66,165000,0,16.5,22A,,48428052,https://www.zigbang.com/home/apt/items/48428052
2026-05-21 06:08:49,송파더센트레,송파구,장지동,매매,고,59.85,18.1,180000,0,18.0,26C,,48899980,https://www.zigbang.com/home/apt/items/48899980
2026-05-21 06:08:49,송파더센트레,송파구,장지동,매매,중,59.96,18.14,180000,0,18.0,26A,,48885663,https://www.zigbang.com/home/apt/items/48885663
2026-05-21 06:08:49,송파더센트레,송파구,장지동,매매,중,59.96,18.14,180000,0,18.0,26A,,48851648,https://www.zigbang.com/home/apt/items/48851648
2026-05-21 06:08:49,송파와이즈더샵,송파구,장지동,월세,중,96.53,29.2,5000,400,0.5,38C,,49031022,https://www.zigbang.com/home/apt/items/49031022
2026-05-21 06:08:49,송파와이즈더샵,송파구,장지동,월세,저,97.16,29.39,40000,240,4.0,38G,,48994710,https://www.zigbang.com/home/apt/items/48994710
2026-05-21 06:08:49,송파와이즈더샵,송파구,장지동,월세,고,96.76,29.27,50000,200,5.0,39D,,48654325,https://www.zigbang.com/home/apt/items/48654325
2026-05-21 06:08:49,송파와이즈더샵,송파구,장지동,월세,저,97.07,29.36,55000,200,5.5,39B,,48123824,https://www.zigbang.com/home/apt/items/48123824
2026-05-21 06:08:49,송파와이즈더샵,송파구,장지동,월세,중,97.16,29.39,80000,80,8.0,39,,48998771,https://www.zigbang.com/home/apt/items/48998771
2026-05-21 06:08:49,송파와이즈더샵,송파구,장지동,전세,저,97.16,29.39,95000,0,9.5,38G,,48611092,https://www.zigbang.com/home/apt/items/48611092
2026-05-21 06:08:49,송파와이즈더샵,송파구,장지동,전세,중,97.16,29.39,100000,0,10.0,39,,48995763,https://www.zigbang.com/home/apt/items/48995763
2026-05-21 06:08:49,송파와이즈더샵,송파구,장지동,전세,중,97.16,29.39,100000,0,10.0,38G,,48912572,https://www.zigbang.com/home/apt/items/48912572
2026-05-21 06:08:49,송파와이즈더샵,송파구,장지동,전세,중,97.19,29.4,100000,0,10.0,38D,,48655844,https://www.zigbang.com/home/apt/items/48655844
2026-05-21 06:08:49,송파와이즈더샵,송파구,장지동,매매,고,96.78,29.28,240000,0,24.0,38A,,48760589,https://www.zigbang.com/home/apt/items/48760589
2026-05-21 06:08:49,송파와이즈더샵,송파구,장지동,매매,고,96.75,29.27,290000,0,29.0,38B,,47684559,https://www.zigbang.com/home/apt/items/47684559
2026-05-21 06:08:49,송파파인타운3단지,송파구,장지동,매매,5,84.98,25.71,185000,0,18.5,32T2,,206085,https://www.zigbang.com/home/apt/items/206085
2026-05-21 06:08:49,송파파인타운5단지,송파구,장지동,매매,고,84.93,25.69,210000,0,21.0,33A,,48396145,https://www.zigbang.com/home/apt/items/48396145
2026-05-21 06:08:49,송파파인타운7단지,송파구,장지동,매매,중,84.94,25.69,191000,0,19.1,34A,,48396093,https://www.zigbang.com/home/apt/items/48396093
2026-05-21 06:08:49,송파파인타운8단지,송파구,장지동,매매,고,59.97,18.14,175000,0,17.5,25T2,,48396210,https://www.zigbang.com/home/apt/items/48396210
2026-05-21 06:08:49,위례2차아이파크,송파구,장지동,월세,중,115.64,34.98,60000,240,6.0,45A,,47777110,https://www.zigbang.com/home/apt/items/47777110
2026-05-21 06:08:49,위례2차아이파크,송파구,장지동,전세,고,90.88,27.49,85000,0,8.5,36C,,49038635,https://www.zigbang.com/home/apt/items/49038635
2026-05-21 06:08:49,위례2차아이파크,송파구,장지동,전세,저,90.29,27.31,90000,0,9.0,36B,,49038950,https://www.zigbang.com/home/apt/items/49038950
2026-05-21 06:08:49,위례2차아이파크,송파구,장지동,전세,고,90.05,27.24,95000,0,9.5,36A,,48991624,https://www.zigbang.com/home/apt/items/48991624
2026-05-21 06:08:49,위례2차아이파크,송파구,장지동,전세,고,90.88,27.49,100000,0,10.0,36C,,47819605,https://www.zigbang.com/home/apt/items/47819605
2026-05-21 06:08:49,위례2차아이파크,송파구,장지동,전세,저,115.64,34.98,110000,0,11.0,45A,,48271601,https://www.zigbang.com/home/apt/items/48271601
2026-05-21 06:08:49,위례송파푸르지오,송파구,장지동,매매,중,108.81,32.91,230000,0,23.0,43,,48769509,https://www.zigbang.com/home/apt/items/48769509
2026-05-21 06:08:49,위례송파푸르지오,송파구,장지동,매매,15,106.96,32.36,235000,0,23.5,42A,,48914533,https://www.zigbang.com/home/apt/items/48914533
2026-05-21 06:08:49,위례송파푸르지오,송파구,장지동,매매,고,106.96,32.36,245000,0,24.5,42A,,47924633,https://www.zigbang.com/home/apt/items/47924633
2026-05-21 06:08:49,위례송파푸르지오,송파구,장지동,매매,중,107.63,32.56,250000,0,25.0,42B,,48387380,https://www.zigbang.com/home/apt/items/48387380
2026-05-21 06:08:49,위례아이파크,송파구,장지동,전세,11,87.83,26.57,88000,0,8.8,35C,,48951873,https://www.zigbang.com/home/apt/items/48951873
2026-05-21 06:08:49,위례아이파크,송파구,장지동,전세,중,87.83,26.57,95000,0,9.5,35C,,49031045,https://www.zigbang.com/home/apt/items/49031045
2026-05-21 06:08:49,위례중앙푸르지오1단지,송파구,장지동,월세,9,102.04,30.87,80000,120,8.0,41,,48823316,https://www.zigbang.com/home/apt/items/48823316
2026-05-21 06:08:49,위례중앙푸르지오1단지,송파구,장지동,전세,저,110.27,33.36,85000,0,8.5,44A,,48586490,https://www.zigbang.com/home/apt/items/48586490
2026-05-21 06:08:49,위례중앙푸르지오1단지,송파구,장지동,전세,저,84.89,25.68,90000,0,9.0,34D,,48395411,https://www.zigbang.com/home/apt/items/48395411
2026-05-21 06:08:49,위례중앙푸르지오1단지,송파구,장지동,전세,9,102.04,30.87,106000,0,10.6,41,,234452,https://www.zigbang.com/home/apt/items/234452
2026-05-21 06:08:49,위례중앙푸르지오1단지,송파구,장지동,전세,중,110.22,33.34,110000,0,11.0,43E,,48904030,https://www.zigbang.com/home/apt/items/48904030
2026-05-21 06:08:49,위례중앙푸르지오1단지,송파구,장지동,매매,중,84.94,25.69,240000,0,24.0,33G,,48386044,https://www.zigbang.com/home/apt/items/48386044
2026-05-21 06:08:49,위례중앙푸르지오1단지,송파구,장지동,매매,중,110.22,33.34,250000,0,25.0,43E,,48387204,https://www.zigbang.com/home/apt/items/48387204
2026-05-21 06:08:49,위례중앙푸르지오1단지,송파구,장지동,매매,고,102.04,30.87,290000,0,29.0,41,,48046941,https://www.zigbang.com/home/apt/items/48046941
2026-05-21 06:08:49,위례중앙푸르지오2단지,송파구,장지동,전세,고,106.094,32.09,105000,0,10.5,42B,,49079635,https://www.zigbang.com/home/apt/items/49079635
2026-05-21 06:08:49,위례중앙푸르지오2단지,송파구,장지동,매매,저,84.78,25.65,225000,0,22.5,34,,48395266,https://www.zigbang.com/home/apt/items/48395266
2026-05-21 06:08:49,위례중앙푸르지오2단지,송파구,장지동,매매,고,161.198,48.76,440000,0,44.0,65,,49012889,https://www.zigbang.com/home/apt/items/49012889
2026-05-21 06:08:49,힐스테이트송파위례,송파구,장지동,전세,고,101.8,30.79,105000,0,10.5,39D,,49079460,https://www.zigbang.com/home/apt/items/49079460
2026-05-21 06:08:49,힐스테이트송파위례,송파구,장지동,전세,고,101.8,30.79,105000,0,10.5,39A,,47822840,https://www.zigbang.com/home/apt/items/47822840
2026-05-21 06:08:49,힐스테이트송파위례,송파구,장지동,매매,22,101.8,30.79,225000,0,22.5,39D,,48503130,https://www.zigbang.com/home/apt/items/48503130
2026-05-21 06:08:49,강변현대,송파구,풍납동,매매,저,83.19,25.16,167000,0,16.7,30,,49085282,https://www.zigbang.com/home/apt/items/49085282
2026-05-21 06:08:49,동아한가람,송파구,풍납동,매매,저,59.98,18.14,120000,0,12.0,22F,,49093478,https://www.zigbang.com/home/apt/items/49093478
2026-05-21 06:08:49,동아한가람,송파구,풍납동,매매,저,84.98,25.71,145000,0,14.5,32B,,49093577,https://www.zigbang.com/home/apt/items/49093577
2026-05-21 06:08:49,미성맨션,송파구,풍납동,월세,5,116.97,35.38,15000,200,1.5,42,,48822890,https://www.zigbang.com/home/apt/items/48822890
2026-05-21 06:08:49,잠실올림픽공원아이파크,송파구,풍납동,전세,저,75.99,22.99,110000,0,11.0,31A,,48707468,https://www.zigbang.com/home/apt/items/48707468
2026-05-21 06:08:49,잠실올림픽공원아이파크,송파구,풍납동,전세,중,109.98,33.27,140000,0,14.0,44,,48022353,https://www.zigbang.com/home/apt/items/48022353
2026-05-21 06:08:49,잠실올림픽공원아이파크,송파구,풍납동,매매,고,75.91,22.96,240000,0,24.0,32T,,48705975,https://www.zigbang.com/home/apt/items/48705975
2026-05-21 06:08:49,잠실올림픽공원아이파크,송파구,풍납동,매매,1,75.99,22.99,240000,0,24.0,31A,,49044378,https://www.zigbang.com/home/apt/items/49044378
2026-05-21 06:08:49,잠실올림픽공원아이파크,송파구,풍납동,매매,중,84.99,25.71,270000,0,27.0,34T,,48712470,https://www.zigbang.com/home/apt/items/48712470
2026-05-21 06:08:49,잠실올림픽공원아이파크,송파구,풍납동,매매,중,75.99,22.99,270000,0,27.0,31A,,48707702,https://www.zigbang.com/home/apt/items/48707702
2026-05-21 06:08:49,잠실올림픽공원아이파크,송파구,풍납동,매매,중,109.98,33.27,330000,0,33.0,44,,48022334,https://www.zigbang.com/home/apt/items/48022334
2026-05-21 06:08:49,풍납극동,송파구,풍납동,매매,5,79.94,24.18,185000,0,18.5,29,,236823,https://www.zigbang.com/home/apt/items/236823
2026-05-21 06:08:49,현대리버빌2차,송파구,풍납동,매매,2,78.78,23.83,142000,0,14.2,31,,229112,https://www.zigbang.com/home/apt/items/229112
