수집시간,단지명,구,동,거래유형,층,면적(m2),평,보증금,월세,가격(억),타입,방향,매물ID,URL
2026-09-05 06:39:06,가락금호,송파구,가락동,매매,저,85,25.71,209000,0,20.9,33A,,50287489,https://www.zigbang.com/home/apt/items/50287489
2026-09-05 06:39:06,가락금호,송파구,가락동,매매,13,85,25.71,220000,0,22.0,33A,,50285003,https://www.zigbang.com/home/apt/items/50285003
2026-09-05 06:39:06,가락금호,송파구,가락동,매매,17,84.85,25.67,220000,0,22.0,32B,,49694413,https://www.zigbang.com/home/apt/items/49694413
2026-09-05 06:39:06,가락대림,송파구,가락동,매매,11,120.96,36.59,230000,0,23.0,44,,245523,https://www.zigbang.com/home/apt/items/245523
2026-09-05 06:39:06,가락대림,송파구,가락동,매매,12,120.96,36.59,230000,0,23.0,44,,242752,https://www.zigbang.com/home/apt/items/242752
2026-09-05 06:39:06,가락스타클래스,송파구,가락동,매매,10,84.98,25.71,165000,0,16.5,33D,,50292001,https://www.zigbang.com/home/apt/items/50292001
2026-09-05 06:39:06,가락스타클래스,송파구,가락동,매매,중,84.97,25.7,170000,0,17.0,33C,,50292017,https://www.zigbang.com/home/apt/items/50292017
2026-09-05 06:39:06,가락스타클래스,송파구,가락동,매매,고,84.93,25.69,170000,0,17.0,33B,,50292006,https://www.zigbang.com/home/apt/items/50292006
2026-09-05 06:39:06,가락쌍용1차,송파구,가락동,전세,4,59.92,18.13,70000,0,7.0,25,,50284073,https://www.zigbang.com/home/apt/items/50284073
2026-09-05 06:39:06,가락쌍용1차,송파구,가락동,전세,저,59.92,18.13,80000,0,8.0,25,,50214726,https://www.zigbang.com/home/apt/items/50214726
2026-09-05 06:39:06,가락쌍용1차,송파구,가락동,전세,중,84.69,25.62,82000,0,8.2,33,,50181749,https://www.zigbang.com/home/apt/items/50181749
2026-09-05 06:39:06,가락쌍용1차,송파구,가락동,매매,저,59.92,18.13,198000,0,19.8,25,,50214692,https://www.zigbang.com/home/apt/items/50214692
2026-09-05 06:39:06,가락쌍용1차,송파구,가락동,매매,4,84.69,25.62,215000,0,21.5,33,,50265427,https://www.zigbang.com/home/apt/items/50265427
2026-09-05 06:39:06,가락쌍용1차,송파구,가락동,매매,3,84.69,25.62,215000,0,21.5,33,,50265425,https://www.zigbang.com/home/apt/items/50265425
2026-09-05 06:39:06,가락쌍용1차,송파구,가락동,매매,12,84.69,25.62,217000,0,21.7,33,,50265432,https://www.zigbang.com/home/apt/items/50265432
2026-09-05 06:39:06,가락쌍용1차,송파구,가락동,매매,6,84.69,25.62,217000,0,21.7,33,,50265431,https://www.zigbang.com/home/apt/items/50265431
2026-09-05 06:39:06,가락쌍용1차,송파구,가락동,매매,2,84.69,25.62,217000,0,21.7,33,,50265428,https://www.zigbang.com/home/apt/items/50265428
2026-09-05 06:39:06,가락쌍용1차,송파구,가락동,매매,24,84.69,25.62,225000,0,22.5,33,,50189599,https://www.zigbang.com/home/apt/items/50189599
2026-09-05 06:39:06,가락쌍용1차,송파구,가락동,매매,저,84.69,25.62,240000,0,24.0,33,,50240857,https://www.zigbang.com/home/apt/items/50240857
2026-09-05 06:39:06,가락쌍용1차,송파구,가락동,매매,2,84.69,25.62,240000,0,24.0,33,,207005,https://www.zigbang.com/home/apt/items/207005
2026-09-05 06:39:06,가락쌍용1차,송파구,가락동,매매,1,84.69,25.62,245000,0,24.5,33,,192136,https://www.zigbang.com/home/apt/items/192136
2026-09-05 06:39:06,가락쌍용1차,송파구,가락동,매매,20,84.69,25.62,270000,0,27.0,33,,253628,https://www.zigbang.com/home/apt/items/253628
2026-09-05 06:39:06,가락쌍용1차,송파구,가락동,매매,저,84.69,25.62,270000,0,27.0,33,,49446898,https://www.zigbang.com/home/apt/items/49446898
2026-09-05 06:39:06,가락쌍용1차,송파구,가락동,매매,고,84.69,25.62,275000,0,27.5,33,,49870038,https://www.zigbang.com/home/apt/items/49870038
2026-09-05 06:39:06,가락쌍용2차,송파구,가락동,매매,7,84.42,25.54,200000,0,20.0,33,,242553,https://www.zigbang.com/home/apt/items/242553
2026-09-05 06:39:06,래미안파크팰리스,송파구,가락동,전세,12,114.75,34.71,125000,0,12.5,43,,50291883,https://www.zigbang.com/home/apt/items/50291883
2026-09-05 06:39:06,성원상떼빌,송파구,가락동,매매,중,90.7,27.44,129000,0,12.9,34,,50231918,https://www.zigbang.com/home/apt/items/50231918
2026-09-05 06:39:06,성원상떼빌,송파구,가락동,매매,중,90.7,27.44,129000,0,12.9,34,,49871324,https://www.zigbang.com/home/apt/items/49871324
2026-09-05 06:39:06,성원상떼빌,송파구,가락동,매매,저,103.96,31.45,145000,0,14.5,39,,49963973,https://www.zigbang.com/home/apt/items/49963973
2026-09-05 06:39:06,성원상떼빌,송파구,가락동,매매,9,101.52,30.71,160000,0,16.0,38,,236008,https://www.zigbang.com/home/apt/items/236008
2026-09-05 06:39:06,성원상떼빌,송파구,가락동,매매,7,117.16,35.44,165000,0,16.5,44,,243559,https://www.zigbang.com/home/apt/items/243559
2026-09-05 06:39:06,성원상떼빌,송파구,가락동,매매,중,136.24,41.21,172000,0,17.2,51,,50019631,https://www.zigbang.com/home/apt/items/50019631
2026-09-05 06:39:06,송파가락두산위브센티움,송파구,가락동,매매,10,33.1,10.01,27000,0,2.7,14B,,194494,https://www.zigbang.com/home/apt/items/194494
2026-09-05 06:39:06,한화오벨리스크,송파구,가락동,매매,20,25.32,7.66,18700,0,1.87,11,,213541,https://www.zigbang.com/home/apt/items/213541
2026-09-05 06:39:06,한화오벨리스크,송파구,가락동,매매,20,48.8,14.76,60000,0,6.0,21,,224644,https://www.zigbang.com/home/apt/items/224644
2026-09-05 06:39:06,헬리오시티,송파구,가락동,월세,중,39.1,11.83,10000,270,1.0,18A,,50293563,https://www.zigbang.com/home/apt/items/50293563
2026-09-05 06:39:06,헬리오시티,송파구,가락동,월세,중,39.1,11.83,10000,270,1.0,18A,,50227331,https://www.zigbang.com/home/apt/items/50227331
2026-09-05 06:39:06,헬리오시티,송파구,가락동,월세,중,39.1,11.83,10000,270,1.0,18A,,50198766,https://www.zigbang.com/home/apt/items/50198766
2026-09-05 06:39:06,헬리오시티,송파구,가락동,월세,저,39.86,12.06,10000,270,1.0,19C,,50169928,https://www.zigbang.com/home/apt/items/50169928
2026-09-05 06:39:06,헬리오시티,송파구,가락동,월세,중,39.1,11.83,10000,295,1.0,18A,,50160740,https://www.zigbang.com/home/apt/items/50160740
2026-09-05 06:39:06,헬리오시티,송파구,가락동,월세,고,84.98,25.71,10000,490,1.0,33E,,50150717,https://www.zigbang.com/home/apt/items/50150717
2026-09-05 06:39:06,헬리오시티,송파구,가락동,월세,중,39.1,11.83,10000,275,1.0,18A,,50130992,https://www.zigbang.com/home/apt/items/50130992
2026-09-05 06:39:06,헬리오시티,송파구,가락동,월세,중,39.1,11.83,10000,275,1.0,18A,,50068183,https://www.zigbang.com/home/apt/items/50068183
2026-09-05 06:39:06,헬리오시티,송파구,가락동,월세,중,99.6,30.13,10000,580,1.0,38,,49967246,https://www.zigbang.com/home/apt/items/49967246
2026-09-05 06:39:06,헬리오시티,송파구,가락동,월세,중,84.98,25.71,10000,460,1.0,33G,,49263617,https://www.zigbang.com/home/apt/items/49263617
2026-09-05 06:39:06,헬리오시티,송파구,가락동,월세,12,84.95,25.7,20000,460,2.0,33F,,50260054,https://www.zigbang.com/home/apt/items/50260054
2026-09-05 06:39:06,헬리오시티,송파구,가락동,월세,중,84.95,25.7,20000,450,2.0,33F,,50215023,https://www.zigbang.com/home/apt/items/50215023
2026-09-05 06:39:06,헬리오시티,송파구,가락동,월세,중,84.98,25.71,20000,450,2.0,33E,,50150173,https://www.zigbang.com/home/apt/items/50150173
2026-09-05 06:39:06,헬리오시티,송파구,가락동,월세,중,99.6,30.13,20000,560,2.0,38,,50138331,https://www.zigbang.com/home/apt/items/50138331
2026-09-05 06:39:06,헬리오시티,송파구,가락동,월세,중,59.96,18.14,20000,340,2.0,25,,50108364,https://www.zigbang.com/home/apt/items/50108364
2026-09-05 06:39:06,헬리오시티,송파구,가락동,월세,중,59.96,18.14,20000,340,2.0,25,,50090698,https://www.zigbang.com/home/apt/items/50090698
2026-09-05 06:39:06,헬리오시티,송파구,가락동,월세,중,99.6,30.13,20000,540,2.0,38,,49967513,https://www.zigbang.com/home/apt/items/49967513
2026-09-05 06:39:06,헬리오시티,송파구,가락동,월세,중,99.6,30.13,20000,550,2.0,38,,49779385,https://www.zigbang.com/home/apt/items/49779385
2026-09-05 06:39:06,헬리오시티,송파구,가락동,월세,중,59.96,18.14,20000,340,2.0,25,,49644655,https://www.zigbang.com/home/apt/items/49644655
2026-09-05 06:39:06,헬리오시티,송파구,가락동,월세,저,84.98,25.71,20000,450,2.0,33K,,49457597,https://www.zigbang.com/home/apt/items/49457597
2026-09-05 06:39:06,헬리오시티,송파구,가락동,월세,고,59.96,18.14,20000,350,2.0,25,,47770850,https://www.zigbang.com/home/apt/items/47770850
2026-09-05 06:39:06,헬리오시티,송파구,가락동,월세,저,59.96,18.14,30000,320,3.0,25,,50275242,https://www.zigbang.com/home/apt/items/50275242
2026-09-05 06:39:06,헬리오시티,송파구,가락동,월세,고,84.98,25.71,30000,420,3.0,33G,,50246895,https://www.zigbang.com/home/apt/items/50246895
2026-09-05 06:39:06,헬리오시티,송파구,가락동,월세,저,84.96,25.7,30000,430,3.0,32J1,,50189761,https://www.zigbang.com/home/apt/items/50189761
2026-09-05 06:39:06,헬리오시티,송파구,가락동,월세,저,84.96,25.7,30000,420,3.0,32J2,,50181539,https://www.zigbang.com/home/apt/items/50181539
2026-09-05 06:39:06,헬리오시티,송파구,가락동,월세,저,84.96,25.7,30000,420,3.0,32J2,,50180822,https://www.zigbang.com/home/apt/items/50180822
2026-09-05 06:39:06,헬리오시티,송파구,가락동,월세,저,84.96,25.7,30000,420,3.0,32J1,,50180757,https://www.zigbang.com/home/apt/items/50180757
2026-09-05 06:39:06,헬리오시티,송파구,가락동,월세,저,84.96,25.7,30000,410,3.0,32J2,,50180533,https://www.zigbang.com/home/apt/items/50180533
2026-09-05 06:39:06,헬리오시티,송파구,가락동,월세,고,110.66,33.47,30000,500,3.0,42A,,50149848,https://www.zigbang.com/home/apt/items/50149848
2026-09-05 06:39:06,헬리오시티,송파구,가락동,월세,중,110.66,33.47,30000,500,3.0,42A,,50138412,https://www.zigbang.com/home/apt/items/50138412
2026-09-05 06:39:06,헬리오시티,송파구,가락동,월세,고,84.99,25.71,30000,400,3.0,33D,,50123212,https://www.zigbang.com/home/apt/items/50123212
2026-09-05 06:39:06,헬리오시티,송파구,가락동,월세,중,84.99,25.71,30000,390,3.0,33D,,50111791,https://www.zigbang.com/home/apt/items/50111791
2026-09-05 06:39:06,헬리오시티,송파구,가락동,월세,중,84.99,25.71,30000,400,3.0,33D,,49794655,https://www.zigbang.com/home/apt/items/49794655
2026-09-05 06:39:06,헬리오시티,송파구,가락동,월세,저,84.99,25.71,30000,380,3.0,33D,,49767660,https://www.zigbang.com/home/apt/items/49767660
2026-09-05 06:39:06,헬리오시티,송파구,가락동,월세,중,110.66,33.47,30000,500,3.0,42A,,49736195,https://www.zigbang.com/home/apt/items/49736195
2026-09-05 06:39:06,헬리오시티,송파구,가락동,월세,중,110.44,33.41,30000,520,3.0,43B,,49455805,https://www.zigbang.com/home/apt/items/49455805
2026-09-05 06:39:06,헬리오시티,송파구,가락동,월세,저,59.96,18.14,30000,330,3.0,25,,49151572,https://www.zigbang.com/home/apt/items/49151572
2026-09-05 06:39:06,헬리오시티,송파구,가락동,월세,중,39.86,12.06,40000,175,4.0,19C,,50212828,https://www.zigbang.com/home/apt/items/50212828
2026-09-05 06:39:06,헬리오시티,송파구,가락동,월세,중,39.86,12.06,40000,180,4.0,19C,,50168599,https://www.zigbang.com/home/apt/items/50168599
2026-09-05 06:39:06,헬리오시티,송파구,가락동,월세,저,49.29,14.91,40000,230,4.0,22C,,50164947,https://www.zigbang.com/home/apt/items/50164947
2026-09-05 06:39:06,헬리오시티,송파구,가락동,월세,중,39.86,12.06,40000,175,4.0,19C,,50130953,https://www.zigbang.com/home/apt/items/50130953
2026-09-05 06:39:06,헬리오시티,송파구,가락동,월세,중,39.86,12.06,40000,170,4.0,19C,,49972052,https://www.zigbang.com/home/apt/items/49972052
2026-09-05 06:39:06,헬리오시티,송파구,가락동,월세,저,110.66,33.47,40000,500,4.0,42A,,48559300,https://www.zigbang.com/home/apt/items/48559300
2026-09-05 06:39:06,헬리오시티,송파구,가락동,월세,고,84.95,25.7,50000,340,5.0,33F,,50276522,https://www.zigbang.com/home/apt/items/50276522
2026-09-05 06:39:06,헬리오시티,송파구,가락동,월세,저,84.96,25.7,50000,330,5.0,32J2,,50180842,https://www.zigbang.com/home/apt/items/50180842
2026-09-05 06:39:06,헬리오시티,송파구,가락동,월세,저,59.96,18.14,60000,220,6.0,25,,50277416,https://www.zigbang.com/home/apt/items/50277416
2026-09-05 06:39:06,헬리오시티,송파구,가락동,월세,중,84.99,25.71,60000,300,6.0,33D,,50166659,https://www.zigbang.com/home/apt/items/50166659
2026-09-05 06:39:06,헬리오시티,송파구,가락동,월세,중,84.99,25.71,60000,300,6.0,33D,,50149927,https://www.zigbang.com/home/apt/items/50149927
2026-09-05 06:39:06,헬리오시티,송파구,가락동,월세,중,84.99,25.71,60000,300,6.0,33D,,50138183,https://www.zigbang.com/home/apt/items/50138183
2026-09-05 06:39:06,헬리오시티,송파구,가락동,월세,고,39.86,12.06,60000,100,6.0,19C,,50128761,https://www.zigbang.com/home/apt/items/50128761
2026-09-05 06:39:06,헬리오시티,송파구,가락동,월세,중,84.99,25.71,60000,300,6.0,33D,,50067657,https://www.zigbang.com/home/apt/items/50067657
2026-09-05 06:39:06,헬리오시티,송파구,가락동,월세,중,84.98,25.71,60000,300,6.0,33G,,50067466,https://www.zigbang.com/home/apt/items/50067466
2026-09-05 06:39:06,헬리오시티,송파구,가락동,월세,중,84.99,25.71,60000,300,6.0,33D,,50152822,https://www.zigbang.com/home/apt/items/50152822
2026-09-05 06:39:06,헬리오시티,송파구,가락동,월세,고,84.95,25.7,60000,280,6.0,33F,,49780031,https://www.zigbang.com/home/apt/items/49780031
2026-09-05 06:39:06,헬리오시티,송파구,가락동,월세,중,84.95,25.7,60000,300,6.0,33F,,49645319,https://www.zigbang.com/home/apt/items/49645319
2026-09-05 06:39:06,헬리오시티,송파구,가락동,월세,고,39.86,12.06,65000,75,6.5,19C,,50110452,https://www.zigbang.com/home/apt/items/50110452
2026-09-05 06:39:06,헬리오시티,송파구,가락동,월세,고,84.96,25.7,70000,260,7.0,32J1,,50224028,https://www.zigbang.com/home/apt/items/50224028
2026-09-05 06:39:06,헬리오시티,송파구,가락동,월세,고,39.86,12.06,70000,60,7.0,19C,,50222833,https://www.zigbang.com/home/apt/items/50222833
2026-09-05 06:39:06,헬리오시티,송파구,가락동,월세,고,39.86,12.06,70000,60,7.0,19C,,50169228,https://www.zigbang.com/home/apt/items/50169228
2026-09-05 06:39:06,헬리오시티,송파구,가락동,월세,고,39.86,12.06,70000,50,7.0,19C,,50130866,https://www.zigbang.com/home/apt/items/50130866
2026-09-05 06:39:06,헬리오시티,송파구,가락동,월세,고,84.96,25.7,70000,255,7.0,32J1,,50117573,https://www.zigbang.com/home/apt/items/50117573
2026-09-05 06:39:06,헬리오시티,송파구,가락동,월세,중,59.96,18.14,70000,100,7.0,25,,50108356,https://www.zigbang.com/home/apt/items/50108356
2026-09-05 06:39:06,헬리오시티,송파구,가락동,월세,고,84.96,25.7,70000,260,7.0,32J1,,50067297,https://www.zigbang.com/home/apt/items/50067297
2026-09-05 06:39:06,헬리오시티,송파구,가락동,월세,중,84.97,25.7,70000,260,7.0,33L,,50039096,https://www.zigbang.com/home/apt/items/50039096
2026-09-05 06:39:06,헬리오시티,송파구,가락동,월세,중,84.98,25.71,70000,240,7.0,33E,,49820223,https://www.zigbang.com/home/apt/items/49820223
2026-09-05 06:39:06,헬리오시티,송파구,가락동,월세,중,84.98,25.71,70000,240,7.0,33E,,49820189,https://www.zigbang.com/home/apt/items/49820189
2026-09-05 06:39:06,헬리오시티,송파구,가락동,월세,고,84.98,25.71,70000,250,7.0,32A,,49815754,https://www.zigbang.com/home/apt/items/49815754
2026-09-05 06:39:06,헬리오시티,송파구,가락동,월세,저,59.96,18.14,70000,165,7.0,25,,49722654,https://www.zigbang.com/home/apt/items/49722654
2026-09-05 06:39:06,헬리오시티,송파구,가락동,월세,중,110.66,33.47,70000,400,7.0,42A,,49428742,https://www.zigbang.com/home/apt/items/49428742
2026-09-05 06:39:06,헬리오시티,송파구,가락동,월세,중,84.99,25.71,70000,250,7.0,33D,,48644184,https://www.zigbang.com/home/apt/items/48644184
2026-09-05 06:39:06,헬리오시티,송파구,가락동,전세,저,39.1,11.83,78000,0,7.8,18A,,50272108,https://www.zigbang.com/home/apt/items/50272108
2026-09-05 06:39:06,헬리오시티,송파구,가락동,전세,저,39.17,11.85,79000,0,7.9,18D,,50263364,https://www.zigbang.com/home/apt/items/50263364
2026-09-05 06:39:06,헬리오시티,송파구,가락동,전세,저,39.1,11.83,80000,0,8.0,18A,,50236268,https://www.zigbang.com/home/apt/items/50236268
2026-09-05 06:39:06,헬리오시티,송파구,가락동,전세,저,49.19,14.88,80000,0,8.0,22A,,50235981,https://www.zigbang.com/home/apt/items/50235981
2026-09-05 06:39:06,헬리오시티,송파구,가락동,전세,중,39.1,11.83,80000,0,8.0,18A,,50228465,https://www.zigbang.com/home/apt/items/50228465
2026-09-05 06:39:06,헬리오시티,송파구,가락동,월세,고,84.98,25.71,80000,210,8.0,32A,,49815633,https://www.zigbang.com/home/apt/items/49815633
2026-09-05 06:39:06,헬리오시티,송파구,가락동,월세,중,59.96,18.14,80000,140,8.0,25,,49227527,https://www.zigbang.com/home/apt/items/49227527
2026-09-05 06:39:06,헬리오시티,송파구,가락동,전세,중,39.1,11.83,83000,0,8.3,18A,,49926173,https://www.zigbang.com/home/apt/items/49926173
2026-09-05 06:39:06,헬리오시티,송파구,가락동,전세,고,39.86,12.06,85000,0,8.5,19C,,50222805,https://www.zigbang.com/home/apt/items/50222805
2026-09-05 06:39:06,헬리오시티,송파구,가락동,전세,중,39.86,12.06,85000,0,8.5,19C,,49795101,https://www.zigbang.com/home/apt/items/49795101
2026-09-05 06:39:06,헬리오시티,송파구,가락동,전세,중,39.86,12.06,85000,0,8.5,19C,,49751435,https://www.zigbang.com/home/apt/items/49751435
2026-09-05 06:39:06,헬리오시티,송파구,가락동,전세,중,39.12,11.83,85000,0,8.5,18B,,49751377,https://www.zigbang.com/home/apt/items/49751377
2026-09-05 06:39:06,헬리오시티,송파구,가락동,월세,고,84.98,25.71,90000,180,9.0,33G,,50211195,https://www.zigbang.com/home/apt/items/50211195
2026-09-05 06:39:06,헬리오시티,송파구,가락동,월세,12,84.98,25.71,90000,180,9.0,32A,,50245598,https://www.zigbang.com/home/apt/items/50245598
2026-09-05 06:39:06,헬리오시티,송파구,가락동,월세,중,84.99,25.71,90000,180,9.0,33D,,50138229,https://www.zigbang.com/home/apt/items/50138229
2026-09-05 06:39:06,헬리오시티,송파구,가락동,전세,고,59.96,18.14,108000,0,10.8,25,,49755305,https://www.zigbang.com/home/apt/items/49755305
2026-09-05 06:39:06,헬리오시티,송파구,가락동,전세,중,59.96,18.14,112000,0,11.2,25,,50281897,https://www.zigbang.com/home/apt/items/50281897
2026-09-05 06:39:06,헬리오시티,송파구,가락동,전세,고,59.96,18.14,112000,0,11.2,25,,49113806,https://www.zigbang.com/home/apt/items/49113806
2026-09-05 06:39:06,헬리오시티,송파구,가락동,월세,13,110.66,33.47,130000,150,13.0,42A,,49816154,https://www.zigbang.com/home/apt/items/49816154
2026-09-05 06:39:06,헬리오시티,송파구,가락동,전세,저,84.99,25.71,133000,0,13.3,33D,,49642666,https://www.zigbang.com/home/apt/items/49642666
2026-09-05 06:39:06,헬리오시티,송파구,가락동,전세,저,84.98,25.71,133000,0,13.3,32A,,49060891,https://www.zigbang.com/home/apt/items/49060891
2026-09-05 06:39:06,헬리오시티,송파구,가락동,전세,중,84.99,25.71,135000,0,13.5,33D,,50247429,https://www.zigbang.com/home/apt/items/50247429
2026-09-05 06:39:06,헬리오시티,송파구,가락동,전세,중,84.94,25.69,135000,0,13.5,32I,,50244985,https://www.zigbang.com/home/apt/items/50244985
2026-09-05 06:39:06,헬리오시티,송파구,가락동,전세,고,84.99,25.71,135000,0,13.5,33D,,50179197,https://www.zigbang.com/home/apt/items/50179197
2026-09-05 06:39:06,헬리오시티,송파구,가락동,전세,중,84.99,25.71,135000,0,13.5,33D,,50118059,https://www.zigbang.com/home/apt/items/50118059
2026-09-05 06:39:06,헬리오시티,송파구,가락동,전세,중,84.95,25.7,135000,0,13.5,33F,,49818878,https://www.zigbang.com/home/apt/items/49818878
2026-09-05 06:39:06,헬리오시티,송파구,가락동,전세,중,84.98,25.71,135000,0,13.5,32A,,49716683,https://www.zigbang.com/home/apt/items/49716683
2026-09-05 06:39:06,헬리오시티,송파구,가락동,전세,고,84.98,25.71,135000,0,13.5,33E,,49716077,https://www.zigbang.com/home/apt/items/49716077
2026-09-05 06:39:06,헬리오시티,송파구,가락동,전세,고,84.99,25.71,135000,0,13.5,33C,,49675751,https://www.zigbang.com/home/apt/items/49675751
2026-09-05 06:39:06,헬리오시티,송파구,가락동,전세,고,84.95,25.7,135000,0,13.5,33F,,49621483,https://www.zigbang.com/home/apt/items/49621483
2026-09-05 06:39:06,헬리오시티,송파구,가락동,전세,저,84.99,25.71,138000,0,13.8,33C,,50232154,https://www.zigbang.com/home/apt/items/50232154
2026-09-05 06:39:06,헬리오시티,송파구,가락동,전세,저,84.98,25.71,138000,0,13.8,32A,,50122884,https://www.zigbang.com/home/apt/items/50122884
2026-09-05 06:39:06,헬리오시티,송파구,가락동,전세,저,84.99,25.71,140000,0,14.0,33C,,50260190,https://www.zigbang.com/home/apt/items/50260190
2026-09-05 06:39:06,헬리오시티,송파구,가락동,전세,중,99.6,30.13,145000,0,14.5,38,,50192258,https://www.zigbang.com/home/apt/items/50192258
2026-09-05 06:39:06,헬리오시티,송파구,가락동,전세,고,99.6,30.13,145000,0,14.5,38,,50134315,https://www.zigbang.com/home/apt/items/50134315
2026-09-05 06:39:06,헬리오시티,송파구,가락동,전세,중,84.98,25.71,145000,0,14.5,33G,,50108376,https://www.zigbang.com/home/apt/items/50108376
2026-09-05 06:39:06,헬리오시티,송파구,가락동,전세,중,99.6,30.13,145000,0,14.5,38,,50094074,https://www.zigbang.com/home/apt/items/50094074
2026-09-05 06:39:06,헬리오시티,송파구,가락동,전세,중,99.6,30.13,145000,0,14.5,38,,49799102,https://www.zigbang.com/home/apt/items/49799102
2026-09-05 06:39:06,헬리오시티,송파구,가락동,전세,중,99.6,30.13,145000,0,14.5,38,,49773852,https://www.zigbang.com/home/apt/items/49773852
2026-09-05 06:39:06,헬리오시티,송파구,가락동,전세,중,99.6,30.13,145000,0,14.5,38,,49675639,https://www.zigbang.com/home/apt/items/49675639
2026-09-05 06:39:06,헬리오시티,송파구,가락동,전세,중,99.6,30.13,145000,0,14.5,38,,49591581,https://www.zigbang.com/home/apt/items/49591581
2026-09-05 06:39:06,헬리오시티,송파구,가락동,월세,고,110.44,33.41,150000,80,15.0,43B,,50266389,https://www.zigbang.com/home/apt/items/50266389
2026-09-05 06:39:06,헬리오시티,송파구,가락동,전세,중,99.6,30.13,150000,0,15.0,38,,50131181,https://www.zigbang.com/home/apt/items/50131181
2026-09-05 06:39:06,헬리오시티,송파구,가락동,전세,고,99.6,30.13,150000,0,15.0,38,,50131138,https://www.zigbang.com/home/apt/items/50131138
2026-09-05 06:39:06,헬리오시티,송파구,가락동,전세,고,110.66,33.47,160000,0,16.0,42A,,50123135,https://www.zigbang.com/home/apt/items/50123135
2026-09-05 06:39:06,헬리오시티,송파구,가락동,전세,중,110.66,33.47,160000,0,16.0,42A,,49816327,https://www.zigbang.com/home/apt/items/49816327
2026-09-05 06:39:06,헬리오시티,송파구,가락동,전세,중,110.66,33.47,160000,0,16.0,42A,,49816036,https://www.zigbang.com/home/apt/items/49816036
2026-09-05 06:39:06,헬리오시티,송파구,가락동,전세,중,110.44,33.41,160000,0,16.0,43B,,49671834,https://www.zigbang.com/home/apt/items/49671834
2026-09-05 06:39:06,헬리오시티,송파구,가락동,전세,고,110.44,33.41,165000,0,16.5,43B,,50192164,https://www.zigbang.com/home/apt/items/50192164
2026-09-05 06:39:06,헬리오시티,송파구,가락동,전세,고,110.44,33.41,170000,0,17.0,43B,,50262141,https://www.zigbang.com/home/apt/items/50262141
2026-09-05 06:39:06,헬리오시티,송파구,가락동,전세,10,110.44,33.41,170000,0,17.0,43B,,49826694,https://www.zigbang.com/home/apt/items/49826694
2026-09-05 06:39:06,헬리오시티,송파구,가락동,전세,고,110.44,33.41,170000,0,17.0,43B,,49379126,https://www.zigbang.com/home/apt/items/49379126
2026-09-05 06:39:06,헬리오시티,송파구,가락동,매매,고,39.12,11.83,199000,0,19.9,18B,,50123252,https://www.zigbang.com/home/apt/items/50123252
2026-09-05 06:39:06,헬리오시티,송파구,가락동,매매,중,39.1,11.83,200000,0,20.0,18A,,50123290,https://www.zigbang.com/home/apt/items/50123290
2026-09-05 06:39:06,헬리오시티,송파구,가락동,매매,중,39.1,11.83,200000,0,20.0,18A,,49948821,https://www.zigbang.com/home/apt/items/49948821
2026-09-05 06:39:06,헬리오시티,송파구,가락동,매매,중,39.1,11.83,201000,0,20.1,18A,,50108338,https://www.zigbang.com/home/apt/items/50108338
2026-09-05 06:39:06,헬리오시티,송파구,가락동,매매,고,39.1,11.83,201000,0,20.1,18A,,50068223,https://www.zigbang.com/home/apt/items/50068223
2026-09-05 06:39:06,헬리오시티,송파구,가락동,매매,중,39.1,11.83,201000,0,20.1,18A,,49949475,https://www.zigbang.com/home/apt/items/49949475
2026-09-05 06:39:06,헬리오시티,송파구,가락동,매매,고,39.1,11.83,201000,0,20.1,18A,,49949281,https://www.zigbang.com/home/apt/items/49949281
2026-09-05 06:39:06,헬리오시티,송파구,가락동,매매,중,39.1,11.83,201000,0,20.1,18A,,49796238,https://www.zigbang.com/home/apt/items/49796238
2026-09-05 06:39:06,헬리오시티,송파구,가락동,매매,중,39.12,11.83,201000,0,20.1,18B,,49736275,https://www.zigbang.com/home/apt/items/49736275
2026-09-05 06:39:06,헬리오시티,송파구,가락동,매매,고,39.1,11.83,205000,0,20.5,18A,,50247667,https://www.zigbang.com/home/apt/items/50247667
2026-09-05 06:39:06,헬리오시티,송파구,가락동,매매,중,39.1,11.83,205000,0,20.5,18A,,50108341,https://www.zigbang.com/home/apt/items/50108341
2026-09-05 06:39:06,헬리오시티,송파구,가락동,매매,중,39.12,11.83,205000,0,20.5,18B,,49949717,https://www.zigbang.com/home/apt/items/49949717
2026-09-05 06:39:06,헬리오시티,송파구,가락동,매매,중,39.1,11.83,205000,0,20.5,18A,,49670766,https://www.zigbang.com/home/apt/items/49670766
2026-09-05 06:39:06,헬리오시티,송파구,가락동,매매,중,39.1,11.83,210000,0,21.0,18A,,48698679,https://www.zigbang.com/home/apt/items/48698679
2026-09-05 06:39:06,헬리오시티,송파구,가락동,매매,중,49.19,14.88,248000,0,24.8,22A,,49398104,https://www.zigbang.com/home/apt/items/49398104
2026-09-05 06:39:06,헬리오시티,송파구,가락동,매매,고,49.22,14.89,249000,0,24.9,22D,,50123648,https://www.zigbang.com/home/apt/items/50123648
2026-09-05 06:39:06,헬리오시티,송파구,가락동,매매,중,49.32,14.92,249000,0,24.9,22B,,49778801,https://www.zigbang.com/home/apt/items/49778801
2026-09-05 06:39:06,헬리오시티,송파구,가락동,매매,중,49.22,14.89,250000,0,25.0,22D,,50111593,https://www.zigbang.com/home/apt/items/50111593
2026-09-05 06:39:06,헬리오시티,송파구,가락동,매매,중,49.29,14.91,250000,0,25.0,22C,,50068296,https://www.zigbang.com/home/apt/items/50068296
2026-09-05 06:39:06,헬리오시티,송파구,가락동,매매,고,49.32,14.92,250000,0,25.0,22B,,49393654,https://www.zigbang.com/home/apt/items/49393654
2026-09-05 06:39:06,헬리오시티,송파구,가락동,매매,고,49.22,14.89,255000,0,25.5,22D,,50068311,https://www.zigbang.com/home/apt/items/50068311
2026-09-05 06:39:06,헬리오시티,송파구,가락동,매매,저,49.29,14.91,255000,0,25.5,22C,,50068275,https://www.zigbang.com/home/apt/items/50068275
2026-09-05 06:39:06,헬리오시티,송파구,가락동,매매,고,49.29,14.91,260000,0,26.0,22C,,50108344,https://www.zigbang.com/home/apt/items/50108344
2026-09-05 06:39:06,헬리오시티,송파구,가락동,매매,고,59.96,18.14,264000,0,26.4,25,,50201438,https://www.zigbang.com/home/apt/items/50201438
2026-09-05 06:39:06,헬리오시티,송파구,가락동,매매,고,59.96,18.14,264000,0,26.4,25,,50090963,https://www.zigbang.com/home/apt/items/50090963
2026-09-05 06:39:06,헬리오시티,송파구,가락동,매매,고,59.96,18.14,265000,0,26.5,25,,50123348,https://www.zigbang.com/home/apt/items/50123348
2026-09-05 06:39:06,헬리오시티,송파구,가락동,매매,중,84.98,25.71,270000,0,27.0,33E,,49966102,https://www.zigbang.com/home/apt/items/49966102
2026-09-05 06:39:06,헬리오시티,송파구,가락동,매매,저,59.96,18.14,274000,0,27.4,25,,50166294,https://www.zigbang.com/home/apt/items/50166294
2026-09-05 06:39:06,헬리오시티,송파구,가락동,매매,중,59.96,18.14,275000,0,27.5,25,,50222856,https://www.zigbang.com/home/apt/items/50222856
2026-09-05 06:39:06,헬리오시티,송파구,가락동,매매,저,84.97,25.7,275000,0,27.5,33L,,50199577,https://www.zigbang.com/home/apt/items/50199577
2026-09-05 06:39:06,헬리오시티,송파구,가락동,매매,저,59.96,18.14,275000,0,27.5,25,,49882542,https://www.zigbang.com/home/apt/items/49882542
2026-09-05 06:39:06,헬리오시티,송파구,가락동,매매,고,59.96,18.14,280000,0,28.0,25,,50182084,https://www.zigbang.com/home/apt/items/50182084
2026-09-05 06:39:06,헬리오시티,송파구,가락동,매매,중,59.96,18.14,280000,0,28.0,25,,50140043,https://www.zigbang.com/home/apt/items/50140043
2026-09-05 06:39:06,헬리오시티,송파구,가락동,매매,저,59.96,18.14,280000,0,28.0,25,,50108318,https://www.zigbang.com/home/apt/items/50108318
2026-09-05 06:39:06,헬리오시티,송파구,가락동,매매,저,59.96,18.14,280000,0,28.0,25,,50108402,https://www.zigbang.com/home/apt/items/50108402
2026-09-05 06:39:06,헬리오시티,송파구,가락동,매매,중,59.96,18.14,280000,0,28.0,25,,50068094,https://www.zigbang.com/home/apt/items/50068094
2026-09-05 06:39:06,헬리오시티,송파구,가락동,매매,고,59.96,18.14,280000,0,28.0,25,,49723101,https://www.zigbang.com/home/apt/items/49723101
2026-09-05 06:39:06,헬리오시티,송파구,가락동,매매,고,59.96,18.14,280000,0,28.0,25,,48488314,https://www.zigbang.com/home/apt/items/48488314
2026-09-05 06:39:06,헬리오시티,송파구,가락동,매매,중,84.99,25.71,284000,0,28.4,33D,,49483717,https://www.zigbang.com/home/apt/items/49483717
2026-09-05 06:39:06,헬리오시티,송파구,가락동,매매,저,84.98,25.71,285000,0,28.5,33E,,50148087,https://www.zigbang.com/home/apt/items/50148087
2026-09-05 06:39:06,헬리오시티,송파구,가락동,매매,저,84.99,25.71,285000,0,28.5,33D,,50124748,https://www.zigbang.com/home/apt/items/50124748
2026-09-05 06:39:06,헬리오시티,송파구,가락동,매매,중,84.95,25.7,287000,0,28.7,33F,,50198331,https://www.zigbang.com/home/apt/items/50198331
2026-09-05 06:39:06,헬리오시티,송파구,가락동,매매,저,84.95,25.7,287000,0,28.7,33F,,50113539,https://www.zigbang.com/home/apt/items/50113539
2026-09-05 06:39:06,헬리오시티,송파구,가락동,매매,저,84.95,25.7,287000,0,28.7,33F,,50108367,https://www.zigbang.com/home/apt/items/50108367
2026-09-05 06:39:06,헬리오시티,송파구,가락동,매매,고,84.96,25.7,288000,0,28.8,32J2,,50108333,https://www.zigbang.com/home/apt/items/50108333
2026-09-05 06:39:06,헬리오시티,송파구,가락동,매매,고,84.99,25.71,288000,0,28.8,33D,,49723385,https://www.zigbang.com/home/apt/items/49723385
2026-09-05 06:39:06,헬리오시티,송파구,가락동,매매,고,84.96,25.7,288000,0,28.8,32J1,,49723223,https://www.zigbang.com/home/apt/items/49723223
2026-09-05 06:39:06,헬리오시티,송파구,가락동,매매,고,84.96,25.7,288000,0,28.8,32J1,,49209193,https://www.zigbang.com/home/apt/items/49209193
2026-09-05 06:39:06,헬리오시티,송파구,가락동,매매,저,84.98,25.71,288000,0,28.8,33E,,47623477,https://www.zigbang.com/home/apt/items/47623477
2026-09-05 06:39:06,헬리오시티,송파구,가락동,매매,저,84.95,25.7,289000,0,28.9,33F,,50123522,https://www.zigbang.com/home/apt/items/50123522
2026-09-05 06:39:06,헬리오시티,송파구,가락동,매매,중,84.98,25.71,289000,0,28.9,32A,,50066964,https://www.zigbang.com/home/apt/items/50066964
2026-09-05 06:39:06,헬리오시티,송파구,가락동,매매,저,84.98,25.71,290000,0,29.0,33E,,50192053,https://www.zigbang.com/home/apt/items/50192053
2026-09-05 06:39:06,헬리오시티,송파구,가락동,매매,고,84.98,25.71,290000,0,29.0,33E,,50150089,https://www.zigbang.com/home/apt/items/50150089
2026-09-05 06:39:06,헬리오시티,송파구,가락동,매매,저,84.98,25.71,290000,0,29.0,33E,,50139906,https://www.zigbang.com/home/apt/items/50139906
2026-09-05 06:39:06,헬리오시티,송파구,가락동,매매,저,84.98,25.71,290000,0,29.0,32A,,50139494,https://www.zigbang.com/home/apt/items/50139494
2026-09-05 06:39:06,헬리오시티,송파구,가락동,매매,중,84.95,25.7,290000,0,29.0,33F,,50124800,https://www.zigbang.com/home/apt/items/50124800
2026-09-05 06:39:06,헬리오시티,송파구,가락동,매매,저,84.98,25.71,290000,0,29.0,33E,,50066887,https://www.zigbang.com/home/apt/items/50066887
2026-09-05 06:39:06,헬리오시티,송파구,가락동,매매,1,84.96,25.7,290000,0,29.0,32J2,,50024276,https://www.zigbang.com/home/apt/items/50024276
2026-09-05 06:39:06,헬리오시티,송파구,가락동,매매,저,84.98,25.71,290000,0,29.0,33K,,49666786,https://www.zigbang.com/home/apt/items/49666786
2026-09-05 06:39:06,헬리오시티,송파구,가락동,매매,저,84.99,25.71,295000,0,29.5,33D,,50124631,https://www.zigbang.com/home/apt/items/50124631
2026-09-05 06:39:06,헬리오시티,송파구,가락동,매매,4,84.98,25.71,295000,0,29.5,33K,,50067193,https://www.zigbang.com/home/apt/items/50067193
2026-09-05 06:39:06,헬리오시티,송파구,가락동,매매,저,84.98,25.71,295000,0,29.5,33K,,49949617,https://www.zigbang.com/home/apt/items/49949617
2026-09-05 06:39:06,헬리오시티,송파구,가락동,매매,중,84.98,25.71,295000,0,29.5,33E,,49755621,https://www.zigbang.com/home/apt/items/49755621
2026-09-05 06:39:06,헬리오시티,송파구,가락동,매매,고,84.96,25.7,295000,0,29.5,32J2,,49084331,https://www.zigbang.com/home/apt/items/49084331
2026-09-05 06:39:06,헬리오시티,송파구,가락동,매매,중,84.98,25.71,295000,0,29.5,32A,,48440781,https://www.zigbang.com/home/apt/items/48440781
2026-09-05 06:39:06,헬리오시티,송파구,가락동,매매,고,84.96,25.7,296000,0,29.6,32J1,,49863584,https://www.zigbang.com/home/apt/items/49863584
2026-09-05 06:39:06,헬리오시티,송파구,가락동,매매,중,84.98,25.71,298000,0,29.8,32A,,50194925,https://www.zigbang.com/home/apt/items/50194925
2026-09-05 06:39:06,헬리오시티,송파구,가락동,매매,저,84.99,25.71,300000,0,30.0,33D,,50191957,https://www.zigbang.com/home/apt/items/50191957
2026-09-05 06:39:06,헬리오시티,송파구,가락동,매매,저,84.98,25.71,300000,0,30.0,33E,,50122825,https://www.zigbang.com/home/apt/items/50122825
2026-09-05 06:39:06,헬리오시티,송파구,가락동,매매,중,84.98,25.71,300000,0,30.0,33K,,50084678,https://www.zigbang.com/home/apt/items/50084678
2026-09-05 06:39:06,헬리오시티,송파구,가락동,매매,중,84.98,25.71,300000,0,30.0,33G,,50067368,https://www.zigbang.com/home/apt/items/50067368
2026-09-05 06:39:06,헬리오시티,송파구,가락동,매매,중,84.99,25.71,300000,0,30.0,33D,,50067325,https://www.zigbang.com/home/apt/items/50067325
2026-09-05 06:39:06,헬리오시티,송파구,가락동,매매,고,84.99,25.71,300000,0,30.0,33D,,49949490,https://www.zigbang.com/home/apt/items/49949490
2026-09-05 06:39:06,헬리오시티,송파구,가락동,매매,중,84.99,25.71,300000,0,30.0,33D,,49722313,https://www.zigbang.com/home/apt/items/49722313
2026-09-05 06:39:06,헬리오시티,송파구,가락동,매매,중,84.98,25.71,300000,0,30.0,32A,,48684451,https://www.zigbang.com/home/apt/items/48684451
2026-09-05 06:39:06,헬리오시티,송파구,가락동,매매,고,84.98,25.71,300000,0,30.0,33E,,47764035,https://www.zigbang.com/home/apt/items/47764035
2026-09-05 06:39:06,헬리오시티,송파구,가락동,매매,중,84.99,25.71,300000,0,30.0,33D,,47616240,https://www.zigbang.com/home/apt/items/47616240
2026-09-05 06:39:06,헬리오시티,송파구,가락동,매매,저,84.98,25.71,302000,0,30.2,33E,,49352561,https://www.zigbang.com/home/apt/items/49352561
2026-09-05 06:39:06,헬리오시티,송파구,가락동,매매,중,84.95,25.7,304000,0,30.4,33F,,49352602,https://www.zigbang.com/home/apt/items/49352602
2026-09-05 06:39:06,헬리오시티,송파구,가락동,매매,고,84.99,25.71,305000,0,30.5,33D,,50199604,https://www.zigbang.com/home/apt/items/50199604
2026-09-05 06:39:06,헬리오시티,송파구,가락동,매매,고,84.98,25.71,305000,0,30.5,32A,,50170102,https://www.zigbang.com/home/apt/items/50170102
2026-09-05 06:39:06,헬리오시티,송파구,가락동,매매,중,84.98,25.71,305000,0,30.5,33E,,50156636,https://www.zigbang.com/home/apt/items/50156636
2026-09-05 06:39:06,헬리오시티,송파구,가락동,매매,중,84.99,25.71,305000,0,30.5,33D,,49950747,https://www.zigbang.com/home/apt/items/49950747
2026-09-05 06:39:06,헬리오시티,송파구,가락동,매매,고,84.98,25.71,305000,0,30.5,32A,,49896030,https://www.zigbang.com/home/apt/items/49896030
2026-09-05 06:39:06,헬리오시티,송파구,가락동,매매,중,84.98,25.71,305000,0,30.5,33E,,49668542,https://www.zigbang.com/home/apt/items/49668542
2026-09-05 06:39:06,헬리오시티,송파구,가락동,매매,중,84.95,25.7,305000,0,30.5,33F,,49116042,https://www.zigbang.com/home/apt/items/49116042
2026-09-05 06:39:06,헬리오시티,송파구,가락동,매매,고,84.99,25.71,305000,0,30.5,33D,,47637625,https://www.zigbang.com/home/apt/items/47637625
2026-09-05 06:39:06,헬리오시티,송파구,가락동,매매,고,84.98,25.71,310000,0,31.0,33E,,50160878,https://www.zigbang.com/home/apt/items/50160878
2026-09-05 06:39:06,헬리오시티,송파구,가락동,매매,중,84.99,25.71,310000,0,31.0,33D,,50129448,https://www.zigbang.com/home/apt/items/50129448
2026-09-05 06:39:06,헬리오시티,송파구,가락동,매매,고,84.95,25.7,310000,0,31.0,33F,,50122791,https://www.zigbang.com/home/apt/items/50122791
2026-09-05 06:39:06,헬리오시티,송파구,가락동,매매,중,84.94,25.69,310000,0,31.0,32I,,49895535,https://www.zigbang.com/home/apt/items/49895535
2026-09-05 06:39:06,헬리오시티,송파구,가락동,매매,17,84.98,25.71,310000,0,31.0,33K,,49666824,https://www.zigbang.com/home/apt/items/49666824
2026-09-05 06:39:06,헬리오시티,송파구,가락동,매매,중,84.99,25.71,310000,0,31.0,33D,,49344299,https://www.zigbang.com/home/apt/items/49344299
2026-09-05 06:39:06,헬리오시티,송파구,가락동,매매,중,84.95,25.7,310000,0,31.0,33F,,48763084,https://www.zigbang.com/home/apt/items/48763084
2026-09-05 06:39:06,헬리오시티,송파구,가락동,매매,중,84.99,25.71,310000,0,31.0,33C,,48315019,https://www.zigbang.com/home/apt/items/48315019
2026-09-05 06:39:06,헬리오시티,송파구,가락동,매매,중,84.95,25.7,310000,0,31.0,33F,,47616320,https://www.zigbang.com/home/apt/items/47616320
2026-09-05 06:39:06,헬리오시티,송파구,가락동,매매,중,99.6,30.13,318000,0,31.8,38,,48292041,https://www.zigbang.com/home/apt/items/48292041
2026-09-05 06:39:06,헬리오시티,송파구,가락동,매매,21,84.95,25.7,318000,0,31.8,33F,,49742775,https://www.zigbang.com/home/apt/items/49742775
2026-09-05 06:39:06,헬리오시티,송파구,가락동,매매,중,99.6,30.13,320000,0,32.0,38,,50276560,https://www.zigbang.com/home/apt/items/50276560
2026-09-05 06:39:06,헬리오시티,송파구,가락동,매매,중,99.6,30.13,320000,0,32.0,38,,48502942,https://www.zigbang.com/home/apt/items/48502942
2026-09-05 06:39:06,헬리오시티,송파구,가락동,매매,중,99.6,30.13,320000,0,32.0,38,,48292015,https://www.zigbang.com/home/apt/items/48292015
2026-09-05 06:39:06,헬리오시티,송파구,가락동,매매,9,84.99,25.71,320000,0,32.0,33D,,46815166,https://www.zigbang.com/home/apt/items/46815166
2026-09-05 06:39:06,헬리오시티,송파구,가락동,매매,고,84.99,25.71,320000,0,32.0,33D,,50202993,https://www.zigbang.com/home/apt/items/50202993
2026-09-05 06:39:06,헬리오시티,송파구,가락동,매매,저,110.66,33.47,335000,0,33.5,42A,,48988446,https://www.zigbang.com/home/apt/items/48988446
2026-09-05 06:39:06,헬리오시티,송파구,가락동,매매,저,110.66,33.47,340000,0,34.0,42A,,50230861,https://www.zigbang.com/home/apt/items/50230861
2026-09-05 06:39:06,헬리오시티,송파구,가락동,매매,중,110.66,33.47,340000,0,34.0,42A,,50093890,https://www.zigbang.com/home/apt/items/50093890
2026-09-05 06:39:06,헬리오시티,송파구,가락동,매매,저,110.44,33.41,340000,0,34.0,43B,,49708876,https://www.zigbang.com/home/apt/items/49708876
2026-09-05 06:39:06,헬리오시티,송파구,가락동,매매,중,110.66,33.47,340000,0,34.0,42A,,49323400,https://www.zigbang.com/home/apt/items/49323400
2026-09-05 06:39:06,헬리오시티,송파구,가락동,매매,중,99.6,30.13,340000,0,34.0,38,,49281701,https://www.zigbang.com/home/apt/items/49281701
2026-09-05 06:39:06,헬리오시티,송파구,가락동,매매,저,110.44,33.41,340000,0,34.0,43B,,48988558,https://www.zigbang.com/home/apt/items/48988558
2026-09-05 06:39:06,헬리오시티,송파구,가락동,매매,저,110.44,33.41,340000,0,34.0,43B,,47765234,https://www.zigbang.com/home/apt/items/47765234
2026-09-05 06:39:06,헬리오시티,송파구,가락동,매매,중,110.44,33.41,343000,0,34.3,43B,,50211276,https://www.zigbang.com/home/apt/items/50211276
2026-09-05 06:39:06,헬리오시티,송파구,가락동,매매,고,110.44,33.41,345000,0,34.5,43B,,50093835,https://www.zigbang.com/home/apt/items/50093835
2026-09-05 06:39:06,헬리오시티,송파구,가락동,매매,저,110.66,33.47,345000,0,34.5,42A,,50284939,https://www.zigbang.com/home/apt/items/50284939
2026-09-05 06:39:06,헬리오시티,송파구,가락동,매매,중,110.44,33.41,350000,0,35.0,43B,,49708771,https://www.zigbang.com/home/apt/items/49708771
2026-09-05 06:39:06,헬리오시티,송파구,가락동,매매,27,99.6,30.13,360000,0,36.0,38,,49826113,https://www.zigbang.com/home/apt/items/49826113
2026-09-05 06:39:06,헬리오시티,송파구,가락동,매매,중,130.06,39.34,390000,0,39.0,49,,50162421,https://www.zigbang.com/home/apt/items/50162421
2026-09-05 06:39:06,헬리오시티,송파구,가락동,매매,중,130.06,39.34,400000,0,40.0,49,,50108465,https://www.zigbang.com/home/apt/items/50108465
2026-09-05 06:39:06,헬리오시티,송파구,가락동,매매,29,150.09,45.4,550000,0,55.0,58C,,49826778,https://www.zigbang.com/home/apt/items/49826778
2026-09-05 06:39:06,e편한세상송파파크센트럴,송파구,거여동,월세,1,84.95,25.7,500,150,0.05,34F,,256621,https://www.zigbang.com/home/apt/items/256621
2026-09-05 06:39:06,e편한세상송파파크센트럴,송파구,거여동,월세,고,84.97,25.7,30000,280,3.0,34C,,50041614,https://www.zigbang.com/home/apt/items/50041614
2026-09-05 06:39:06,e편한세상송파파크센트럴,송파구,거여동,월세,저,84.95,25.7,50000,200,5.0,34F,,49577870,https://www.zigbang.com/home/apt/items/49577870
2026-09-05 06:39:06,e편한세상송파파크센트럴,송파구,거여동,전세,16,59.96,18.14,83000,0,8.3,25A,,49783638,https://www.zigbang.com/home/apt/items/49783638
2026-09-05 06:39:06,e편한세상송파파크센트럴,송파구,거여동,전세,중,59.96,18.14,87000,0,8.7,25A,,49629299,https://www.zigbang.com/home/apt/items/49629299
2026-09-05 06:39:06,e편한세상송파파크센트럴,송파구,거여동,매매,5,59.94,18.13,180000,0,18.0,25B,,49664292,https://www.zigbang.com/home/apt/items/49664292
2026-09-05 06:39:06,e편한세상송파파크센트럴,송파구,거여동,매매,중,84.97,25.7,200000,0,20.0,34C,,49731605,https://www.zigbang.com/home/apt/items/49731605
2026-09-05 06:39:06,e편한세상송파파크센트럴,송파구,거여동,매매,4,84.96,25.7,200000,0,20.0,34H,,49558097,https://www.zigbang.com/home/apt/items/49558097
2026-09-05 06:39:06,e편한세상송파파크센트럴,송파구,거여동,매매,중,84.95,25.7,200000,0,20.0,34F,,49073184,https://www.zigbang.com/home/apt/items/49073184
2026-09-05 06:39:06,e편한세상송파파크센트럴,송파구,거여동,매매,7,84.96,25.7,205000,0,20.5,34A,,241035,https://www.zigbang.com/home/apt/items/241035
2026-09-05 06:39:06,e편한세상송파파크센트럴,송파구,거여동,매매,5,84.96,25.7,220000,0,22.0,34A,,49125194,https://www.zigbang.com/home/apt/items/49125194
2026-09-05 06:39:06,e편한세상송파파크센트럴,송파구,거여동,매매,13,113.18,34.24,225000,0,22.5,41B,,49666501,https://www.zigbang.com/home/apt/items/49666501
2026-09-05 06:39:06,e편한세상송파파크센트럴,송파구,거여동,매매,고,113.18,34.24,235000,0,23.5,41B,,50090564,https://www.zigbang.com/home/apt/items/50090564
2026-09-05 06:39:06,거여2단지효성동아,송파구,거여동,매매,고,134.88,40.8,215000,0,21.5,48,,50291982,https://www.zigbang.com/home/apt/items/50291982
2026-09-05 06:39:06,거여5단지,송파구,거여동,매매,고,59.74,18.07,150000,0,15.0,25,,50093553,https://www.zigbang.com/home/apt/items/50093553
2026-09-05 06:39:06,거여5단지,송파구,거여동,매매,고,59.74,18.07,150000,0,15.0,25,,50013184,https://www.zigbang.com/home/apt/items/50013184
2026-09-05 06:39:06,보화2차,송파구,거여동,매매,고,40.38,12.21,130000,0,13.0,15A,,49976687,https://www.zigbang.com/home/apt/items/49976687
2026-09-05 06:39:06,송파레이크파크호반써밋1차,송파구,거여동,전세,중,108.8109,32.92,110000,0,11.0,41C,,50273858,https://www.zigbang.com/home/apt/items/50273858
2026-09-05 06:39:06,송파레이크파크호반써밋1차,송파구,거여동,전세,저,108.8119,32.92,110000,0,11.0,41A,,49079212,https://www.zigbang.com/home/apt/items/49079212
2026-09-05 06:39:06,송파레이크파크호반써밋1차,송파구,거여동,매매,중,108.8119,32.92,209000,0,20.9,41A,,49787150,https://www.zigbang.com/home/apt/items/49787150
2026-09-05 06:39:06,송파레이크파크호반써밋1차,송파구,거여동,매매,저,108.8119,32.92,209000,0,20.9,41A,,48858350,https://www.zigbang.com/home/apt/items/48858350
2026-09-05 06:39:06,송파레이크파크호반써밋1차,송파구,거여동,매매,중,108.8119,32.92,210000,0,21.0,41A,,48404828,https://www.zigbang.com/home/apt/items/48404828
2026-09-05 06:39:06,송파레이크파크호반써밋1차,송파구,거여동,매매,고,108.8119,32.92,220000,0,22.0,41A,,49952393,https://www.zigbang.com/home/apt/items/49952393
2026-09-05 06:39:06,송파레이크파크호반써밋2차,송파구,거여동,월세,중,108.8119,32.92,100000,80,10.0,41A,,49658473,https://www.zigbang.com/home/apt/items/49658473
2026-09-05 06:39:06,송파레이크파크호반써밋2차,송파구,거여동,전세,저,110.8519,33.53,120000,0,12.0,42A,,49779216,https://www.zigbang.com/home/apt/items/49779216
2026-09-05 06:39:06,송파레이크파크호반써밋2차,송파구,거여동,전세,11,108.8119,32.92,120000,0,12.0,41A,,49782851,https://www.zigbang.com/home/apt/items/49782851
2026-09-05 06:39:06,송파레이크파크호반써밋2차,송파구,거여동,매매,7,108.8109,32.92,230000,0,23.0,41C,,49977811,https://www.zigbang.com/home/apt/items/49977811
2026-09-05 06:39:06,송파레이크파크호반써밋2차,송파구,거여동,매매,13,108.8119,32.92,240000,0,24.0,41A,,49391124,https://www.zigbang.com/home/apt/items/49391124
2026-09-05 06:39:06,송파레이크파크호반써밋2차,송파구,거여동,매매,고,108.8109,32.92,290000,0,29.0,41C,,50140356,https://www.zigbang.com/home/apt/items/50140356
2026-09-05 06:39:06,송파레이크파크호반써밋2차,송파구,거여동,매매,중,108.8109,32.92,290000,0,29.0,41C,,46667888,https://www.zigbang.com/home/apt/items/46667888
2026-09-05 06:39:06,송파레이크힐,송파구,거여동,월세,5,84.92,25.69,20000,350,2.0,33C,,49679602,https://www.zigbang.com/home/apt/items/49679602
2026-09-05 06:39:06,송파레이크힐,송파구,거여동,월세,중,74.9,22.66,30000,250,3.0,29E,,49712416,https://www.zigbang.com/home/apt/items/49712416
2026-09-05 06:39:06,송파레이크힐,송파구,거여동,월세,고,84.92,25.69,35000,280,3.5,33C,,49978691,https://www.zigbang.com/home/apt/items/49978691
2026-09-05 06:39:06,송파레이크힐,송파구,거여동,월세,중,64.94,19.64,70000,30,7.0,25A,,50289483,https://www.zigbang.com/home/apt/items/50289483
2026-09-05 06:39:06,송파레이크힐,송파구,거여동,월세,저,84.75,25.64,70000,120,7.0,33A,,50217206,https://www.zigbang.com/home/apt/items/50217206
2026-09-05 06:39:06,송파레이크힐,송파구,거여동,전세,중,64.94,19.64,78000,0,7.8,25A,,50289442,https://www.zigbang.com/home/apt/items/50289442
2026-09-05 06:39:06,송파레이크힐,송파구,거여동,전세,저,64.94,19.64,78000,0,7.8,25A,,50230192,https://www.zigbang.com/home/apt/items/50230192
2026-09-05 06:39:06,송파레이크힐,송파구,거여동,전세,저,74.9,22.66,84500,0,8.45,29C,,50232305,https://www.zigbang.com/home/apt/items/50232305
2026-09-05 06:39:06,송파레이크힐,송파구,거여동,전세,저,74.9,22.66,85000,0,8.5,29E,,49930393,https://www.zigbang.com/home/apt/items/49930393
2026-09-05 06:39:06,송파레이크힐,송파구,거여동,전세,중,74.9,22.66,85000,0,8.5,29C,,49872727,https://www.zigbang.com/home/apt/items/49872727
2026-09-05 06:39:06,송파레이크힐,송파구,거여동,전세,저,84.75,25.64,100000,0,10.0,33A,,50217199,https://www.zigbang.com/home/apt/items/50217199
2026-09-05 06:39:06,송파레이크힐,송파구,거여동,전세,중,84.75,25.64,100000,0,10.0,33A,,50034583,https://www.zigbang.com/home/apt/items/50034583
2026-09-05 06:39:06,송파레이크힐,송파구,거여동,전세,12,84.75,25.64,100000,0,10.0,33A,,50089872,https://www.zigbang.com/home/apt/items/50089872
2026-09-05 06:39:06,송파레이크힐,송파구,거여동,전세,고,84.75,25.64,100000,0,10.0,33A,,48765634,https://www.zigbang.com/home/apt/items/48765634
2026-09-05 06:39:06,송파레이크힐,송파구,거여동,매매,중,64.94,19.64,170000,0,17.0,25A,,50294515,https://www.zigbang.com/home/apt/items/50294515
2026-09-05 06:39:06,송파레이크힐,송파구,거여동,매매,중,64.94,19.64,170000,0,17.0,25A,,49938033,https://www.zigbang.com/home/apt/items/49938033
2026-09-05 06:39:06,송파레이크힐,송파구,거여동,매매,저,64.94,19.64,170000,0,17.0,25A,,49489943,https://www.zigbang.com/home/apt/items/49489943
2026-09-05 06:39:06,송파레이크힐,송파구,거여동,매매,저,64.94,19.64,172000,0,17.2,25A,,50229204,https://www.zigbang.com/home/apt/items/50229204
2026-09-05 06:39:06,송파레이크힐,송파구,거여동,매매,14,64.94,19.64,180000,0,18.0,25A,,50219428,https://www.zigbang.com/home/apt/items/50219428
2026-09-05 06:39:06,송파레이크힐,송파구,거여동,매매,1,64.94,19.64,180000,0,18.0,25A,,50089689,https://www.zigbang.com/home/apt/items/50089689
2026-09-05 06:39:06,송파레이크힐,송파구,거여동,매매,저,74.9,22.66,190000,0,19.0,29E,,49362815,https://www.zigbang.com/home/apt/items/49362815
2026-09-05 06:39:06,송파레이크힐,송파구,거여동,매매,중,74.96,22.68,200000,0,20.0,29B,,49350405,https://www.zigbang.com/home/apt/items/49350405
2026-09-05 06:39:06,송파레이크힐,송파구,거여동,매매,저,74.9,22.66,200000,0,20.0,29E,,49051584,https://www.zigbang.com/home/apt/items/49051584
2026-09-05 06:39:06,송파레이크힐,송파구,거여동,매매,저,84.75,25.64,210000,0,21.0,33A,,49561855,https://www.zigbang.com/home/apt/items/49561855
2026-09-05 06:39:06,송파레이크힐,송파구,거여동,매매,5,84.75,25.64,220000,0,22.0,33A,,248427,https://www.zigbang.com/home/apt/items/248427
2026-09-05 06:39:06,송파레이크힐,송파구,거여동,매매,중,84.75,25.64,220000,0,22.0,33A,,49540387,https://www.zigbang.com/home/apt/items/49540387
2026-09-05 06:39:06,송파레이크힐,송파구,거여동,매매,6,84.75,25.64,225000,0,22.5,33A,,50088750,https://www.zigbang.com/home/apt/items/50088750
2026-09-05 06:39:06,송파레이크힐,송파구,거여동,매매,고,84.75,25.64,230000,0,23.0,33A,,50030144,https://www.zigbang.com/home/apt/items/50030144
2026-09-05 06:39:06,송파시그니처롯데캐슬,송파구,거여동,월세,저,84.98,25.71,35000,240,3.5,33B,,49815484,https://www.zigbang.com/home/apt/items/49815484
2026-09-05 06:39:06,송파시그니처롯데캐슬,송파구,거여동,월세,저,84.98,25.71,35000,260,3.5,33B,,49803782,https://www.zigbang.com/home/apt/items/49803782
2026-09-05 06:39:06,송파시그니처롯데캐슬,송파구,거여동,전세,저,59.98,18.14,80000,0,8.0,26B,,50200601,https://www.zigbang.com/home/apt/items/50200601
2026-09-05 06:39:06,송파시그니처롯데캐슬,송파구,거여동,전세,24,59.98,18.14,83000,0,8.3,26B,,50207612,https://www.zigbang.com/home/apt/items/50207612
2026-09-05 06:39:06,송파시그니처롯데캐슬,송파구,거여동,전세,저,84.98,25.71,90000,0,9.0,33B,,49308492,https://www.zigbang.com/home/apt/items/49308492
2026-09-05 06:39:06,송파시그니처롯데캐슬,송파구,거여동,전세,저,84.98,25.71,100000,0,10.0,33B,,49799241,https://www.zigbang.com/home/apt/items/49799241
2026-09-05 06:39:06,송파시그니처롯데캐슬,송파구,거여동,매매,고,59.98,18.14,190000,0,19.0,25,,50105468,https://www.zigbang.com/home/apt/items/50105468
2026-09-05 06:39:06,송파시그니처롯데캐슬,송파구,거여동,매매,3,84.98,25.71,210000,0,21.0,33B,,49725135,https://www.zigbang.com/home/apt/items/49725135
2026-09-05 06:39:06,송파시그니처롯데캐슬,송파구,거여동,매매,22,84.98,25.71,220000,0,22.0,33A,,255762,https://www.zigbang.com/home/apt/items/255762
2026-09-05 06:39:06,송파시그니처롯데캐슬,송파구,거여동,매매,9,84.98,25.71,227000,0,22.7,34,,49081357,https://www.zigbang.com/home/apt/items/49081357
2026-09-05 06:39:06,송파시그니처롯데캐슬,송파구,거여동,매매,9,84.98,25.71,230000,0,23.0,34C,,50257425,https://www.zigbang.com/home/apt/items/50257425
2026-09-05 06:39:06,송파시그니처롯데캐슬,송파구,거여동,매매,중,84.98,25.71,230000,0,23.0,33A,,50055306,https://www.zigbang.com/home/apt/items/50055306
2026-09-05 06:39:06,송파시그니처롯데캐슬,송파구,거여동,매매,16,84.98,25.71,250000,0,25.0,34C,,49081734,https://www.zigbang.com/home/apt/items/49081734
2026-09-05 06:39:06,송파시그니처롯데캐슬,송파구,거여동,매매,13,108.98,32.97,320000,0,32.0,41,,177300,https://www.zigbang.com/home/apt/items/177300
2026-09-05 06:39:06,송파위례리슈빌,송파구,거여동,월세,중,105.4624,31.9,50000,240,5.0,40,,50227453,https://www.zigbang.com/home/apt/items/50227453
2026-09-05 06:39:06,송파위례리슈빌,송파구,거여동,월세,저,105.4624,31.9,75000,165,7.5,40,,50215757,https://www.zigbang.com/home/apt/items/50215757
2026-09-05 06:39:06,송파위례리슈빌,송파구,거여동,전세,중,105.4624,31.9,115000,0,11.5,40,,49748155,https://www.zigbang.com/home/apt/items/49748155
2026-09-05 06:39:06,송파위례리슈빌,송파구,거여동,매매,중,105.4624,31.9,240000,0,24.0,40,,49395204,https://www.zigbang.com/home/apt/items/49395204
2026-09-05 06:39:06,송파위례리슈빌,송파구,거여동,매매,고,105.4624,31.9,250000,0,25.0,40,,49711474,https://www.zigbang.com/home/apt/items/49711474
2026-09-05 06:39:06,송파위례리슈빌,송파구,거여동,매매,5,116.6104,35.27,290000,0,29.0,44A,,49349598,https://www.zigbang.com/home/apt/items/49349598
2026-09-05 06:39:06,쌍용스윗닷홈거여역1차,송파구,거여동,매매,7,84.95,25.7,130000,0,13.0,31,,250237,https://www.zigbang.com/home/apt/items/250237
2026-09-05 06:39:06,포레나송파,송파구,거여동,월세,고,80.77,24.43,50000,160,5.0,31B,,50217727,https://www.zigbang.com/home/apt/items/50217727
2026-09-05 06:39:06,포레나송파,송파구,거여동,월세,3,84.6,25.59,50000,180,5.0,33B,,50079391,https://www.zigbang.com/home/apt/items/50079391
2026-09-05 06:39:06,포레나송파,송파구,거여동,월세,고,70.95,21.46,50000,140,5.0,28B,,50074991,https://www.zigbang.com/home/apt/items/50074991
2026-09-05 06:39:06,포레나송파,송파구,거여동,월세,중,80.69,24.41,50000,160,5.0,31F,,49781074,https://www.zigbang.com/home/apt/items/49781074
2026-09-05 06:39:06,포레나송파,송파구,거여동,월세,저,75.91,22.96,60000,120,6.0,29A,,50270187,https://www.zigbang.com/home/apt/items/50270187
2026-09-05 06:39:06,포레나송파,송파구,거여동,월세,저,84.8,25.65,60000,140,6.0,33A,,50242784,https://www.zigbang.com/home/apt/items/50242784
2026-09-05 06:39:06,포레나송파,송파구,거여동,월세,저,84.8,25.65,70000,100,7.0,33A,,50286026,https://www.zigbang.com/home/apt/items/50286026
2026-09-05 06:39:06,포레나송파,송파구,거여동,월세,고,66.83,20.22,70000,40,7.0,26A,,50049153,https://www.zigbang.com/home/apt/items/50049153
2026-09-05 06:39:06,포레나송파,송파구,거여동,전세,고,70.65,21.37,80000,0,8.0,28A,,50105505,https://www.zigbang.com/home/apt/items/50105505
2026-09-05 06:39:06,포레나송파,송파구,거여동,전세,고,66.83,20.22,80000,0,8.0,26A,,50049092,https://www.zigbang.com/home/apt/items/50049092
2026-09-05 06:39:06,포레나송파,송파구,거여동,월세,고,80.41,24.32,80000,30,8.0,31A,,49931782,https://www.zigbang.com/home/apt/items/49931782
2026-09-05 06:39:06,포레나송파,송파구,거여동,전세,저,66.83,20.22,80000,0,8.0,26A,,49819959,https://www.zigbang.com/home/apt/items/49819959
2026-09-05 06:39:06,포레나송파,송파구,거여동,월세,고,70.95,21.46,80000,30,8.0,28B,,49724380,https://www.zigbang.com/home/apt/items/49724380
2026-09-05 06:39:06,포레나송파,송파구,거여동,전세,고,66.83,20.22,82000,0,8.2,26A,,50034916,https://www.zigbang.com/home/apt/items/50034916
2026-09-05 06:39:06,포레나송파,송파구,거여동,전세,고,66.83,20.22,82000,0,8.2,26A,,50188664,https://www.zigbang.com/home/apt/items/50188664
2026-09-05 06:39:06,포레나송파,송파구,거여동,전세,고,66.83,20.22,82000,0,8.2,26A,,50156471,https://www.zigbang.com/home/apt/items/50156471
2026-09-05 06:39:06,포레나송파,송파구,거여동,전세,고,66.83,20.22,82000,0,8.2,26A,,50152352,https://www.zigbang.com/home/apt/items/50152352
2026-09-05 06:39:06,포레나송파,송파구,거여동,전세,고,70.95,21.46,83000,0,8.3,28B,,50073131,https://www.zigbang.com/home/apt/items/50073131
2026-09-05 06:39:06,포레나송파,송파구,거여동,전세,11,70.95,21.46,85000,0,8.5,28B,,49778797,https://www.zigbang.com/home/apt/items/49778797
2026-09-05 06:39:06,포레나송파,송파구,거여동,전세,8,70.99,21.47,85000,0,8.5,28D,,49635080,https://www.zigbang.com/home/apt/items/49635080
2026-09-05 06:39:06,포레나송파,송파구,거여동,전세,중,80.72,24.42,85000,0,8.5,31D,,49129907,https://www.zigbang.com/home/apt/items/49129907
2026-09-05 06:39:06,포레나송파,송파구,거여동,전세,고,75.91,22.96,87000,0,8.7,29A,,50265115,https://www.zigbang.com/home/apt/items/50265115
2026-09-05 06:39:06,포레나송파,송파구,거여동,전세,고,80.41,24.32,87000,0,8.7,31A,,49931781,https://www.zigbang.com/home/apt/items/49931781
2026-09-05 06:39:06,포레나송파,송파구,거여동,전세,21,84.8,25.65,87000,0,8.7,33A,,49660602,https://www.zigbang.com/home/apt/items/49660602
2026-09-05 06:39:06,포레나송파,송파구,거여동,전세,중,84.6,25.59,87000,0,8.7,33B,,49803389,https://www.zigbang.com/home/apt/items/49803389
2026-09-05 06:39:06,포레나송파,송파구,거여동,전세,고,80.72,24.42,88000,0,8.8,31D,,49884441,https://www.zigbang.com/home/apt/items/49884441
2026-09-05 06:39:06,포레나송파,송파구,거여동,전세,고,80.77,24.43,90000,0,9.0,31B,,50141580,https://www.zigbang.com/home/apt/items/50141580
2026-09-05 06:39:06,포레나송파,송파구,거여동,전세,고,84.8,25.65,90000,0,9.0,33A,,50203307,https://www.zigbang.com/home/apt/items/50203307
2026-09-05 06:39:06,포레나송파,송파구,거여동,전세,5,84.8,25.65,93000,0,9.3,33A,,50065678,https://www.zigbang.com/home/apt/items/50065678
2026-09-05 06:39:06,포레나송파,송파구,거여동,전세,중,84.8,25.65,93000,0,9.3,33A,,49689611,https://www.zigbang.com/home/apt/items/49689611
2026-09-05 06:39:06,포레나송파,송파구,거여동,전세,고,84.8,25.65,95000,0,9.5,33A,,50297457,https://www.zigbang.com/home/apt/items/50297457
2026-09-05 06:39:06,포레나송파,송파구,거여동,전세,고,84.6,25.59,100000,0,10.0,33B,,50089625,https://www.zigbang.com/home/apt/items/50089625
2026-09-05 06:39:06,포레나송파,송파구,거여동,매매,저,66.83,20.22,175000,0,17.5,26A,,50265085,https://www.zigbang.com/home/apt/items/50265085
2026-09-05 06:39:06,포레나송파,송파구,거여동,매매,7,70.95,21.46,179000,0,17.9,28B,,50239869,https://www.zigbang.com/home/apt/items/50239869
2026-09-05 06:39:06,포레나송파,송파구,거여동,매매,저,66.83,20.22,180000,0,18.0,26A,,49819884,https://www.zigbang.com/home/apt/items/49819884
2026-09-05 06:39:06,포레나송파,송파구,거여동,매매,중,70.95,21.46,185000,0,18.5,28B,,50003830,https://www.zigbang.com/home/apt/items/50003830
2026-09-05 06:39:06,포레나송파,송파구,거여동,매매,고,75.91,22.96,190000,0,19.0,29A,,49967027,https://www.zigbang.com/home/apt/items/49967027
2026-09-05 06:39:06,포레나송파,송파구,거여동,매매,12,66.83,20.22,190000,0,19.0,26A,,49006956,https://www.zigbang.com/home/apt/items/49006956
2026-09-05 06:39:06,포레나송파,송파구,거여동,매매,중,70.95,21.46,190000,0,19.0,28B,,48502419,https://www.zigbang.com/home/apt/items/48502419
2026-09-05 06:39:06,포레나송파,송파구,거여동,매매,고,70.65,21.37,190000,0,19.0,28A,,50271940,https://www.zigbang.com/home/apt/items/50271940
2026-09-05 06:39:06,포레나송파,송파구,거여동,매매,중,66.83,20.22,195000,0,19.5,26A,,50265106,https://www.zigbang.com/home/apt/items/50265106
2026-09-05 06:39:06,포레나송파,송파구,거여동,매매,고,80.41,24.32,195000,0,19.5,31A,,50265032,https://www.zigbang.com/home/apt/items/50265032
2026-09-05 06:39:06,포레나송파,송파구,거여동,매매,중,70.95,21.46,205000,0,20.5,28B,,49620830,https://www.zigbang.com/home/apt/items/49620830
2026-09-05 06:39:06,포레나송파,송파구,거여동,매매,8,80.36,24.31,207000,0,20.7,31C,,246644,https://www.zigbang.com/home/apt/items/246644
2026-09-05 06:39:06,포레나송파,송파구,거여동,매매,저,84.8,25.65,210000,0,21.0,33A,,50207861,https://www.zigbang.com/home/apt/items/50207861
2026-09-05 06:39:06,포레나송파,송파구,거여동,매매,고,75.91,22.96,210000,0,21.0,29A,,50063149,https://www.zigbang.com/home/apt/items/50063149
2026-09-05 06:39:06,포레나송파,송파구,거여동,매매,중,84.8,25.65,210000,0,21.0,33A,,49208656,https://www.zigbang.com/home/apt/items/49208656
2026-09-05 06:39:06,포레나송파,송파구,거여동,매매,9,80.41,24.32,210000,0,21.0,31A,,49237538,https://www.zigbang.com/home/apt/items/49237538
2026-09-05 06:39:06,포레나송파,송파구,거여동,매매,중,80.41,24.32,210000,0,21.0,31A,,48837040,https://www.zigbang.com/home/apt/items/48837040
2026-09-05 06:39:06,포레나송파,송파구,거여동,매매,저,75.91,22.96,215000,0,21.5,29A,,50107801,https://www.zigbang.com/home/apt/items/50107801
2026-09-05 06:39:06,포레나송파,송파구,거여동,매매,중,84.8,25.65,215000,0,21.5,33A,,50007497,https://www.zigbang.com/home/apt/items/50007497
2026-09-05 06:39:06,포레나송파,송파구,거여동,매매,중,80.41,24.32,215000,0,21.5,31A,,49612320,https://www.zigbang.com/home/apt/items/49612320
2026-09-05 06:39:06,포레나송파,송파구,거여동,매매,고,84.8,25.65,215000,0,21.5,33A,,48918749,https://www.zigbang.com/home/apt/items/48918749
2026-09-05 06:39:06,포레나송파,송파구,거여동,매매,저,75.91,22.96,215000,0,21.5,29A,,48837369,https://www.zigbang.com/home/apt/items/48837369
2026-09-05 06:39:06,포레나송파,송파구,거여동,매매,고,75.91,22.96,215000,0,21.5,29A,,48121863,https://www.zigbang.com/home/apt/items/48121863
2026-09-05 06:39:06,포레나송파,송파구,거여동,매매,고,75.91,22.96,215000,0,21.5,29A,,50089987,https://www.zigbang.com/home/apt/items/50089987
2026-09-05 06:39:06,포레나송파,송파구,거여동,매매,중,80.57,24.37,219000,0,21.9,31E,,49562340,https://www.zigbang.com/home/apt/items/49562340
2026-09-05 06:39:06,포레나송파,송파구,거여동,매매,중,84.8,25.65,220000,0,22.0,33A,,50265099,https://www.zigbang.com/home/apt/items/50265099
2026-09-05 06:39:06,포레나송파,송파구,거여동,매매,중,80.72,24.42,220000,0,22.0,31D,,49592460,https://www.zigbang.com/home/apt/items/49592460
2026-09-05 06:39:06,포레나송파,송파구,거여동,매매,6,80.69,24.41,220000,0,22.0,31F,,50059010,https://www.zigbang.com/home/apt/items/50059010
2026-09-05 06:39:06,포레나송파,송파구,거여동,매매,고,84.8,25.65,225000,0,22.5,33A,,50063233,https://www.zigbang.com/home/apt/items/50063233
2026-09-05 06:39:06,포레나송파,송파구,거여동,매매,고,84.6,25.59,230000,0,23.0,33B,,49067653,https://www.zigbang.com/home/apt/items/49067653
2026-09-05 06:39:06,포레나송파,송파구,거여동,매매,고,84.8,25.65,250000,0,25.0,33A,,49954182,https://www.zigbang.com/home/apt/items/49954182
2026-09-05 06:39:06,대성,송파구,마천동,매매,6,58.67,17.75,135000,0,13.5,22A,,50293659,https://www.zigbang.com/home/apt/items/50293659
2026-09-05 06:39:06,송파파크데일2단지,송파구,마천동,매매,7,84.86,25.67,150000,0,15.0,34B,,49597493,https://www.zigbang.com/home/apt/items/49597493
2026-09-05 06:39:06,송파파크데일2단지,송파구,마천동,매매,12,84.99,25.71,180000,0,18.0,34C,,252234,https://www.zigbang.com/home/apt/items/252234
2026-09-05 06:39:06,아남,송파구,마천동,매매,저,82.13,24.84,125000,0,12.5,32,,49790177,https://www.zigbang.com/home/apt/items/49790177
2026-09-05 06:39:06,문정래미안,송파구,문정동,매매,저,120.97,36.59,220000,0,22.0,44,,47035159,https://www.zigbang.com/home/apt/items/47035159
2026-09-05 06:39:06,문정래미안,송파구,문정동,매매,2,133.29,40.32,235000,0,23.5,48,,239776,https://www.zigbang.com/home/apt/items/239776
2026-09-05 06:39:06,문정래미안,송파구,문정동,매매,중,133.29,40.32,240000,0,24.0,48,,49790822,https://www.zigbang.com/home/apt/items/49790822
2026-09-05 06:39:06,문정래미안,송파구,문정동,매매,16,84.96,25.7,240000,0,24.0,34,,187441,https://www.zigbang.com/home/apt/items/187441
2026-09-05 06:39:06,문정래미안,송파구,문정동,매매,7,133.29,40.32,300000,0,30.0,48,,193339,https://www.zigbang.com/home/apt/items/193339
2026-09-05 06:39:06,문정래미안,송파구,문정동,매매,8,133.29,40.32,300000,0,30.0,48,,98893,https://www.zigbang.com/home/apt/items/98893
2026-09-05 06:39:06,문정시영,송파구,문정동,월세,저,39.69,12.01,3000,110,0.3,18,,50262526,https://www.zigbang.com/home/apt/items/50262526
2026-09-05 06:39:06,문정시영,송파구,문정동,전세,1,25.65,7.76,17000,0,1.7,11,,50011606,https://www.zigbang.com/home/apt/items/50011606
2026-09-05 06:39:06,문정시영,송파구,문정동,매매,저,25.65,7.76,81000,0,8.1,11,,50167053,https://www.zigbang.com/home/apt/items/50167053
2026-09-05 06:39:06,문정시영,송파구,문정동,매매,저,35.46,10.73,90000,0,9.0,16,,50090978,https://www.zigbang.com/home/apt/items/50090978
2026-09-05 06:39:06,문정시영,송파구,문정동,매매,6,39.69,12.01,123000,0,12.3,18,,50214217,https://www.zigbang.com/home/apt/items/50214217
2026-09-05 06:39:06,문정시영,송파구,문정동,매매,고,39.69,12.01,124000,0,12.4,18,,50283520,https://www.zigbang.com/home/apt/items/50283520
2026-09-05 06:39:06,문정시영,송파구,문정동,매매,저,46.26,13.99,135000,0,13.5,22,,50018019,https://www.zigbang.com/home/apt/items/50018019
2026-09-05 06:39:06,문정시영,송파구,문정동,매매,중,46.26,13.99,149000,0,14.9,22,,48860863,https://www.zigbang.com/home/apt/items/48860863
2026-09-05 06:39:06,문정시영,송파구,문정동,매매,고,46.26,13.99,150000,0,15.0,22,,48705768,https://www.zigbang.com/home/apt/items/48705768
2026-09-05 06:39:06,송파파크하비오푸르지오,송파구,문정동,매매,중,84.99,25.71,220000,0,22.0,35E,,47369385,https://www.zigbang.com/home/apt/items/47369385
2026-09-05 06:39:06,송파파크하비오푸르지오,송파구,문정동,매매,14,84.97,25.7,235000,0,23.5,35A,,170944,https://www.zigbang.com/home/apt/items/170944
2026-09-05 06:39:06,올림픽훼밀리타운,송파구,문정동,매매,중,136.32,41.24,310000,0,31.0,48,,50066349,https://www.zigbang.com/home/apt/items/50066349
2026-09-05 06:39:06,올림픽훼밀리타운,송파구,문정동,매매,저,158.7,48.01,330000,0,33.0,55,,49883518,https://www.zigbang.com/home/apt/items/49883518
2026-09-05 06:39:06,트윈팰리스,송파구,문정동,매매,9,84.78,25.65,115000,0,11.5,31A,,212084,https://www.zigbang.com/home/apt/items/212084
2026-09-05 06:39:06,현대,송파구,문정동,매매,고,84.03,25.42,115000,0,11.5,31,,49268342,https://www.zigbang.com/home/apt/items/49268342
2026-09-05 06:39:06,현대,송파구,문정동,매매,6,71.52,21.63,120000,0,12.0,27,,243374,https://www.zigbang.com/home/apt/items/243374
2026-09-05 06:39:06,현대,송파구,문정동,매매,고,84.03,25.42,125000,0,12.5,31,,50134986,https://www.zigbang.com/home/apt/items/50134986
2026-09-05 06:39:06,현대,송파구,문정동,매매,고,84.03,25.42,125000,0,12.5,31,,49492178,https://www.zigbang.com/home/apt/items/49492178
2026-09-05 06:39:06,현대,송파구,문정동,매매,3,84.03,25.42,125000,0,12.5,31,,244349,https://www.zigbang.com/home/apt/items/244349
2026-09-05 06:39:06,힐스테이트e편한세상문정,송파구,문정동,월세,고,49.4,14.94,40000,140,4.0,20B,,50230197,https://www.zigbang.com/home/apt/items/50230197
2026-09-05 06:39:06,힐스테이트e편한세상문정,송파구,문정동,월세,고,84.97,25.7,50000,250,5.0,35AB,,50063175,https://www.zigbang.com/home/apt/items/50063175
2026-09-05 06:39:06,힐스테이트e편한세상문정,송파구,문정동,전세,중,59.87,18.11,87000,0,8.7,24B,,48721050,https://www.zigbang.com/home/apt/items/48721050
2026-09-05 06:39:06,힐스테이트e편한세상문정,송파구,문정동,전세,고,74.43,22.51,100000,0,10.0,31D,,50276624,https://www.zigbang.com/home/apt/items/50276624
2026-09-05 06:39:06,힐스테이트e편한세상문정,송파구,문정동,매매,고,49.92,15.1,175000,0,17.5,21A,,50191610,https://www.zigbang.com/home/apt/items/50191610
2026-09-05 06:39:06,힐스테이트e편한세상문정,송파구,문정동,매매,중,49.92,15.1,175000,0,17.5,21A,,50192292,https://www.zigbang.com/home/apt/items/50192292
2026-09-05 06:39:06,힐스테이트e편한세상문정,송파구,문정동,매매,중,49.4,14.94,180000,0,18.0,20B,,50213664,https://www.zigbang.com/home/apt/items/50213664
2026-09-05 06:39:06,힐스테이트e편한세상문정,송파구,문정동,매매,고,59.87,18.11,185000,0,18.5,24B,,50150581,https://www.zigbang.com/home/apt/items/50150581
2026-09-05 06:39:06,힐스테이트e편한세상문정,송파구,문정동,매매,중,59.94,18.13,185000,0,18.5,25A,,49041082,https://www.zigbang.com/home/apt/items/49041082
2026-09-05 06:39:06,힐스테이트e편한세상문정,송파구,문정동,매매,중,59.94,18.13,190000,0,19.0,25A,,50249510,https://www.zigbang.com/home/apt/items/50249510
2026-09-05 06:39:06,힐스테이트e편한세상문정,송파구,문정동,매매,저,59.94,18.13,190000,0,19.0,25A,,48971498,https://www.zigbang.com/home/apt/items/48971498
2026-09-05 06:39:06,힐스테이트e편한세상문정,송파구,문정동,매매,저,59.94,18.13,190000,0,19.0,25A,,48708784,https://www.zigbang.com/home/apt/items/48708784
2026-09-05 06:39:06,힐스테이트e편한세상문정,송파구,문정동,매매,저,59.94,18.13,190000,0,19.0,25A,,49386806,https://www.zigbang.com/home/apt/items/49386806
2026-09-05 06:39:06,힐스테이트e편한세상문정,송파구,문정동,매매,저,59.94,18.13,190000,0,19.0,25A,,48986238,https://www.zigbang.com/home/apt/items/48986238
2026-09-05 06:39:06,힐스테이트e편한세상문정,송파구,문정동,매매,고,59.94,18.13,200000,0,20.0,25A,,50192226,https://www.zigbang.com/home/apt/items/50192226
2026-09-05 06:39:06,힐스테이트e편한세상문정,송파구,문정동,매매,중,74.95,22.67,209000,0,20.9,31B,,49095337,https://www.zigbang.com/home/apt/items/49095337
2026-09-05 06:39:06,힐스테이트e편한세상문정,송파구,문정동,매매,중,59.94,18.13,210000,0,21.0,25A,,48231045,https://www.zigbang.com/home/apt/items/48231045
2026-09-05 06:39:06,힐스테이트e편한세상문정,송파구,문정동,매매,중,74.95,22.67,215000,0,21.5,31B,,50063405,https://www.zigbang.com/home/apt/items/50063405
2026-09-05 06:39:06,힐스테이트e편한세상문정,송파구,문정동,매매,중,74.95,22.67,218000,0,21.8,31B,,49117037,https://www.zigbang.com/home/apt/items/49117037
2026-09-05 06:39:06,힐스테이트e편한세상문정,송파구,문정동,매매,중,74.95,22.67,225000,0,22.5,31B,,49338819,https://www.zigbang.com/home/apt/items/49338819
2026-09-05 06:39:06,힐스테이트e편한세상문정,송파구,문정동,매매,고,74.43,22.51,225000,0,22.5,31D,,49037503,https://www.zigbang.com/home/apt/items/49037503
2026-09-05 06:39:06,힐스테이트e편한세상문정,송파구,문정동,매매,중,74.95,22.67,228000,0,22.8,31B,,49066975,https://www.zigbang.com/home/apt/items/49066975
2026-09-05 06:39:06,힐스테이트e편한세상문정,송파구,문정동,매매,저,74.95,22.67,230000,0,23.0,31B,,49728864,https://www.zigbang.com/home/apt/items/49728864
2026-09-05 06:39:06,힐스테이트e편한세상문정,송파구,문정동,매매,중,74.95,22.67,230000,0,23.0,31B,,48757261,https://www.zigbang.com/home/apt/items/48757261
2026-09-05 06:39:06,힐스테이트e편한세상문정,송파구,문정동,매매,13,74.95,22.67,235000,0,23.5,31B,,48434225,https://www.zigbang.com/home/apt/items/48434225
2026-09-05 06:39:06,힐스테이트e편한세상문정,송파구,문정동,매매,저,84.98,25.71,250000,0,25.0,35CD,,49728777,https://www.zigbang.com/home/apt/items/49728777
2026-09-05 06:39:06,대림,송파구,방이동,매매,저,125.07,37.83,275000,0,27.5,44,,50291807,https://www.zigbang.com/home/apt/items/50291807
2026-09-05 06:39:06,대림,송파구,방이동,매매,14,125.07,37.83,275000,0,27.5,44,,50291789,https://www.zigbang.com/home/apt/items/50291789
2026-09-05 06:39:06,대림,송파구,방이동,매매,4,153.47,46.42,280000,0,28.0,53,,50291804,https://www.zigbang.com/home/apt/items/50291804
2026-09-05 06:39:06,대림,송파구,방이동,매매,10,125.07,37.83,280000,0,28.0,44,,50291798,https://www.zigbang.com/home/apt/items/50291798
2026-09-05 06:39:06,대림,송파구,방이동,매매,10,125.07,37.83,280000,0,28.0,44,,50291792,https://www.zigbang.com/home/apt/items/50291792
2026-09-05 06:39:06,대림,송파구,방이동,매매,7,153.47,46.42,300000,0,30.0,53,,50291810,https://www.zigbang.com/home/apt/items/50291810
2026-09-05 06:39:06,동광팰리스,송파구,방이동,매매,15,23.02,6.96,39000,0,3.9,9B,,239577,https://www.zigbang.com/home/apt/items/239577
2026-09-05 06:39:06,방이금호어울림,송파구,방이동,매매,저,84.3,25.5,150000,0,15.0,32,,50057441,https://www.zigbang.com/home/apt/items/50057441
2026-09-05 06:39:06,방이금호어울림,송파구,방이동,매매,8,84.3,25.5,168000,0,16.8,32,,233324,https://www.zigbang.com/home/apt/items/233324
2026-09-05 06:39:06,신동아타워,송파구,방이동,매매,중,50.4,15.25,70000,0,7.0,21,,49463578,https://www.zigbang.com/home/apt/items/49463578
2026-09-05 06:39:06,신동아타워,송파구,방이동,매매,고,50.4,15.25,73000,0,7.3,21,,49463598,https://www.zigbang.com/home/apt/items/49463598
2026-09-05 06:39:06,신동아타워,송파구,방이동,매매,중,58.38,17.66,80000,0,8.0,24,,49463504,https://www.zigbang.com/home/apt/items/49463504
2026-09-05 06:39:06,신동아타워,송파구,방이동,매매,고,58.38,17.66,85000,0,8.5,24,,50167263,https://www.zigbang.com/home/apt/items/50167263
2026-09-05 06:39:06,신동아타워,송파구,방이동,매매,17,80.13,24.24,98000,0,9.8,33,,213286,https://www.zigbang.com/home/apt/items/213286
2026-09-05 06:39:06,신동아타워,송파구,방이동,매매,고,80.13,24.24,99000,0,9.9,33,,49463651,https://www.zigbang.com/home/apt/items/49463651
2026-09-05 06:39:06,신동아타워,송파구,방이동,매매,고,80.13,24.24,100000,0,10.0,33,,49463551,https://www.zigbang.com/home/apt/items/49463551
2026-09-05 06:39:06,신동아타워,송파구,방이동,매매,중,80.13,24.24,125000,0,12.5,33,,49464240,https://www.zigbang.com/home/apt/items/49464240
2026-09-05 06:39:06,올림픽선수기자촌,송파구,방이동,매매,고,83.06,25.13,280000,0,28.0,34,,50229030,https://www.zigbang.com/home/apt/items/50229030
2026-09-05 06:39:06,올림픽선수기자촌,송파구,방이동,매매,중,83.06,25.13,280000,0,28.0,34,,50032715,https://www.zigbang.com/home/apt/items/50032715
2026-09-05 06:39:06,올림픽선수기자촌,송파구,방이동,매매,고,83.06,25.13,285000,0,28.5,34,,50019335,https://www.zigbang.com/home/apt/items/50019335
2026-09-05 06:39:06,올림픽선수기자촌,송파구,방이동,매매,고,83.06,25.13,288000,0,28.8,34,,50019419,https://www.zigbang.com/home/apt/items/50019419
2026-09-05 06:39:06,올림픽선수기자촌,송파구,방이동,매매,1,83.06,25.13,300000,0,30.0,34,,50291858,https://www.zigbang.com/home/apt/items/50291858
2026-09-05 06:39:06,올림픽선수기자촌,송파구,방이동,매매,중,100.82,30.5,300000,0,30.0,40B,,49961342,https://www.zigbang.com/home/apt/items/49961342
2026-09-05 06:39:06,올림픽선수기자촌,송파구,방이동,매매,고,100.82,30.5,305000,0,30.5,40B,,49996726,https://www.zigbang.com/home/apt/items/49996726
2026-09-05 06:39:06,올림픽선수기자촌,송파구,방이동,매매,12,100.82,30.5,310000,0,31.0,40B,,50291861,https://www.zigbang.com/home/apt/items/50291861
2026-09-05 06:39:06,올림픽선수기자촌,송파구,방이동,매매,3,83.06,25.13,310000,0,31.0,34,,49452124,https://www.zigbang.com/home/apt/items/49452124
2026-09-05 06:39:06,올림픽선수기자촌,송파구,방이동,매매,고,100.31,30.34,340000,0,34.0,40A,,50041697,https://www.zigbang.com/home/apt/items/50041697
2026-09-05 06:39:06,올림픽선수기자촌,송파구,방이동,매매,저,100.82,30.5,350000,0,35.0,40B,,50247401,https://www.zigbang.com/home/apt/items/50247401
2026-09-05 06:39:06,올림픽선수기자촌,송파구,방이동,매매,7,126.18,38.17,397000,0,39.7,49,,50291864,https://www.zigbang.com/home/apt/items/50291864
2026-09-05 06:39:06,잠실올림픽포레다움,송파구,방이동,매매,중,31.93,9.66,56000,0,5.6,13,,50179532,https://www.zigbang.com/home/apt/items/50179532
2026-09-05 06:39:06,코오롱,송파구,방이동,매매,9,84.95,25.7,220000,0,22.0,33,,50291840,https://www.zigbang.com/home/apt/items/50291840
2026-09-05 06:39:06,코오롱,송파구,방이동,매매,8,84.95,25.7,222000,0,22.2,33,,50291846,https://www.zigbang.com/home/apt/items/50291846
2026-09-05 06:39:06,코오롱,송파구,방이동,매매,15,84.95,25.7,222000,0,22.2,33,,50291844,https://www.zigbang.com/home/apt/items/50291844
2026-09-05 06:39:06,코오롱,송파구,방이동,매매,10,84.95,25.7,225000,0,22.5,33,,50291854,https://www.zigbang.com/home/apt/items/50291854
2026-09-05 06:39:06,코오롱,송파구,방이동,매매,11,84.95,25.7,225000,0,22.5,33,,50291849,https://www.zigbang.com/home/apt/items/50291849
2026-09-05 06:39:06,신동아로잔뷰,송파구,석촌동,전세,4,134.43,40.66,120000,0,12.0,49,,50291874,https://www.zigbang.com/home/apt/items/50291874
2026-09-05 06:39:06,가락삼익맨숀,송파구,송파동,매매,중,108.33,32.77,275000,0,27.5,38,,50204329,https://www.zigbang.com/home/apt/items/50204329
2026-09-05 06:39:06,경남레이크파크,송파구,송파동,매매,고,149.89,45.34,240000,0,24.0,55,,50161511,https://www.zigbang.com/home/apt/items/50161511
2026-09-05 06:39:06,미성맨션,송파구,송파동,매매,14,84.95,25.7,245000,0,24.5,31,,49547934,https://www.zigbang.com/home/apt/items/49547934
2026-09-05 06:39:06,송파센텀레이크,송파구,송파동,매매,3,69.4109,21.0,180000,0,18.0,25A3,,194534,https://www.zigbang.com/home/apt/items/194534
2026-09-05 06:39:06,송파역마에스트로,송파구,송파동,매매,중,44.5364,13.47,115000,0,11.5,20,,49495292,https://www.zigbang.com/home/apt/items/49495292
2026-09-05 06:39:06,송파역마에스트로,송파구,송파동,매매,저,52.5039,15.88,118000,0,11.8,23,,49482967,https://www.zigbang.com/home/apt/items/49482967
2026-09-05 06:39:06,송파역마에스트로,송파구,송파동,매매,중,44.5364,13.47,120000,0,12.0,20,,49482227,https://www.zigbang.com/home/apt/items/49482227
2026-09-05 06:39:06,송파역마에스트로,송파구,송파동,매매,고,52.5039,15.88,135000,0,13.5,23,,49483738,https://www.zigbang.com/home/apt/items/49483738
2026-09-05 06:39:06,송파파밀리에더퍼스트,송파구,송파동,매매,중,84.8357,25.66,199000,0,19.9,31A,,49897616,https://www.zigbang.com/home/apt/items/49897616
2026-09-05 06:39:06,송파파밀리에더퍼스트,송파구,송파동,매매,6,84.8357,25.66,230000,0,23.0,31A,,243243,https://www.zigbang.com/home/apt/items/243243
2026-09-05 06:39:06,잠실더샵루벤,송파구,송파동,전세,고,106.8873,32.33,140000,0,14.0,40A,,50290530,https://www.zigbang.com/home/apt/items/50290530
2026-09-05 06:39:06,잠실더샵루벤,송파구,송파동,매매,중,106.8873,32.33,240000,0,24.0,40A,,49670662,https://www.zigbang.com/home/apt/items/49670662
2026-09-05 06:39:06,잠실더샵루벤,송파구,송파동,매매,저,106.8873,32.33,240000,0,24.0,40A,,49384633,https://www.zigbang.com/home/apt/items/49384633
2026-09-05 06:39:06,잠실더샵루벤,송파구,송파동,매매,중,106.8873,32.33,245000,0,24.5,40A,,50146529,https://www.zigbang.com/home/apt/items/50146529
2026-09-05 06:39:06,잠실더샵루벤,송파구,송파동,매매,8,106.8873,32.33,245000,0,24.5,40A,,50043048,https://www.zigbang.com/home/apt/items/50043048
2026-09-05 06:39:06,잠실더샵루벤,송파구,송파동,매매,6,106.8873,32.33,250000,0,25.0,40A,,49292050,https://www.zigbang.com/home/apt/items/49292050
2026-09-05 06:39:06,잠실더샵루벤,송파구,송파동,매매,저,106.8571,32.32,255000,0,25.5,40C,,49299063,https://www.zigbang.com/home/apt/items/49299063
2026-09-05 06:39:06,잠실더샵루벤,송파구,송파동,매매,중,106.8873,32.33,260000,0,26.0,40A,,49319688,https://www.zigbang.com/home/apt/items/49319688
2026-09-05 06:39:06,잠실더샵루벤,송파구,송파동,매매,중,106.9995,32.37,260000,0,26.0,40B,,49298753,https://www.zigbang.com/home/apt/items/49298753
2026-09-05 06:39:06,잠실더샵루벤,송파구,송파동,매매,12,106.8571,32.32,300000,0,30.0,40C,,49384493,https://www.zigbang.com/home/apt/items/49384493
2026-09-05 06:39:06,한양1차,송파구,송파동,매매,고,105.52,31.92,242000,0,24.2,34,,50219710,https://www.zigbang.com/home/apt/items/50219710
2026-09-05 06:39:06,한양1차,송파구,송파동,매매,11,137.1,41.47,260000,0,26.0,45,,50219713,https://www.zigbang.com/home/apt/items/50219713
2026-09-05 06:39:06,한양1차,송파구,송파동,매매,저,158.61,47.98,270000,0,27.0,52,,50219718,https://www.zigbang.com/home/apt/items/50219718
2026-09-05 06:39:06,한양2차,송파구,송파동,매매,중,64.26,19.44,220000,0,22.0,26,,49819473,https://www.zigbang.com/home/apt/items/49819473
2026-09-05 06:39:06,한양2차,송파구,송파동,매매,고,84.92,25.69,240000,0,24.0,32,,49819534,https://www.zigbang.com/home/apt/items/49819534
2026-09-05 06:39:06,한양2차,송파구,송파동,매매,중,108.68,32.88,250000,0,25.0,40,,50041341,https://www.zigbang.com/home/apt/items/50041341
2026-09-05 06:39:06,한양2차,송파구,송파동,매매,저,108.68,32.88,253000,0,25.3,40,,50219756,https://www.zigbang.com/home/apt/items/50219756
2026-09-05 06:39:06,한양2차,송파구,송파동,매매,중,108.68,32.88,258000,0,25.8,40,,50219761,https://www.zigbang.com/home/apt/items/50219761
2026-09-05 06:39:06,한양2차,송파구,송파동,매매,저,146.96,44.46,269000,0,26.9,52,,50219769,https://www.zigbang.com/home/apt/items/50219769
2026-09-05 06:39:06,현대,송파구,송파동,매매,6,84.96,25.7,200000,0,20.0,33,,239406,https://www.zigbang.com/home/apt/items/239406
2026-09-05 06:39:06,호수임광,송파구,송파동,매매,중,84.87,25.67,175000,0,17.5,33B,,50179627,https://www.zigbang.com/home/apt/items/50179627
2026-09-05 06:39:06,잠실래미안아이파크,송파구,신천동,월세,중,84.88,25.68,5000,420,0.5,34A,,49517077,https://www.zigbang.com/home/apt/items/49517077
2026-09-05 06:39:06,잠실래미안아이파크,송파구,신천동,월세,3,43.73,13.23,10000,400,1.0,21,,50201086,https://www.zigbang.com/home/apt/items/50201086
2026-09-05 06:39:06,잠실래미안아이파크,송파구,신천동,월세,저,43.73,13.23,10000,400,1.0,21,,50211008,https://www.zigbang.com/home/apt/items/50211008
2026-09-05 06:39:06,잠실래미안아이파크,송파구,신천동,월세,중,43.73,13.23,10000,400,1.0,21,,49962624,https://www.zigbang.com/home/apt/items/49962624
2026-09-05 06:39:06,잠실래미안아이파크,송파구,신천동,월세,중,129.96,39.31,45000,60,4.5,50B,,48992277,https://www.zigbang.com/home/apt/items/48992277
2026-09-05 06:39:06,잠실래미안아이파크,송파구,신천동,월세,저,84.99,25.71,50000,440,5.0,34C,,49023781,https://www.zigbang.com/home/apt/items/49023781
2026-09-05 06:39:06,잠실래미안아이파크,송파구,신천동,전세,22,129.96,39.31,70000,0,7.0,50B,,49781265,https://www.zigbang.com/home/apt/items/49781265
2026-09-05 06:39:06,잠실래미안아이파크,송파구,신천동,전세,고,129.96,39.31,70000,0,7.0,50B,,49519561,https://www.zigbang.com/home/apt/items/49519561
2026-09-05 06:39:06,잠실래미안아이파크,송파구,신천동,전세,고,129.96,39.31,75000,0,7.5,50B,,49806845,https://www.zigbang.com/home/apt/items/49806845
2026-09-05 06:39:06,잠실래미안아이파크,송파구,신천동,월세,저,43.73,13.23,75000,70,7.5,21,,47781694,https://www.zigbang.com/home/apt/items/47781694
2026-09-05 06:39:06,잠실래미안아이파크,송파구,신천동,전세,중,129.96,39.31,75000,0,7.5,50B,,50041517,https://www.zigbang.com/home/apt/items/50041517
2026-09-05 06:39:06,잠실래미안아이파크,송파구,신천동,전세,중,43.73,13.23,75000,0,7.5,21,,49706742,https://www.zigbang.com/home/apt/items/49706742
2026-09-05 06:39:06,잠실래미안아이파크,송파구,신천동,월세,중,129.96,39.31,100000,700,10.0,50C,,49109249,https://www.zigbang.com/home/apt/items/49109249
2026-09-05 06:39:06,잠실래미안아이파크,송파구,신천동,월세,고,84.99,25.71,100000,200,10.0,34C,,49023808,https://www.zigbang.com/home/apt/items/49023808
2026-09-05 06:39:06,잠실래미안아이파크,송파구,신천동,전세,고,157.92,47.77,100000,0,10.0,62B,,50077417,https://www.zigbang.com/home/apt/items/50077417
2026-09-05 06:39:06,잠실래미안아이파크,송파구,신천동,월세,고,129.97,39.32,100000,680,10.0,50A,,49569731,https://www.zigbang.com/home/apt/items/49569731
2026-09-05 06:39:06,잠실래미안아이파크,송파구,신천동,전세,5,157.92,47.77,115000,0,11.5,62B,,50207191,https://www.zigbang.com/home/apt/items/50207191
2026-09-05 06:39:06,잠실래미안아이파크,송파구,신천동,전세,저,157.92,47.77,120000,0,12.0,62B,,49963694,https://www.zigbang.com/home/apt/items/49963694
2026-09-05 06:39:06,잠실래미안아이파크,송파구,신천동,월세,저,104.32,31.56,120000,320,12.0,41B,,48911516,https://www.zigbang.com/home/apt/items/48911516
2026-09-05 06:39:06,잠실래미안아이파크,송파구,신천동,전세,9,43.73,13.23,125000,0,12.5,21,,50201150,https://www.zigbang.com/home/apt/items/50201150
2026-09-05 06:39:06,잠실래미안아이파크,송파구,신천동,전세,중,43.73,13.23,125000,0,12.5,21,,50041529,https://www.zigbang.com/home/apt/items/50041529
2026-09-05 06:39:06,잠실래미안아이파크,송파구,신천동,전세,고,43.73,13.23,130000,0,13.0,21,,50041261,https://www.zigbang.com/home/apt/items/50041261
2026-09-05 06:39:06,잠실래미안아이파크,송파구,신천동,전세,저,59.47,17.99,140000,0,14.0,27A,,50273701,https://www.zigbang.com/home/apt/items/50273701
2026-09-05 06:39:06,잠실래미안아이파크,송파구,신천동,전세,중,59.47,17.99,140000,0,14.0,27A,,50268433,https://www.zigbang.com/home/apt/items/50268433
2026-09-05 06:39:06,잠실래미안아이파크,송파구,신천동,전세,중,59.45,17.98,140000,0,14.0,26B,,47925996,https://www.zigbang.com/home/apt/items/47925996
2026-09-05 06:39:06,잠실래미안아이파크,송파구,신천동,월세,저,84.88,25.68,150000,50,15.0,34A,,50202719,https://www.zigbang.com/home/apt/items/50202719
2026-09-05 06:39:06,잠실래미안아이파크,송파구,신천동,전세,중,59.47,17.99,150000,0,15.0,27A,,49769721,https://www.zigbang.com/home/apt/items/49769721
2026-09-05 06:39:06,잠실래미안아이파크,송파구,신천동,전세,저,84.88,25.68,150000,0,15.0,34A,,49519420,https://www.zigbang.com/home/apt/items/49519420
2026-09-05 06:39:06,잠실래미안아이파크,송파구,신천동,전세,6,84.88,25.68,155000,0,15.5,34A,,49964699,https://www.zigbang.com/home/apt/items/49964699
2026-09-05 06:39:06,잠실래미안아이파크,송파구,신천동,전세,중,84.88,25.68,155000,0,15.5,34A,,50116340,https://www.zigbang.com/home/apt/items/50116340
2026-09-05 06:39:06,잠실래미안아이파크,송파구,신천동,전세,중,59.47,17.99,155000,0,15.5,27A,,50041548,https://www.zigbang.com/home/apt/items/50041548
2026-09-05 06:39:06,잠실래미안아이파크,송파구,신천동,전세,저,84.88,25.68,165000,0,16.5,34A,,50216198,https://www.zigbang.com/home/apt/items/50216198
2026-09-05 06:39:06,잠실래미안아이파크,송파구,신천동,전세,중,84.88,25.68,165000,0,16.5,34A,,50203786,https://www.zigbang.com/home/apt/items/50203786
2026-09-05 06:39:06,잠실래미안아이파크,송파구,신천동,전세,저,84.88,25.68,165000,0,16.5,34A,,50202585,https://www.zigbang.com/home/apt/items/50202585
2026-09-05 06:39:06,잠실래미안아이파크,송파구,신천동,전세,저,84.88,25.68,175000,0,17.5,34A,,50139030,https://www.zigbang.com/home/apt/items/50139030
2026-09-05 06:39:06,잠실래미안아이파크,송파구,신천동,전세,저,84.88,25.68,175000,0,17.5,34A,,49861630,https://www.zigbang.com/home/apt/items/49861630
2026-09-05 06:39:06,잠실래미안아이파크,송파구,신천동,월세,1,118,35.69,190000,200,19.0,46C,,50043205,https://www.zigbang.com/home/apt/items/50043205
2026-09-05 06:39:06,잠실래미안아이파크,송파구,신천동,전세,저,157.92,47.77,200000,0,20.0,62B,,49023793,https://www.zigbang.com/home/apt/items/49023793
2026-09-05 06:39:06,잠실래미안아이파크,송파구,신천동,전세,저,157.92,47.77,200000,0,20.0,62B,,49023789,https://www.zigbang.com/home/apt/items/49023789
2026-09-05 06:39:06,잠실래미안아이파크,송파구,신천동,전세,고,104.24,31.53,200000,0,20.0,41D,,49128806,https://www.zigbang.com/home/apt/items/49128806
2026-09-05 06:39:06,잠실래미안아이파크,송파구,신천동,전세,고,129.96,39.31,230000,0,23.0,50C,,50219947,https://www.zigbang.com/home/apt/items/50219947
2026-09-05 06:39:06,잠실래미안아이파크,송파구,신천동,전세,5,157.92,47.77,230000,0,23.0,62A,,50075417,https://www.zigbang.com/home/apt/items/50075417
2026-09-05 06:39:06,잠실래미안아이파크,송파구,신천동,전세,중,118,35.69,230000,0,23.0,46C,,49569678,https://www.zigbang.com/home/apt/items/49569678
2026-09-05 06:39:06,잠실래미안아이파크,송파구,신천동,매매,12,43.73,13.23,238000,0,23.8,21,,49629281,https://www.zigbang.com/home/apt/items/49629281
2026-09-05 06:39:06,잠실래미안아이파크,송파구,신천동,전세,4,157.92,47.77,280000,0,28.0,62A,,49023761,https://www.zigbang.com/home/apt/items/49023761
2026-09-05 06:39:06,잠실래미안아이파크,송파구,신천동,전세,저,157.92,47.77,280000,0,28.0,62A,,50219949,https://www.zigbang.com/home/apt/items/50219949
2026-09-05 06:39:06,잠실래미안아이파크,송파구,신천동,매매,고,74.96,22.68,375000,0,37.5,32A,,49234884,https://www.zigbang.com/home/apt/items/49234884
2026-09-05 06:39:06,잠실래미안아이파크,송파구,신천동,매매,고,84.99,25.71,410000,0,41.0,34B,,50249247,https://www.zigbang.com/home/apt/items/50249247
2026-09-05 06:39:06,잠실래미안아이파크,송파구,신천동,매매,중,84.88,25.68,410000,0,41.0,34A,,50044389,https://www.zigbang.com/home/apt/items/50044389
2026-09-05 06:39:06,잠실래미안아이파크,송파구,신천동,매매,중,84.88,25.68,410000,0,41.0,34A,,50208651,https://www.zigbang.com/home/apt/items/50208651
2026-09-05 06:39:06,잠실래미안아이파크,송파구,신천동,매매,17,84.99,25.71,420000,0,42.0,34C,,49234847,https://www.zigbang.com/home/apt/items/49234847
2026-09-05 06:39:06,잠실래미안아이파크,송파구,신천동,매매,중,84.99,25.71,420000,0,42.0,34C,,50059509,https://www.zigbang.com/home/apt/items/50059509
2026-09-05 06:39:06,잠실래미안아이파크,송파구,신천동,매매,중,84.99,25.71,420000,0,42.0,34B,,49738646,https://www.zigbang.com/home/apt/items/49738646
2026-09-05 06:39:06,잠실래미안아이파크,송파구,신천동,매매,중,84.99,25.71,420000,0,42.0,34C,,49560175,https://www.zigbang.com/home/apt/items/49560175
2026-09-05 06:39:06,잠실래미안아이파크,송파구,신천동,매매,고,84.99,25.71,450000,0,45.0,34C,,50161536,https://www.zigbang.com/home/apt/items/50161536
2026-09-05 06:39:06,잠실래미안아이파크,송파구,신천동,매매,31,84.99,25.71,450000,0,45.0,34C,,49497197,https://www.zigbang.com/home/apt/items/49497197
2026-09-05 06:39:06,잠실래미안아이파크,송파구,신천동,매매,고,84.99,25.71,450000,0,45.0,34C,,50043244,https://www.zigbang.com/home/apt/items/50043244
2026-09-05 06:39:06,잠실래미안아이파크,송파구,신천동,매매,중,84.88,25.68,460000,0,46.0,34A,,49023801,https://www.zigbang.com/home/apt/items/49023801
2026-09-05 06:39:06,잠실래미안아이파크,송파구,신천동,매매,고,84.96,25.7,510000,0,51.0,34D,,50284964,https://www.zigbang.com/home/apt/items/50284964
2026-09-05 06:39:06,잠실래미안아이파크,송파구,신천동,매매,중,104.32,31.56,550000,0,55.0,41C,,50044741,https://www.zigbang.com/home/apt/items/50044741
2026-09-05 06:39:06,잠실래미안아이파크,송파구,신천동,매매,중,104.32,31.56,550000,0,55.0,41C,,49966697,https://www.zigbang.com/home/apt/items/49966697
2026-09-05 06:39:06,잠실래미안아이파크,송파구,신천동,매매,21,104.32,31.56,550000,0,55.0,41C,,49780865,https://www.zigbang.com/home/apt/items/49780865
2026-09-05 06:39:06,잠실래미안아이파크,송파구,신천동,매매,저,129.96,39.31,550000,0,55.0,50B,,50208664,https://www.zigbang.com/home/apt/items/50208664
2026-09-05 06:39:06,잠실래미안아이파크,송파구,신천동,매매,중,104.32,31.56,550000,0,55.0,41C,,49183902,https://www.zigbang.com/home/apt/items/49183902
2026-09-05 06:39:06,잠실래미안아이파크,송파구,신천동,매매,저,118,35.69,550000,0,55.0,46C,,49962743,https://www.zigbang.com/home/apt/items/49962743
2026-09-05 06:39:06,잠실래미안아이파크,송파구,신천동,매매,저,118,35.69,550000,0,55.0,46B,,49349786,https://www.zigbang.com/home/apt/items/49349786
2026-09-05 06:39:06,잠실래미안아이파크,송파구,신천동,매매,고,118,35.69,570000,0,57.0,46C,,50230088,https://www.zigbang.com/home/apt/items/50230088
2026-09-05 06:39:06,잠실래미안아이파크,송파구,신천동,매매,8,157.92,47.77,650000,0,65.0,62B,,50206139,https://www.zigbang.com/home/apt/items/50206139
2026-09-05 06:39:06,잠실래미안아이파크,송파구,신천동,매매,저,157.92,47.77,650000,0,65.0,62B,,50021802,https://www.zigbang.com/home/apt/items/50021802
2026-09-05 06:39:06,잠실래미안아이파크,송파구,신천동,매매,저,157.92,47.77,675000,0,67.5,62A,,50044719,https://www.zigbang.com/home/apt/items/50044719
2026-09-05 06:39:06,잠실래미안아이파크,송파구,신천동,매매,중,129.97,39.32,750000,0,75.0,50A,,50204715,https://www.zigbang.com/home/apt/items/50204715
2026-09-05 06:39:06,잠실래미안아이파크,송파구,신천동,매매,6,157.92,47.77,750000,0,75.0,62A,,49579205,https://www.zigbang.com/home/apt/items/49579205
2026-09-05 06:39:06,잠실롯데캐슬골드,송파구,신천동,전세,중,166.7,50.43,160000,0,16.0,65A,,49880785,https://www.zigbang.com/home/apt/items/49880785
2026-09-05 06:39:06,잠실롯데캐슬골드,송파구,신천동,전세,중,148.15,44.82,170000,0,17.0,57,,50272268,https://www.zigbang.com/home/apt/items/50272268
2026-09-05 06:39:06,잠실롯데캐슬골드,송파구,신천동,전세,중,148.15,44.82,170000,0,17.0,57,,50272240,https://www.zigbang.com/home/apt/items/50272240
2026-09-05 06:39:06,잠실롯데캐슬골드,송파구,신천동,전세,저,166.7,50.43,180000,0,18.0,65A,,50272296,https://www.zigbang.com/home/apt/items/50272296
2026-09-05 06:39:06,잠실롯데캐슬골드,송파구,신천동,전세,중,187.65,56.76,220000,0,22.0,73,,50272326,https://www.zigbang.com/home/apt/items/50272326
2026-09-05 06:39:06,잠실롯데캐슬골드,송파구,신천동,전세,고,243.4,73.63,450000,0,45.0,94,,47526595,https://www.zigbang.com/home/apt/items/47526595
2026-09-05 06:39:06,잠실르엘,송파구,신천동,전세,중,95.07,28.76,27,0,0.0,37,,49023819,https://www.zigbang.com/home/apt/items/49023819
2026-09-05 06:39:06,잠실르엘,송파구,신천동,월세,중,84.81,25.65,20000,680,2.0,33B,,49023832,https://www.zigbang.com/home/apt/items/49023832
2026-09-05 06:39:06,잠실르엘,송파구,신천동,월세,고,59.87,18.11,30000,480,3.0,25A,,49954330,https://www.zigbang.com/home/apt/items/49954330
2026-09-05 06:39:06,잠실르엘,송파구,신천동,월세,고,59.87,18.11,50000,400,5.0,25A,,50044415,https://www.zigbang.com/home/apt/items/50044415
2026-09-05 06:39:06,잠실르엘,송파구,신천동,월세,중,51.9095,15.7,50000,400,5.0,23,,49620942,https://www.zigbang.com/home/apt/items/49620942
2026-09-05 06:39:06,잠실르엘,송파구,신천동,월세,중,126.16,38.16,50000,1000,5.0,50,,50164362,https://www.zigbang.com/home/apt/items/50164362
2026-09-05 06:39:06,잠실르엘,송파구,신천동,월세,고,126.16,38.16,50000,1000,5.0,50,,50086023,https://www.zigbang.com/home/apt/items/50086023
2026-09-05 06:39:06,잠실르엘,송파구,신천동,월세,중,74.2804,22.47,50000,460,5.0,30B,,49720258,https://www.zigbang.com/home/apt/items/49720258
2026-09-05 06:39:06,잠실르엘,송파구,신천동,월세,중,74.2804,22.47,90000,220,9.0,30B,,47901442,https://www.zigbang.com/home/apt/items/47901442
2026-09-05 06:39:06,잠실르엘,송파구,신천동,월세,저,59.87,18.11,100000,240,10.0,25A,,49778833,https://www.zigbang.com/home/apt/items/49778833
2026-09-05 06:39:06,잠실르엘,송파구,신천동,월세,저,59.87,18.11,100000,240,10.0,25A,,49720187,https://www.zigbang.com/home/apt/items/49720187
2026-09-05 06:39:06,잠실르엘,송파구,신천동,월세,고,84.87,25.67,150000,100,15.0,33A,,50059467,https://www.zigbang.com/home/apt/items/50059467
2026-09-05 06:39:06,잠실르엘,송파구,신천동,전세,저,74.2804,22.47,160000,0,16.0,30B,,49824431,https://www.zigbang.com/home/apt/items/49824431
2026-09-05 06:39:06,잠실르엘,송파구,신천동,전세,저,74.37,22.5,165000,0,16.5,30A,,50044380,https://www.zigbang.com/home/apt/items/50044380
2026-09-05 06:39:06,잠실르엘,송파구,신천동,월세,고,126.16,38.16,170000,520,17.0,50,,49522145,https://www.zigbang.com/home/apt/items/49522145
2026-09-05 06:39:06,잠실르엘,송파구,신천동,전세,2,74.37,22.5,180000,0,18.0,30A,,50182407,https://www.zigbang.com/home/apt/items/50182407
2026-09-05 06:39:06,잠실르엘,송파구,신천동,전세,저,74.37,22.5,180000,0,18.0,30A,,50204246,https://www.zigbang.com/home/apt/items/50204246
2026-09-05 06:39:06,잠실르엘,송파구,신천동,전세,중,84.81,25.65,190000,0,19.0,33B,,49069883,https://www.zigbang.com/home/apt/items/49069883
2026-09-05 06:39:06,잠실르엘,송파구,신천동,전세,고,145.55,44.03,220000,0,22.0,57,,48483361,https://www.zigbang.com/home/apt/items/48483361
2026-09-05 06:39:06,잠실르엘,송파구,신천동,전세,중,106.82,32.31,225000,0,22.5,42,,49023992,https://www.zigbang.com/home/apt/items/49023992
2026-09-05 06:39:06,잠실르엘,송파구,신천동,전세,중,126.16,38.16,230000,0,23.0,50,,49738647,https://www.zigbang.com/home/apt/items/49738647
2026-09-05 06:39:06,잠실르엘,송파구,신천동,전세,중,95.07,28.76,230000,0,23.0,37,,49500639,https://www.zigbang.com/home/apt/items/49500639
2026-09-05 06:39:06,잠실르엘,송파구,신천동,전세,중,106.82,32.31,270000,0,27.0,42,,50158102,https://www.zigbang.com/home/apt/items/50158102
2026-09-05 06:39:06,잠실르엘,송파구,신천동,전세,고,126.16,38.16,300000,0,30.0,50,,49782798,https://www.zigbang.com/home/apt/items/49782798
2026-09-05 06:39:06,잠실르엘,송파구,신천동,전세,34,134.83,40.79,360000,0,36.0,53,,50272355,https://www.zigbang.com/home/apt/items/50272355
2026-09-05 06:39:06,잠실르엘,송파구,신천동,매매,고,59.87,18.11,380000,0,38.0,25A,,49989412,https://www.zigbang.com/home/apt/items/49989412
2026-09-05 06:39:06,잠실르엘,송파구,신천동,매매,고,59.87,18.11,380000,0,38.0,25A,,49966541,https://www.zigbang.com/home/apt/items/49966541
2026-09-05 06:39:06,잠실르엘,송파구,신천동,매매,고,59.87,18.11,380000,0,38.0,25A,,50021744,https://www.zigbang.com/home/apt/items/50021744
2026-09-05 06:39:06,잠실르엘,송파구,신천동,전세,고,129.6468,39.22,390000,0,39.0,52A,,49782314,https://www.zigbang.com/home/apt/items/49782314
2026-09-05 06:39:06,잠실르엘,송파구,신천동,매매,고,74.2804,22.47,410000,0,41.0,30B,,48799404,https://www.zigbang.com/home/apt/items/48799404
2026-09-05 06:39:06,잠실르엘,송파구,신천동,매매,중,84.83,25.66,450000,0,45.0,33C,,50045638,https://www.zigbang.com/home/apt/items/50045638
2026-09-05 06:39:06,잠실르엘,송파구,신천동,매매,중,59.87,18.11,470000,0,47.0,25A,,50021763,https://www.zigbang.com/home/apt/items/50021763
2026-09-05 06:39:06,잠실르엘,송파구,신천동,매매,중,84.87,25.67,470000,0,47.0,33A,,49781757,https://www.zigbang.com/home/apt/items/49781757
2026-09-05 06:39:06,잠실르엘,송파구,신천동,매매,중,84.87,25.67,470000,0,47.0,33A,,48433764,https://www.zigbang.com/home/apt/items/48433764
2026-09-05 06:39:06,잠실르엘,송파구,신천동,매매,중,84.81,25.65,475000,0,47.5,33B,,50111820,https://www.zigbang.com/home/apt/items/50111820
2026-09-05 06:39:06,잠실르엘,송파구,신천동,매매,고,84.81,25.65,480000,0,48.0,33B,,49967162,https://www.zigbang.com/home/apt/items/49967162
2026-09-05 06:39:06,잠실르엘,송파구,신천동,매매,고,84.81,25.65,480000,0,48.0,33B,,49932550,https://www.zigbang.com/home/apt/items/49932550
2026-09-05 06:39:06,잠실르엘,송파구,신천동,매매,고,84.83,25.66,480000,0,48.0,33C,,49843874,https://www.zigbang.com/home/apt/items/49843874
2026-09-05 06:39:06,잠실르엘,송파구,신천동,매매,고,84.83,25.66,500000,0,50.0,33C,,50215097,https://www.zigbang.com/home/apt/items/50215097
2026-09-05 06:39:06,잠실르엘,송파구,신천동,매매,중,84.83,25.66,500000,0,50.0,33C,,50161450,https://www.zigbang.com/home/apt/items/50161450
2026-09-05 06:39:06,잠실르엘,송파구,신천동,매매,고,84.83,25.66,500000,0,50.0,33C,,50021725,https://www.zigbang.com/home/apt/items/50021725
2026-09-05 06:39:06,잠실르엘,송파구,신천동,매매,고,84.83,25.66,500000,0,50.0,33C,,50161487,https://www.zigbang.com/home/apt/items/50161487
2026-09-05 06:39:06,잠실르엘,송파구,신천동,매매,저,106.82,32.31,520000,0,52.0,42,,48861686,https://www.zigbang.com/home/apt/items/48861686
2026-09-05 06:39:06,잠실르엘,송파구,신천동,매매,고,84.83,25.66,520000,0,52.0,33C,,47793194,https://www.zigbang.com/home/apt/items/47793194
2026-09-05 06:39:06,잠실르엘,송파구,신천동,매매,저,106.82,32.31,540000,0,54.0,42,,49617055,https://www.zigbang.com/home/apt/items/49617055
2026-09-05 06:39:06,잠실르엘,송파구,신천동,매매,저,106.82,32.31,550000,0,55.0,42,,49023856,https://www.zigbang.com/home/apt/items/49023856
2026-09-05 06:39:06,잠실르엘,송파구,신천동,매매,고,106.82,32.31,600000,0,60.0,42,,49989100,https://www.zigbang.com/home/apt/items/49989100
2026-09-05 06:39:06,잠실르엘,송파구,신천동,매매,고,106.82,32.31,600000,0,60.0,42,,50158356,https://www.zigbang.com/home/apt/items/50158356
2026-09-05 06:39:06,잠실르엘,송파구,신천동,매매,고,134.83,40.79,930000,0,93.0,53,,50248930,https://www.zigbang.com/home/apt/items/50248930
2026-09-05 06:39:06,장미1차,송파구,신천동,월세,고,82.45,24.94,35000,160,3.5,33,,50077299,https://www.zigbang.com/home/apt/items/50077299
2026-09-05 06:39:06,장미1차,송파구,신천동,월세,고,71.2,21.54,35000,160,3.5,28,,49933702,https://www.zigbang.com/home/apt/items/49933702
2026-09-05 06:39:06,장미1차,송파구,신천동,월세,11,71.2,21.54,35000,160,3.5,28,,49584784,https://www.zigbang.com/home/apt/items/49584784
2026-09-05 06:39:06,장미1차,송파구,신천동,월세,10,71.2,21.54,40000,160,4.0,28,,50259161,https://www.zigbang.com/home/apt/items/50259161
2026-09-05 06:39:06,장미1차,송파구,신천동,월세,중,120,36.3,50000,280,5.0,45,,50190465,https://www.zigbang.com/home/apt/items/50190465
2026-09-05 06:39:06,장미1차,송파구,신천동,월세,13,71.2,21.54,70000,40,7.0,28,,50099652,https://www.zigbang.com/home/apt/items/50099652
2026-09-05 06:39:06,장미1차,송파구,신천동,전세,13,71.2,21.54,80000,0,8.0,28,,50099178,https://www.zigbang.com/home/apt/items/50099178
2026-09-05 06:39:06,장미1차,송파구,신천동,전세,중,120,36.3,128000,0,12.8,45,,50190371,https://www.zigbang.com/home/apt/items/50190371
2026-09-05 06:39:06,장미1차,송파구,신천동,매매,저,71.2,21.54,293000,0,29.3,28,,50245671,https://www.zigbang.com/home/apt/items/50245671
2026-09-05 06:39:06,장미1차,송파구,신천동,매매,중,71.2,21.54,300000,0,30.0,28,,50293054,https://www.zigbang.com/home/apt/items/50293054
2026-09-05 06:39:06,장미1차,송파구,신천동,매매,중,71.2,21.54,300000,0,30.0,28,,50284860,https://www.zigbang.com/home/apt/items/50284860
2026-09-05 06:39:06,장미1차,송파구,신천동,매매,중,71.2,21.54,300000,0,30.0,28,,50284259,https://www.zigbang.com/home/apt/items/50284259
2026-09-05 06:39:06,장미1차,송파구,신천동,매매,고,71.2,21.54,300000,0,30.0,28,,50173683,https://www.zigbang.com/home/apt/items/50173683
2026-09-05 06:39:06,장미1차,송파구,신천동,매매,4,71.2,21.54,300000,0,30.0,28,,50062793,https://www.zigbang.com/home/apt/items/50062793
2026-09-05 06:39:06,장미1차,송파구,신천동,매매,6,71.2,21.54,300000,0,30.0,28,,49584887,https://www.zigbang.com/home/apt/items/49584887
2026-09-05 06:39:06,장미1차,송파구,신천동,매매,고,71.2,21.54,303000,0,30.3,28,,49492767,https://www.zigbang.com/home/apt/items/49492767
2026-09-05 06:39:06,장미1차,송파구,신천동,매매,4,71.2,21.54,305000,0,30.5,28,,50284380,https://www.zigbang.com/home/apt/items/50284380
2026-09-05 06:39:06,장미1차,송파구,신천동,매매,4,71.2,21.54,305000,0,30.5,28,,50284213,https://www.zigbang.com/home/apt/items/50284213
2026-09-05 06:39:06,장미1차,송파구,신천동,매매,고,71.2,21.54,305000,0,30.5,28,,50173559,https://www.zigbang.com/home/apt/items/50173559
2026-09-05 06:39:06,장미1차,송파구,신천동,매매,4,71.2,21.54,305000,0,30.5,28,,49769350,https://www.zigbang.com/home/apt/items/49769350
2026-09-05 06:39:06,장미1차,송파구,신천동,매매,10,82.45,24.94,340000,0,34.0,33,,50174072,https://www.zigbang.com/home/apt/items/50174072
2026-09-05 06:39:06,장미1차,송파구,신천동,매매,10,82.45,24.94,350000,0,35.0,33,,50295351,https://www.zigbang.com/home/apt/items/50295351
2026-09-05 06:39:06,장미1차,송파구,신천동,매매,7,99,29.95,365000,0,36.5,38,,50056042,https://www.zigbang.com/home/apt/items/50056042
2026-09-05 06:39:06,장미1차,송파구,신천동,매매,저,99,29.95,370000,0,37.0,38,,50284307,https://www.zigbang.com/home/apt/items/50284307
2026-09-05 06:39:06,장미1차,송파구,신천동,매매,중,120,36.3,370000,0,37.0,45,,50270475,https://www.zigbang.com/home/apt/items/50270475
2026-09-05 06:39:06,장미1차,송파구,신천동,매매,중,99,29.95,370000,0,37.0,38,,50173626,https://www.zigbang.com/home/apt/items/50173626
2026-09-05 06:39:06,장미1차,송파구,신천동,매매,중,120,36.3,380000,0,38.0,45,,50286706,https://www.zigbang.com/home/apt/items/50286706
2026-09-05 06:39:06,장미1차,송파구,신천동,매매,고,120,36.3,380000,0,38.0,45,,50174331,https://www.zigbang.com/home/apt/items/50174331
2026-09-05 06:39:06,장미1차,송파구,신천동,매매,10,120,36.3,380000,0,38.0,45,,50041217,https://www.zigbang.com/home/apt/items/50041217
2026-09-05 06:39:06,장미1차,송파구,신천동,매매,중,120,36.3,380000,0,38.0,45,,49896717,https://www.zigbang.com/home/apt/items/49896717
2026-09-05 06:39:06,장미1차,송파구,신천동,매매,중,120,36.3,380000,0,38.0,45,,49741088,https://www.zigbang.com/home/apt/items/49741088
2026-09-05 06:39:06,장미1차,송파구,신천동,매매,12,120,36.3,380000,0,38.0,45,,49315879,https://www.zigbang.com/home/apt/items/49315879
2026-09-05 06:39:06,장미1차,송파구,신천동,매매,14,120,36.3,388000,0,38.8,45,,49632096,https://www.zigbang.com/home/apt/items/49632096
2026-09-05 06:39:06,장미1차,송파구,신천동,매매,고,120,36.3,390000,0,39.0,45,,50284274,https://www.zigbang.com/home/apt/items/50284274
2026-09-05 06:39:06,장미1차,송파구,신천동,매매,저,120,36.3,390000,0,39.0,45,,50173649,https://www.zigbang.com/home/apt/items/50173649
2026-09-05 06:39:06,장미1차,송파구,신천동,매매,4,120,36.3,390000,0,39.0,45,,49314745,https://www.zigbang.com/home/apt/items/49314745
2026-09-05 06:39:06,장미1차,송파구,신천동,매매,저,174.55,52.8,430000,0,43.0,56,,50284235,https://www.zigbang.com/home/apt/items/50284235
2026-09-05 06:39:06,장미1차,송파구,신천동,매매,12,174.55,52.8,430000,0,43.0,56,,50010685,https://www.zigbang.com/home/apt/items/50010685
2026-09-05 06:39:06,장미1차,송파구,신천동,매매,12,174.55,52.8,450000,0,45.0,56,,50265378,https://www.zigbang.com/home/apt/items/50265378
2026-09-05 06:39:06,장미1차,송파구,신천동,매매,고,196.76,59.52,510000,0,51.0,64,,50173664,https://www.zigbang.com/home/apt/items/50173664
2026-09-05 06:39:06,장미1차,송파구,신천동,매매,고,174.55,52.8,520000,0,52.0,56,,49632191,https://www.zigbang.com/home/apt/items/49632191
2026-09-05 06:39:06,장미2차,송파구,신천동,전세,8,101.98,30.85,75000,0,7.5,33B,,50041158,https://www.zigbang.com/home/apt/items/50041158
2026-09-05 06:39:06,장미2차,송파구,신천동,전세,2,101.98,30.85,75000,0,7.5,33B,,50265379,https://www.zigbang.com/home/apt/items/50265379
2026-09-05 06:39:06,장미2차,송파구,신천동,매매,고,86.41,26.14,290000,0,29.0,28B,,50270430,https://www.zigbang.com/home/apt/items/50270430
2026-09-05 06:39:06,장미2차,송파구,신천동,매매,고,86.25,26.09,300000,0,30.0,28A,,50253991,https://www.zigbang.com/home/apt/items/50253991
2026-09-05 06:39:06,장미2차,송파구,신천동,매매,4,86.25,26.09,310000,0,31.0,28A,,50270143,https://www.zigbang.com/home/apt/items/50270143
2026-09-05 06:39:06,장미2차,송파구,신천동,매매,저,87.87,26.58,310000,0,31.0,28,,50265381,https://www.zigbang.com/home/apt/items/50265381
2026-09-05 06:39:06,장미2차,송파구,신천동,매매,고,101.98,30.85,330000,0,33.0,33B,,50284327,https://www.zigbang.com/home/apt/items/50284327
2026-09-05 06:39:06,장미2차,송파구,신천동,매매,저,101.98,30.85,330000,0,33.0,33B,,50241190,https://www.zigbang.com/home/apt/items/50241190
2026-09-05 06:39:06,장미2차,송파구,신천동,매매,중,101.06,30.57,330000,0,33.0,33A,,50293024,https://www.zigbang.com/home/apt/items/50293024
2026-09-05 06:39:06,장미2차,송파구,신천동,매매,고,101.98,30.85,335000,0,33.5,33B,,50173575,https://www.zigbang.com/home/apt/items/50173575
2026-09-05 06:39:06,장미2차,송파구,신천동,매매,저,101.98,30.85,335000,0,33.5,33B,,49850829,https://www.zigbang.com/home/apt/items/49850829
2026-09-05 06:39:06,장미2차,송파구,신천동,매매,14,101.02,30.56,340000,0,34.0,33A,,49315706,https://www.zigbang.com/home/apt/items/49315706
2026-09-05 06:39:06,장미2차,송파구,신천동,매매,중,118.41,35.82,360000,0,36.0,38B,,50128745,https://www.zigbang.com/home/apt/items/50128745
2026-09-05 06:39:06,장미2차,송파구,신천동,매매,저,122.08,36.93,370000,0,37.0,40,,50295306,https://www.zigbang.com/home/apt/items/50295306
2026-09-05 06:39:06,장미2차,송파구,신천동,매매,저,119.57,36.17,370000,0,37.0,39A,,50284770,https://www.zigbang.com/home/apt/items/50284770
2026-09-05 06:39:06,장미2차,송파구,신천동,매매,3,118.41,35.82,370000,0,37.0,38B,,50173530,https://www.zigbang.com/home/apt/items/50173530
2026-09-05 06:39:06,장미2차,송파구,신천동,매매,3,118.41,35.82,370000,0,37.0,38B,,49315235,https://www.zigbang.com/home/apt/items/49315235
2026-09-05 06:39:06,장미2차,송파구,신천동,매매,중,141.78,42.89,390000,0,39.0,46A,,50295333,https://www.zigbang.com/home/apt/items/50295333
2026-09-05 06:39:06,장미3차,송파구,신천동,매매,중,134.16,40.58,406000,0,40.6,47,,50253848,https://www.zigbang.com/home/apt/items/50253848
2026-09-05 06:39:06,장미3차,송파구,신천동,매매,8,134.16,40.58,420000,0,42.0,47,,49314668,https://www.zigbang.com/home/apt/items/49314668
2026-09-05 06:39:06,파크리오,송파구,신천동,월세,중,35.24,10.66,5000,170,0.5,16,,49569802,https://www.zigbang.com/home/apt/items/49569802
2026-09-05 06:39:06,파크리오,송파구,신천동,월세,고,59.64,18.04,10000,400,1.0,26C,,50003518,https://www.zigbang.com/home/apt/items/50003518
2026-09-05 06:39:06,파크리오,송파구,신천동,월세,중,59.95,18.13,10000,360,1.0,26A,,49470509,https://www.zigbang.com/home/apt/items/49470509
2026-09-05 06:39:06,파크리오,송파구,신천동,월세,저,84.9,25.68,10000,420,1.0,33C,,49404157,https://www.zigbang.com/home/apt/items/49404157
2026-09-05 06:39:06,파크리오,송파구,신천동,월세,중,35.24,10.66,10000,170,1.0,16,,49237959,https://www.zigbang.com/home/apt/items/49237959
2026-09-05 06:39:06,파크리오,송파구,신천동,월세,중,84.97,25.7,10000,500,1.0,33A,,49822227,https://www.zigbang.com/home/apt/items/49822227
2026-09-05 06:39:06,파크리오,송파구,신천동,월세,중,59.95,18.13,20000,360,2.0,26A,,49668605,https://www.zigbang.com/home/apt/items/49668605
2026-09-05 06:39:06,파크리오,송파구,신천동,월세,저,84.9,25.68,20000,400,2.0,33C,,49738631,https://www.zigbang.com/home/apt/items/49738631
2026-09-05 06:39:06,파크리오,송파구,신천동,월세,저,35.24,10.66,25000,150,2.5,16,,49297808,https://www.zigbang.com/home/apt/items/49297808
2026-09-05 06:39:06,파크리오,송파구,신천동,월세,고,84.79,25.65,30000,320,3.0,33B,,50041638,https://www.zigbang.com/home/apt/items/50041638
2026-09-05 06:39:06,파크리오,송파구,신천동,월세,고,84.9,25.68,35000,300,3.5,33C,,50041583,https://www.zigbang.com/home/apt/items/50041583
2026-09-05 06:39:06,파크리오,송파구,신천동,월세,고,84.79,25.65,40000,320,4.0,33B,,50235828,https://www.zigbang.com/home/apt/items/50235828
2026-09-05 06:39:06,파크리오,송파구,신천동,월세,중,59.95,18.13,40000,280,4.0,26A,,50078935,https://www.zigbang.com/home/apt/items/50078935
2026-09-05 06:39:06,파크리오,송파구,신천동,월세,중,59.95,18.13,40000,280,4.0,26A,,49778674,https://www.zigbang.com/home/apt/items/49778674
2026-09-05 06:39:06,파크리오,송파구,신천동,월세,중,84.9,25.68,40000,320,4.0,33C,,49999348,https://www.zigbang.com/home/apt/items/49999348
2026-09-05 06:39:06,파크리오,송파구,신천동,월세,중,35.24,10.66,45000,60,4.5,16,,49297706,https://www.zigbang.com/home/apt/items/49297706
2026-09-05 06:39:06,파크리오,송파구,신천동,월세,중,59.95,18.13,45000,260,4.5,26A,,50018013,https://www.zigbang.com/home/apt/items/50018013
2026-09-05 06:39:06,파크리오,송파구,신천동,월세,저,59.95,18.13,50000,240,5.0,26A,,50161613,https://www.zigbang.com/home/apt/items/50161613
2026-09-05 06:39:06,파크리오,송파구,신천동,월세,중,84.79,25.65,50000,350,5.0,33B,,50076808,https://www.zigbang.com/home/apt/items/50076808
2026-09-05 06:39:06,파크리오,송파구,신천동,월세,고,59.95,18.13,50000,240,5.0,26A,,49996790,https://www.zigbang.com/home/apt/items/49996790
2026-09-05 06:39:06,파크리오,송파구,신천동,월세,중,121.63,36.79,50000,500,5.0,45,,49995727,https://www.zigbang.com/home/apt/items/49995727
2026-09-05 06:39:06,파크리오,송파구,신천동,월세,중,121.63,36.79,50000,500,5.0,45,,49987511,https://www.zigbang.com/home/apt/items/49987511
2026-09-05 06:39:06,파크리오,송파구,신천동,월세,중,59.95,18.13,50000,240,5.0,26A,,49871075,https://www.zigbang.com/home/apt/items/49871075
2026-09-05 06:39:06,파크리오,송파구,신천동,월세,중,35.24,10.66,50000,80,5.0,16,,49509002,https://www.zigbang.com/home/apt/items/49509002
2026-09-05 06:39:06,파크리오,송파구,신천동,월세,고,84.9,25.68,50000,320,5.0,33C,,50046163,https://www.zigbang.com/home/apt/items/50046163
2026-09-05 06:39:06,파크리오,송파구,신천동,월세,중,35.24,10.66,50000,80,5.0,16,,49571537,https://www.zigbang.com/home/apt/items/49571537
2026-09-05 06:39:06,파크리오,송파구,신천동,월세,고,59.95,18.13,55000,220,5.5,26A,,50004367,https://www.zigbang.com/home/apt/items/50004367
2026-09-05 06:39:06,파크리오,송파구,신천동,월세,저,84.9,25.68,60000,240,6.0,33C,,50192381,https://www.zigbang.com/home/apt/items/50192381
2026-09-05 06:39:06,파크리오,송파구,신천동,월세,중,84.9,25.68,65000,220,6.5,33C,,50225822,https://www.zigbang.com/home/apt/items/50225822
2026-09-05 06:39:06,파크리오,송파구,신천동,전세,고,35.24,10.66,65000,0,6.5,16,,50041500,https://www.zigbang.com/home/apt/items/50041500
2026-09-05 06:39:06,파크리오,송파구,신천동,월세,고,84.79,25.65,70000,200,7.0,33B,,50082793,https://www.zigbang.com/home/apt/items/50082793
2026-09-05 06:39:06,파크리오,송파구,신천동,월세,중,84.9,25.68,70000,230,7.0,33C,,49678124,https://www.zigbang.com/home/apt/items/49678124
2026-09-05 06:39:06,파크리오,송파구,신천동,전세,저,35.24,10.66,70000,0,7.0,16,,49567747,https://www.zigbang.com/home/apt/items/49567747
2026-09-05 06:39:06,파크리오,송파구,신천동,전세,중,35.24,10.66,70000,0,7.0,16,,49570791,https://www.zigbang.com/home/apt/items/49570791
2026-09-05 06:39:06,파크리오,송파구,신천동,월세,중,84.9,25.68,80000,200,8.0,33C,,50153506,https://www.zigbang.com/home/apt/items/50153506
2026-09-05 06:39:06,파크리오,송파구,신천동,월세,중,84.9,25.68,80000,170,8.0,33C,,49703338,https://www.zigbang.com/home/apt/items/49703338
2026-09-05 06:39:06,파크리오,송파구,신천동,월세,고,84.9,25.68,80000,160,8.0,33C,,49627208,https://www.zigbang.com/home/apt/items/49627208
2026-09-05 06:39:06,파크리오,송파구,신천동,월세,고,84.9,25.68,80000,180,8.0,33C,,50046217,https://www.zigbang.com/home/apt/items/50046217
2026-09-05 06:39:06,파크리오,송파구,신천동,월세,저,84.9,25.68,80000,200,8.0,33C,,49880398,https://www.zigbang.com/home/apt/items/49880398
2026-09-05 06:39:06,파크리오,송파구,신천동,월세,중,84.9,25.68,90000,80,9.0,33C,,50174036,https://www.zigbang.com/home/apt/items/50174036
2026-09-05 06:39:06,파크리오,송파구,신천동,월세,고,84.9,25.68,90000,160,9.0,33C,,50161574,https://www.zigbang.com/home/apt/items/50161574
2026-09-05 06:39:06,파크리오,송파구,신천동,월세,고,84.9,25.68,90000,150,9.0,33C,,49678392,https://www.zigbang.com/home/apt/items/49678392
2026-09-05 06:39:06,파크리오,송파구,신천동,월세,저,84.79,25.65,90000,150,9.0,33B,,49255929,https://www.zigbang.com/home/apt/items/49255929
2026-09-05 06:39:06,파크리오,송파구,신천동,전세,중,84.9,25.68,110000,0,11.0,33C,,50028726,https://www.zigbang.com/home/apt/items/50028726
2026-09-05 06:39:06,파크리오,송파구,신천동,전세,고,59.64,18.04,113000,0,11.3,26C,,50241183,https://www.zigbang.com/home/apt/items/50241183
2026-09-05 06:39:06,파크리오,송파구,신천동,전세,중,59.95,18.13,115000,0,11.5,26A,,49848621,https://www.zigbang.com/home/apt/items/49848621
2026-09-05 06:39:06,파크리오,송파구,신천동,전세,저,59.64,18.04,115000,0,11.5,26C,,49738608,https://www.zigbang.com/home/apt/items/49738608
2026-09-05 06:39:06,파크리오,송파구,신천동,전세,고,84.79,25.65,120000,0,12.0,33B,,50266628,https://www.zigbang.com/home/apt/items/50266628
2026-09-05 06:39:06,파크리오,송파구,신천동,전세,중,84.9,25.68,120000,0,12.0,33C,,50198118,https://www.zigbang.com/home/apt/items/50198118
2026-09-05 06:39:06,파크리오,송파구,신천동,전세,저,84.79,25.65,120000,0,12.0,33B,,49987922,https://www.zigbang.com/home/apt/items/49987922
2026-09-05 06:39:06,파크리오,송파구,신천동,전세,중,84.9,25.68,125000,0,12.5,33C,,50266456,https://www.zigbang.com/home/apt/items/50266456
2026-09-05 06:39:06,파크리오,송파구,신천동,전세,고,84.9,25.68,125000,0,12.5,33C,,49849343,https://www.zigbang.com/home/apt/items/49849343
2026-09-05 06:39:06,파크리오,송파구,신천동,전세,고,84.9,25.68,130000,0,13.0,33C,,50091992,https://www.zigbang.com/home/apt/items/50091992
2026-09-05 06:39:06,파크리오,송파구,신천동,전세,중,84.9,25.68,130000,0,13.0,33C,,50076316,https://www.zigbang.com/home/apt/items/50076316
2026-09-05 06:39:06,파크리오,송파구,신천동,전세,고,84.9,25.68,130000,0,13.0,33C,,50073032,https://www.zigbang.com/home/apt/items/50073032
2026-09-05 06:39:06,파크리오,송파구,신천동,전세,저,84.9,25.68,130000,0,13.0,33C,,50046142,https://www.zigbang.com/home/apt/items/50046142
2026-09-05 06:39:06,파크리오,송파구,신천동,전세,저,84.79,25.65,130000,0,13.0,33B,,49988012,https://www.zigbang.com/home/apt/items/49988012
2026-09-05 06:39:06,파크리오,송파구,신천동,전세,저,84.79,25.65,130000,0,13.0,33B1,,49582658,https://www.zigbang.com/home/apt/items/49582658
2026-09-05 06:39:06,파크리오,송파구,신천동,전세,저,84.9,25.68,130000,0,13.0,33C,,49738612,https://www.zigbang.com/home/apt/items/49738612
2026-09-05 06:39:06,파크리오,송파구,신천동,전세,고,84.9,25.68,130000,0,13.0,33C,,49245333,https://www.zigbang.com/home/apt/items/49245333
2026-09-05 06:39:06,파크리오,송파구,신천동,전세,저,84.79,25.65,135000,0,13.5,33B,,50241116,https://www.zigbang.com/home/apt/items/50241116
2026-09-05 06:39:06,파크리오,송파구,신천동,전세,중,84.9,25.68,135000,0,13.5,33C,,50239575,https://www.zigbang.com/home/apt/items/50239575
2026-09-05 06:39:06,파크리오,송파구,신천동,전세,중,84.9,25.68,135000,0,13.5,33C,,49809597,https://www.zigbang.com/home/apt/items/49809597
2026-09-05 06:39:06,파크리오,송파구,신천동,전세,중,84.9,25.68,135000,0,13.5,33C,,50272096,https://www.zigbang.com/home/apt/items/50272096
2026-09-05 06:39:06,파크리오,송파구,신천동,매매,중,35.24,10.66,137000,0,13.7,16,,49531227,https://www.zigbang.com/home/apt/items/49531227
2026-09-05 06:39:06,파크리오,송파구,신천동,전세,고,84.79,25.65,140000,0,14.0,33B,,49819448,https://www.zigbang.com/home/apt/items/49819448
2026-09-05 06:39:06,파크리오,송파구,신천동,전세,저,144.77,43.79,145000,0,14.5,53,,49784457,https://www.zigbang.com/home/apt/items/49784457
2026-09-05 06:39:06,파크리오,송파구,신천동,매매,중,35.24,10.66,145000,0,14.5,16,,49738599,https://www.zigbang.com/home/apt/items/49738599
2026-09-05 06:39:06,파크리오,송파구,신천동,전세,중,144.77,43.79,150000,0,15.0,53,,49738622,https://www.zigbang.com/home/apt/items/49738622
2026-09-05 06:39:06,파크리오,송파구,신천동,전세,중,121.63,36.79,160000,0,16.0,45,,49115418,https://www.zigbang.com/home/apt/items/49115418
2026-09-05 06:39:06,파크리오,송파구,신천동,매매,고,59.95,18.13,265000,0,26.5,26A,,50256933,https://www.zigbang.com/home/apt/items/50256933
2026-09-05 06:39:06,파크리오,송파구,신천동,매매,고,59.95,18.13,265000,0,26.5,26A,,50173544,https://www.zigbang.com/home/apt/items/50173544
2026-09-05 06:39:06,파크리오,송파구,신천동,매매,저,59.95,18.13,265000,0,26.5,26A,,50133998,https://www.zigbang.com/home/apt/items/50133998
2026-09-05 06:39:06,파크리오,송파구,신천동,매매,고,59.64,18.04,265000,0,26.5,26C,,49681766,https://www.zigbang.com/home/apt/items/49681766
2026-09-05 06:39:06,파크리오,송파구,신천동,매매,고,59.95,18.13,265000,0,26.5,26A,,49228808,https://www.zigbang.com/home/apt/items/49228808
2026-09-05 06:39:06,파크리오,송파구,신천동,매매,저,59.95,18.13,267000,0,26.7,26A,,50223974,https://www.zigbang.com/home/apt/items/50223974
2026-09-05 06:39:06,파크리오,송파구,신천동,매매,고,59.86,18.11,269000,0,26.9,26B,,49055610,https://www.zigbang.com/home/apt/items/49055610
2026-09-05 06:39:06,파크리오,송파구,신천동,매매,고,59.95,18.13,270000,0,27.0,26A,,50263441,https://www.zigbang.com/home/apt/items/50263441
2026-09-05 06:39:06,파크리오,송파구,신천동,매매,고,59.95,18.13,270000,0,27.0,26A,,49681205,https://www.zigbang.com/home/apt/items/49681205
2026-09-05 06:39:06,파크리오,송파구,신천동,매매,중,59.95,18.13,275000,0,27.5,26A,,50166950,https://www.zigbang.com/home/apt/items/50166950
2026-09-05 06:39:06,파크리오,송파구,신천동,매매,고,59.64,18.04,275000,0,27.5,26C,,50079196,https://www.zigbang.com/home/apt/items/50079196
2026-09-05 06:39:06,파크리오,송파구,신천동,매매,저,59.95,18.13,275000,0,27.5,26A,,49846590,https://www.zigbang.com/home/apt/items/49846590
2026-09-05 06:39:06,파크리오,송파구,신천동,매매,고,59.86,18.11,275000,0,27.5,26B,,50046190,https://www.zigbang.com/home/apt/items/50046190
2026-09-05 06:39:06,파크리오,송파구,신천동,매매,고,59.95,18.13,275000,0,27.5,26A,,50049918,https://www.zigbang.com/home/apt/items/50049918
2026-09-05 06:39:06,파크리오,송파구,신천동,매매,중,59.95,18.13,275000,0,27.5,26A,,50041872,https://www.zigbang.com/home/apt/items/50041872
2026-09-05 06:39:06,파크리오,송파구,신천동,매매,중,59.95,18.13,278000,0,27.8,26A,,49574779,https://www.zigbang.com/home/apt/items/49574779
2026-09-05 06:39:06,파크리오,송파구,신천동,매매,중,84.9,25.68,280000,0,28.0,33C,,50263654,https://www.zigbang.com/home/apt/items/50263654
2026-09-05 06:39:06,파크리오,송파구,신천동,매매,고,59.95,18.13,280000,0,28.0,26A,,49681232,https://www.zigbang.com/home/apt/items/49681232
2026-09-05 06:39:06,파크리오,송파구,신천동,매매,고,59.64,18.04,280000,0,28.0,26C,,49416100,https://www.zigbang.com/home/apt/items/49416100
2026-09-05 06:39:06,파크리오,송파구,신천동,매매,저,59.64,18.04,280000,0,28.0,26C,,49349515,https://www.zigbang.com/home/apt/items/49349515
2026-09-05 06:39:06,파크리오,송파구,신천동,매매,중,59.95,18.13,280000,0,28.0,26A,,49291735,https://www.zigbang.com/home/apt/items/49291735
2026-09-05 06:39:06,파크리오,송파구,신천동,매매,저,59.64,18.04,280000,0,28.0,26C,,50046351,https://www.zigbang.com/home/apt/items/50046351
2026-09-05 06:39:06,파크리오,송파구,신천동,매매,저,59.64,18.04,280000,0,28.0,26C,,49023935,https://www.zigbang.com/home/apt/items/49023935
2026-09-05 06:39:06,파크리오,송파구,신천동,매매,고,59.95,18.13,285000,0,28.5,26A,,50215564,https://www.zigbang.com/home/apt/items/50215564
2026-09-05 06:39:06,파크리오,송파구,신천동,매매,중,84.79,25.65,285000,0,28.5,33B,,50201717,https://www.zigbang.com/home/apt/items/50201717
2026-09-05 06:39:06,파크리오,송파구,신천동,매매,고,59.95,18.13,285000,0,28.5,26A,,50086431,https://www.zigbang.com/home/apt/items/50086431
2026-09-05 06:39:06,파크리오,송파구,신천동,매매,중,84.79,25.65,285000,0,28.5,33B,,50265404,https://www.zigbang.com/home/apt/items/50265404
2026-09-05 06:39:06,파크리오,송파구,신천동,매매,고,59.86,18.11,285000,0,28.5,26B,,49531490,https://www.zigbang.com/home/apt/items/49531490
2026-09-05 06:39:06,파크리오,송파구,신천동,매매,저,84.9,25.68,288000,0,28.8,33C,,49202608,https://www.zigbang.com/home/apt/items/49202608
2026-09-05 06:39:06,파크리오,송파구,신천동,매매,저,84.79,25.65,290000,0,29.0,33B,,50269874,https://www.zigbang.com/home/apt/items/50269874
2026-09-05 06:39:06,파크리오,송파구,신천동,매매,중,84.79,25.65,290000,0,29.0,33B,,50263331,https://www.zigbang.com/home/apt/items/50263331
2026-09-05 06:39:06,파크리오,송파구,신천동,매매,중,84.9,25.68,290000,0,29.0,33C,,50263216,https://www.zigbang.com/home/apt/items/50263216
2026-09-05 06:39:06,파크리오,송파구,신천동,매매,저,84.9,25.68,290000,0,29.0,33C,,50161480,https://www.zigbang.com/home/apt/items/50161480
2026-09-05 06:39:06,파크리오,송파구,신천동,매매,저,84.9,25.68,290000,0,29.0,33C,,50046039,https://www.zigbang.com/home/apt/items/50046039
2026-09-05 06:39:06,파크리오,송파구,신천동,매매,저,84.9,25.68,290000,0,29.0,33C,,49988754,https://www.zigbang.com/home/apt/items/49988754
2026-09-05 06:39:06,파크리오,송파구,신천동,매매,저,84.79,25.65,290000,0,29.0,33B,,49694988,https://www.zigbang.com/home/apt/items/49694988
2026-09-05 06:39:06,파크리오,송파구,신천동,매매,고,84.79,25.65,290000,0,29.0,33B,,49013190,https://www.zigbang.com/home/apt/items/49013190
2026-09-05 06:39:06,파크리오,송파구,신천동,매매,저,84.79,25.65,290000,0,29.0,33B,,49013142,https://www.zigbang.com/home/apt/items/49013142
2026-09-05 06:39:06,파크리오,송파구,신천동,매매,고,84.9,25.68,295000,0,29.5,33C,,50263365,https://www.zigbang.com/home/apt/items/50263365
2026-09-05 06:39:06,파크리오,송파구,신천동,매매,중,84.9,25.68,295000,0,29.5,33C,,50086467,https://www.zigbang.com/home/apt/items/50086467
2026-09-05 06:39:06,파크리오,송파구,신천동,매매,저,84.79,25.65,295000,0,29.5,33B,,50078810,https://www.zigbang.com/home/apt/items/50078810
2026-09-05 06:39:06,파크리오,송파구,신천동,매매,저,84.79,25.65,295000,0,29.5,33B,,50058835,https://www.zigbang.com/home/apt/items/50058835
2026-09-05 06:39:06,파크리오,송파구,신천동,매매,저,84.79,25.65,295000,0,29.5,33B,,50046313,https://www.zigbang.com/home/apt/items/50046313
2026-09-05 06:39:06,파크리오,송파구,신천동,매매,중,84.79,25.65,295000,0,29.5,33B,,49619557,https://www.zigbang.com/home/apt/items/49619557
2026-09-05 06:39:06,파크리오,송파구,신천동,매매,중,84.79,25.65,295000,0,29.5,33B,,48657091,https://www.zigbang.com/home/apt/items/48657091
2026-09-05 06:39:06,파크리오,송파구,신천동,매매,저,84.79,25.65,295000,0,29.5,33B,,50161433,https://www.zigbang.com/home/apt/items/50161433
2026-09-05 06:39:06,파크리오,송파구,신천동,매매,고,84.79,25.65,297000,0,29.7,33B,,50045671,https://www.zigbang.com/home/apt/items/50045671
2026-09-05 06:39:06,파크리오,송파구,신천동,매매,저,84.9,25.68,298000,0,29.8,33C,,49194279,https://www.zigbang.com/home/apt/items/49194279
2026-09-05 06:39:06,파크리오,송파구,신천동,매매,중,84.79,25.65,298000,0,29.8,33B,,48946008,https://www.zigbang.com/home/apt/items/48946008
2026-09-05 06:39:06,파크리오,송파구,신천동,매매,저,84.9,25.68,300000,0,30.0,33C,,50166552,https://www.zigbang.com/home/apt/items/50166552
2026-09-05 06:39:06,파크리오,송파구,신천동,매매,중,84.9,25.68,300000,0,30.0,33C,,50166512,https://www.zigbang.com/home/apt/items/50166512
2026-09-05 06:39:06,파크리오,송파구,신천동,매매,고,84.9,25.68,300000,0,30.0,33C,,50129112,https://www.zigbang.com/home/apt/items/50129112
2026-09-05 06:39:06,파크리오,송파구,신천동,매매,저,84.79,25.65,300000,0,30.0,33B,,50046290,https://www.zigbang.com/home/apt/items/50046290
2026-09-05 06:39:06,파크리오,송파구,신천동,매매,고,84.9,25.68,300000,0,30.0,33C,,50045691,https://www.zigbang.com/home/apt/items/50045691
2026-09-05 06:39:06,파크리오,송파구,신천동,매매,저,84.9,25.68,300000,0,30.0,33C,,49703241,https://www.zigbang.com/home/apt/items/49703241
2026-09-05 06:39:06,파크리오,송파구,신천동,매매,중,84.9,25.68,300000,0,30.0,33C,,49680364,https://www.zigbang.com/home/apt/items/49680364
2026-09-05 06:39:06,파크리오,송파구,신천동,매매,저,84.79,25.65,300000,0,30.0,33B1,,49583230,https://www.zigbang.com/home/apt/items/49583230
2026-09-05 06:39:06,파크리오,송파구,신천동,매매,고,84.79,25.65,300000,0,30.0,33B,,49332148,https://www.zigbang.com/home/apt/items/49332148
2026-09-05 06:39:06,파크리오,송파구,신천동,매매,중,84.79,25.65,300000,0,30.0,33B,,49331656,https://www.zigbang.com/home/apt/items/49331656
2026-09-05 06:39:06,파크리오,송파구,신천동,매매,중,84.79,25.65,300000,0,30.0,33B1,,49295653,https://www.zigbang.com/home/apt/items/49295653
2026-09-05 06:39:06,파크리오,송파구,신천동,매매,저,84.79,25.65,300000,0,30.0,33B1,,49291186,https://www.zigbang.com/home/apt/items/49291186
2026-09-05 06:39:06,파크리오,송파구,신천동,매매,저,84.9,25.68,300000,0,30.0,33C,,49291137,https://www.zigbang.com/home/apt/items/49291137
2026-09-05 06:39:06,파크리오,송파구,신천동,매매,8,84.79,25.65,300000,0,30.0,33B,,49291073,https://www.zigbang.com/home/apt/items/49291073
2026-09-05 06:39:06,파크리오,송파구,신천동,매매,중,84.79,25.65,300000,0,30.0,33B,,49075008,https://www.zigbang.com/home/apt/items/49075008
2026-09-05 06:39:06,파크리오,송파구,신천동,매매,고,84.79,25.65,300000,0,30.0,33B,,49053087,https://www.zigbang.com/home/apt/items/49053087
2026-09-05 06:39:06,파크리오,송파구,신천동,매매,저,84.79,25.65,300000,0,30.0,33B,,49052903,https://www.zigbang.com/home/apt/items/49052903
2026-09-05 06:39:06,파크리오,송파구,신천동,매매,중,84.79,25.65,300000,0,30.0,33B,,49035063,https://www.zigbang.com/home/apt/items/49035063
2026-09-05 06:39:06,파크리오,송파구,신천동,매매,중,84.9,25.68,300000,0,30.0,33C,,48290640,https://www.zigbang.com/home/apt/items/48290640
2026-09-05 06:39:06,파크리오,송파구,신천동,매매,저,84.79,25.65,300000,0,30.0,33B,,48290174,https://www.zigbang.com/home/apt/items/48290174
2026-09-05 06:39:06,파크리오,송파구,신천동,매매,중,84.9,25.68,305000,0,30.5,33C,,50139403,https://www.zigbang.com/home/apt/items/50139403
2026-09-05 06:39:06,파크리오,송파구,신천동,매매,고,84.79,25.65,305000,0,30.5,33B,,50058981,https://www.zigbang.com/home/apt/items/50058981
2026-09-05 06:39:06,파크리오,송파구,신천동,매매,중,84.79,25.65,305000,0,30.5,33B,,49348987,https://www.zigbang.com/home/apt/items/49348987
2026-09-05 06:39:06,파크리오,송파구,신천동,매매,중,84.79,25.65,310000,0,31.0,33B,,50256859,https://www.zigbang.com/home/apt/items/50256859
2026-09-05 06:39:06,파크리오,송파구,신천동,매매,중,84.79,25.65,310000,0,31.0,33B,,49290970,https://www.zigbang.com/home/apt/items/49290970
2026-09-05 06:39:06,파크리오,송파구,신천동,매매,중,84.79,25.65,310000,0,31.0,33B1,,49081680,https://www.zigbang.com/home/apt/items/49081680
2026-09-05 06:39:06,파크리오,송파구,신천동,매매,고,84.79,25.65,310000,0,31.0,33B,,48897246,https://www.zigbang.com/home/apt/items/48897246
2026-09-05 06:39:06,파크리오,송파구,신천동,매매,중,84.79,25.65,310000,0,31.0,33B,,48564059,https://www.zigbang.com/home/apt/items/48564059
2026-09-05 06:39:06,파크리오,송파구,신천동,매매,중,84.79,25.65,310000,0,31.0,33B,,48593348,https://www.zigbang.com/home/apt/items/48593348
2026-09-05 06:39:06,파크리오,송파구,신천동,매매,고,84.97,25.7,310000,0,31.0,33A,,48563835,https://www.zigbang.com/home/apt/items/48563835
2026-09-05 06:39:06,파크리오,송파구,신천동,매매,중,84.9,25.68,310000,0,31.0,33C,,49738650,https://www.zigbang.com/home/apt/items/49738650
2026-09-05 06:39:06,파크리오,송파구,신천동,매매,중,84.79,25.65,320000,0,32.0,33B,,50196903,https://www.zigbang.com/home/apt/items/50196903
2026-09-05 06:39:06,파크리오,송파구,신천동,매매,고,84.97,25.7,320000,0,32.0,33A,,50046103,https://www.zigbang.com/home/apt/items/50046103
2026-09-05 06:39:06,파크리오,송파구,신천동,매매,고,84.79,25.65,320000,0,32.0,33B1,,49532200,https://www.zigbang.com/home/apt/items/49532200
2026-09-05 06:39:06,파크리오,송파구,신천동,매매,중,84.97,25.7,325000,0,32.5,33A,,50196901,https://www.zigbang.com/home/apt/items/50196901
2026-09-05 06:39:06,파크리오,송파구,신천동,매매,고,84.9,25.68,330000,0,33.0,33C,,49767596,https://www.zigbang.com/home/apt/items/49767596
2026-09-05 06:39:06,파크리오,송파구,신천동,매매,저,121.63,36.79,335000,0,33.5,45,,46833274,https://www.zigbang.com/home/apt/items/46833274
2026-09-05 06:39:06,파크리오,송파구,신천동,매매,중,144.77,43.79,340000,0,34.0,53,,48996697,https://www.zigbang.com/home/apt/items/48996697
2026-09-05 06:39:06,파크리오,송파구,신천동,매매,저,144.77,43.79,345000,0,34.5,53,,49128788,https://www.zigbang.com/home/apt/items/49128788
2026-09-05 06:39:06,파크리오,송파구,신천동,매매,고,121.63,36.79,350000,0,35.0,45,,50079114,https://www.zigbang.com/home/apt/items/50079114
2026-09-05 06:39:06,파크리오,송파구,신천동,매매,30,121.63,36.79,353000,0,35.3,45,,50249030,https://www.zigbang.com/home/apt/items/50249030
2026-09-05 06:39:06,파크리오,송파구,신천동,매매,저,121.63,36.79,353000,0,35.3,45,,49531813,https://www.zigbang.com/home/apt/items/49531813
2026-09-05 06:39:06,파크리오,송파구,신천동,매매,저,121.63,36.79,355000,0,35.5,45,,50079157,https://www.zigbang.com/home/apt/items/50079157
2026-09-05 06:39:06,파크리오,송파구,신천동,매매,중,121.63,36.79,355000,0,35.5,45,,49186435,https://www.zigbang.com/home/apt/items/49186435
2026-09-05 06:39:06,파크리오,송파구,신천동,매매,중,144.77,43.79,360000,0,36.0,53,,50058640,https://www.zigbang.com/home/apt/items/50058640
2026-09-05 06:39:06,파크리오,송파구,신천동,매매,고,121.63,36.79,360000,0,36.0,45,,50046369,https://www.zigbang.com/home/apt/items/50046369
2026-09-05 06:39:06,파크리오,송파구,신천동,매매,중,121.63,36.79,360000,0,36.0,45,,50046077,https://www.zigbang.com/home/apt/items/50046077
2026-09-05 06:39:06,파크리오,송파구,신천동,매매,저,121.63,36.79,360000,0,36.0,45,,49192467,https://www.zigbang.com/home/apt/items/49192467
2026-09-05 06:39:06,파크리오,송파구,신천동,매매,중,144.77,43.79,360000,0,36.0,53,,49023941,https://www.zigbang.com/home/apt/items/49023941
2026-09-05 06:39:06,파크리오,송파구,신천동,매매,중,121.63,36.79,360000,0,36.0,45,,48657122,https://www.zigbang.com/home/apt/items/48657122
2026-09-05 06:39:06,파크리오,송파구,신천동,매매,중,121.63,36.79,365000,0,36.5,45,,49167654,https://www.zigbang.com/home/apt/items/49167654
2026-09-05 06:39:06,파크리오,송파구,신천동,매매,고,121.63,36.79,365000,0,36.5,45,,48779975,https://www.zigbang.com/home/apt/items/48779975
2026-09-05 06:39:06,파크리오,송파구,신천동,매매,고,121.63,36.79,370000,0,37.0,45,,48946214,https://www.zigbang.com/home/apt/items/48946214
2026-09-05 06:39:06,파크리오,송파구,신천동,매매,고,144.77,43.79,370000,0,37.0,53,,49738651,https://www.zigbang.com/home/apt/items/49738651
2026-09-05 06:39:06,파크리오,송파구,신천동,매매,고,121.63,36.79,370000,0,37.0,45,,49532673,https://www.zigbang.com/home/apt/items/49532673
2026-09-05 06:39:06,파크리오,송파구,신천동,매매,고,144.77,43.79,390000,0,39.0,53,,50164455,https://www.zigbang.com/home/apt/items/50164455
2026-09-05 06:39:06,파크리오,송파구,신천동,매매,13,144.77,43.79,390000,0,39.0,53,,49023964,https://www.zigbang.com/home/apt/items/49023964
2026-09-05 06:39:06,파크리오,송파구,신천동,매매,중,121.63,36.79,400000,0,40.0,45,,49987533,https://www.zigbang.com/home/apt/items/49987533
2026-09-05 06:39:06,한신코아,송파구,신천동,월세,12,41.99,12.7,25000,80,2.5,18,,50242566,https://www.zigbang.com/home/apt/items/50242566
2026-09-05 06:39:06,한신코아,송파구,신천동,매매,중,31.5,9.53,140000,0,14.0,13,,50242877,https://www.zigbang.com/home/apt/items/50242877
2026-09-05 06:39:06,한신코아,송파구,신천동,매매,고,41.99,12.7,160000,0,16.0,18,,50262941,https://www.zigbang.com/home/apt/items/50262941
2026-09-05 06:39:06,한신코아,송파구,신천동,매매,저,41.99,12.7,160000,0,16.0,18,,50242799,https://www.zigbang.com/home/apt/items/50242799
2026-09-05 06:39:06,한신코아,송파구,신천동,매매,저,41.99,12.7,160000,0,16.0,18,,49377680,https://www.zigbang.com/home/apt/items/49377680
2026-09-05 06:39:06,한신코아,송파구,신천동,매매,저,52.51,15.88,178000,0,17.8,23,,50242942,https://www.zigbang.com/home/apt/items/50242942
2026-09-05 06:39:06,한신코아,송파구,신천동,매매,저,52.51,15.88,183000,0,18.3,23,,50215113,https://www.zigbang.com/home/apt/items/50215113
2026-09-05 06:39:06,가락우창,송파구,오금동,전세,4,132.86,40.19,90000,0,9.0,47,,50291878,https://www.zigbang.com/home/apt/items/50291878
2026-09-05 06:39:06,대림,송파구,오금동,전세,3,125.79,38.05,100000,0,10.0,44,,50291755,https://www.zigbang.com/home/apt/items/50291755
2026-09-05 06:39:06,대림,송파구,오금동,매매,저,84.91,25.69,229000,0,22.9,31,,49574119,https://www.zigbang.com/home/apt/items/49574119
2026-09-05 06:39:06,대림,송파구,오금동,매매,2,84.91,25.69,233000,0,23.3,31,,50291761,https://www.zigbang.com/home/apt/items/50291761
2026-09-05 06:39:06,대림,송파구,오금동,매매,15,84.91,25.69,237000,0,23.7,31,,50291762,https://www.zigbang.com/home/apt/items/50291762
2026-09-05 06:39:06,대림,송파구,오금동,매매,9,84.91,25.69,238000,0,23.8,31,,50291763,https://www.zigbang.com/home/apt/items/50291763
2026-09-05 06:39:06,대림,송파구,오금동,매매,5,84.91,25.69,240000,0,24.0,31,,50291774,https://www.zigbang.com/home/apt/items/50291774
2026-09-05 06:39:06,대림,송파구,오금동,매매,5,84.91,25.69,240000,0,24.0,31,,50291772,https://www.zigbang.com/home/apt/items/50291772
2026-09-05 06:39:06,대림,송파구,오금동,매매,7,84.91,25.69,240000,0,24.0,31,,50291766,https://www.zigbang.com/home/apt/items/50291766
2026-09-05 06:39:06,대림,송파구,오금동,매매,고,84.91,25.69,240000,0,24.0,31,,50291765,https://www.zigbang.com/home/apt/items/50291765
2026-09-05 06:39:06,대림,송파구,오금동,매매,14,84.91,25.69,245000,0,24.5,31,,50291778,https://www.zigbang.com/home/apt/items/50291778
2026-09-05 06:39:06,대림,송파구,오금동,매매,1,125.79,38.05,254000,0,25.4,44,,50291780,https://www.zigbang.com/home/apt/items/50291780
2026-09-05 06:39:06,대림,송파구,오금동,매매,8,125.79,38.05,255000,0,25.5,44,,50291782,https://www.zigbang.com/home/apt/items/50291782
2026-09-05 06:39:06,대림,송파구,오금동,매매,3,125.79,38.05,260000,0,26.0,44,,50291785,https://www.zigbang.com/home/apt/items/50291785
2026-09-05 06:39:06,르네상스빌,송파구,오금동,매매,8,170.37,51.54,180000,0,18.0,61,,50291990,https://www.zigbang.com/home/apt/items/50291990
2026-09-05 06:39:06,르네상스빌,송파구,오금동,매매,고,204.11,61.74,205000,0,20.5,73,,50291994,https://www.zigbang.com/home/apt/items/50291994
2026-09-05 06:39:06,르네상스빌,송파구,오금동,매매,13,204.11,61.74,210000,0,21.0,73,,50291996,https://www.zigbang.com/home/apt/items/50291996
2026-09-05 06:39:06,송파더플래티넘,송파구,오금동,매매,14,52.6,15.91,138000,0,13.8,21A,,222045,https://www.zigbang.com/home/apt/items/222045
2026-09-05 06:39:06,송파더플래티넘,송파구,오금동,매매,중,65.33,19.76,160000,0,16.0,27,,50057057,https://www.zigbang.com/home/apt/items/50057057
2026-09-05 06:39:06,송파더플래티넘,송파구,오금동,매매,13,66.94,20.25,170000,0,17.0,27C,,243950,https://www.zigbang.com/home/apt/items/243950
2026-09-05 06:39:06,송파더플래티넘,송파구,오금동,매매,6,89.07,26.94,180000,0,18.0,35B,,240308,https://www.zigbang.com/home/apt/items/240308
2026-09-05 06:39:06,송파두산위브,송파구,오금동,전세,저,84.9703,25.7,87000,0,8.7,34,,50291891,https://www.zigbang.com/home/apt/items/50291891
2026-09-05 06:39:06,송파두산위브,송파구,오금동,매매,고,59.9823,18.14,150000,0,15.0,25,,50157899,https://www.zigbang.com/home/apt/items/50157899
2026-09-05 06:39:06,송파두산위브,송파구,오금동,매매,8,59.9823,18.14,150000,0,15.0,25,,50291895,https://www.zigbang.com/home/apt/items/50291895
2026-09-05 06:39:06,송파두산위브,송파구,오금동,매매,15,59.9823,18.14,150000,0,15.0,25,,50291893,https://www.zigbang.com/home/apt/items/50291893
2026-09-05 06:39:06,송파두산위브,송파구,오금동,매매,중,84.9703,25.7,168000,0,16.8,34,,49538015,https://www.zigbang.com/home/apt/items/49538015
2026-09-05 06:39:06,송파두산위브,송파구,오금동,매매,중,84.9703,25.7,175000,0,17.5,34,,50080297,https://www.zigbang.com/home/apt/items/50080297
2026-09-05 06:39:06,송파두산위브,송파구,오금동,매매,11,84.9703,25.7,180000,0,18.0,34,,101803,https://www.zigbang.com/home/apt/items/101803
2026-09-05 06:39:06,송파두산위브,송파구,오금동,매매,저,84.9703,25.7,180000,0,18.0,34,,49432585,https://www.zigbang.com/home/apt/items/49432585
2026-09-05 06:39:06,송파두산위브,송파구,오금동,매매,고,84.9703,25.7,185000,0,18.5,34,,50042795,https://www.zigbang.com/home/apt/items/50042795
2026-09-05 06:39:06,송파레미니스1단지,송파구,오금동,월세,중,84.94,25.69,60000,140,6.0,37CN,,50158340,https://www.zigbang.com/home/apt/items/50158340
2026-09-05 06:39:06,송파레미니스1단지,송파구,오금동,전세,저,84.82,25.66,90000,0,9.0,38B,,49531818,https://www.zigbang.com/home/apt/items/49531818
2026-09-05 06:39:06,송파레미니스1단지,송파구,오금동,전세,고,84.82,25.66,95000,0,9.5,38B,,50283895,https://www.zigbang.com/home/apt/items/50283895
2026-09-05 06:39:06,송파레미니스1단지,송파구,오금동,전세,중,84.94,25.69,95000,0,9.5,37CN,,50158321,https://www.zigbang.com/home/apt/items/50158321
2026-09-05 06:39:06,송파레미니스1단지,송파구,오금동,매매,15,59.85,18.1,170000,0,17.0,27A,,49347450,https://www.zigbang.com/home/apt/items/49347450
2026-09-05 06:39:06,송파레미니스1단지,송파구,오금동,매매,저,84.94,25.69,179000,0,17.9,37C,,50001291,https://www.zigbang.com/home/apt/items/50001291
2026-09-05 06:39:06,송파레미니스1단지,송파구,오금동,매매,10,84.94,25.69,190000,0,19.0,37C,,49352754,https://www.zigbang.com/home/apt/items/49352754
2026-09-05 06:39:06,송파레미니스1단지,송파구,오금동,매매,중,84.99,25.71,195000,0,19.5,37A,,50100814,https://www.zigbang.com/home/apt/items/50100814
2026-09-05 06:39:06,송파레미니스1단지,송파구,오금동,매매,중,84.94,25.69,195000,0,19.5,37CN,,49347435,https://www.zigbang.com/home/apt/items/49347435
2026-09-05 06:39:06,송파레미니스1단지,송파구,오금동,매매,고,84.94,25.69,200000,0,20.0,37C,,50276822,https://www.zigbang.com/home/apt/items/50276822
2026-09-05 06:39:06,송파레미니스1단지,송파구,오금동,매매,고,84.82,25.66,210000,0,21.0,38B,,49352741,https://www.zigbang.com/home/apt/items/49352741
2026-09-05 06:39:06,송파레미니스1단지,송파구,오금동,매매,저,84.99,25.71,230000,0,23.0,37A,,49352772,https://www.zigbang.com/home/apt/items/49352772
2026-09-05 06:39:06,송파레미니스2단지,송파구,오금동,전세,중,84.94,25.69,95000,0,9.5,37CN,,50291917,https://www.zigbang.com/home/apt/items/50291917
2026-09-05 06:39:06,송파레미니스2단지,송파구,오금동,매매,중,84.94,25.69,170000,0,17.0,37C,,50162437,https://www.zigbang.com/home/apt/items/50162437
2026-09-05 06:39:06,송파레미니스2단지,송파구,오금동,매매,저,84.82,25.66,170000,0,17.0,38B,,50091638,https://www.zigbang.com/home/apt/items/50091638
2026-09-05 06:39:06,송파레미니스2단지,송파구,오금동,매매,중,84.94,25.69,175000,0,17.5,37C,,50104305,https://www.zigbang.com/home/apt/items/50104305
2026-09-05 06:39:06,송파레미니스2단지,송파구,오금동,매매,고,84.82,25.66,176000,0,17.6,38B,,50079212,https://www.zigbang.com/home/apt/items/50079212
2026-09-05 06:39:06,송파레미니스2단지,송파구,오금동,매매,저,84.82,25.66,180000,0,18.0,38B,,50070270,https://www.zigbang.com/home/apt/items/50070270
2026-09-05 06:39:06,송파레미니스2단지,송파구,오금동,매매,고,84.94,25.69,186000,0,18.6,37CN,,49555710,https://www.zigbang.com/home/apt/items/49555710
2026-09-05 06:39:06,송파레미니스2단지,송파구,오금동,매매,고,84.82,25.66,190000,0,19.0,38B,,49347426,https://www.zigbang.com/home/apt/items/49347426
2026-09-05 06:39:06,송파레미니스2단지,송파구,오금동,매매,고,84.82,25.66,200000,0,20.0,38B,,50291928,https://www.zigbang.com/home/apt/items/50291928
2026-09-05 06:39:06,송파레미니스2단지,송파구,오금동,매매,고,84.94,25.69,200000,0,20.0,37C,,50291924,https://www.zigbang.com/home/apt/items/50291924
2026-09-05 06:39:06,송파레미니스2단지,송파구,오금동,매매,중,84.94,25.69,200000,0,20.0,37CN,,49347456,https://www.zigbang.com/home/apt/items/49347456
2026-09-05 06:39:06,송파호반베르디움더퍼스트,송파구,오금동,전세,중,101.4632,30.69,105000,0,10.5,39,,50105687,https://www.zigbang.com/home/apt/items/50105687
2026-09-05 06:39:06,송파호반베르디움더퍼스트,송파구,오금동,매매,9,101.4632,30.69,180000,0,18.0,39,,253924,https://www.zigbang.com/home/apt/items/253924
2026-09-05 06:39:06,오금쌍용스윗닷홈1차,송파구,오금동,매매,10,84.94,25.69,180000,0,18.0,32,,50291962,https://www.zigbang.com/home/apt/items/50291962
2026-09-05 06:39:06,올림픽파크센트레빌,송파구,오금동,매매,7,84.37,25.52,175000,0,17.5,33B,,50291953,https://www.zigbang.com/home/apt/items/50291953
2026-09-05 06:39:06,올림픽파크센트레빌,송파구,오금동,매매,고,84.68,25.62,185000,0,18.5,33C,,50291958,https://www.zigbang.com/home/apt/items/50291958
2026-09-05 06:39:06,현대,송파구,오금동,월세,고,84.98,25.71,67000,80,6.7,31,,50291709,https://www.zigbang.com/home/apt/items/50291709
2026-09-05 06:39:06,현대,송파구,오금동,전세,저,170.32,51.52,120000,0,12.0,58,,50291711,https://www.zigbang.com/home/apt/items/50291711
2026-09-05 06:39:06,현대,송파구,오금동,매매,9,84.98,25.71,269000,0,26.9,31,,50291713,https://www.zigbang.com/home/apt/items/50291713
2026-09-05 06:39:06,현대,송파구,오금동,매매,4,84.98,25.71,270000,0,27.0,31,,50291714,https://www.zigbang.com/home/apt/items/50291714
2026-09-05 06:39:06,현대,송파구,오금동,매매,중,84.98,25.71,280000,0,28.0,31,,50291721,https://www.zigbang.com/home/apt/items/50291721
2026-09-05 06:39:06,현대,송파구,오금동,매매,고,84.98,25.71,280000,0,28.0,31,,50291718,https://www.zigbang.com/home/apt/items/50291718
2026-09-05 06:39:06,현대,송파구,오금동,매매,고,84.98,25.71,280000,0,28.0,31,,50291715,https://www.zigbang.com/home/apt/items/50291715
2026-09-05 06:39:06,현대,송파구,오금동,매매,1,130.93,39.61,285000,0,28.5,46,,50291727,https://www.zigbang.com/home/apt/items/50291727
2026-09-05 06:39:06,현대,송파구,오금동,매매,5,130.93,39.61,290000,0,29.0,46,,50291728,https://www.zigbang.com/home/apt/items/50291728
2026-09-05 06:39:06,현대,송파구,오금동,매매,9,130.93,39.61,295000,0,29.5,46,,50291730,https://www.zigbang.com/home/apt/items/50291730
2026-09-05 06:39:06,현대,송파구,오금동,매매,2,130.93,39.61,298000,0,29.8,46,,50291733,https://www.zigbang.com/home/apt/items/50291733
2026-09-05 06:39:06,현대,송파구,오금동,매매,중,130.93,39.61,300000,0,30.0,46,,50291741,https://www.zigbang.com/home/apt/items/50291741
2026-09-05 06:39:06,현대,송파구,오금동,매매,8,130.93,39.61,300000,0,30.0,46,,50291740,https://www.zigbang.com/home/apt/items/50291740
2026-09-05 06:39:06,현대,송파구,오금동,매매,8,130.93,39.61,300000,0,30.0,46,,50291739,https://www.zigbang.com/home/apt/items/50291739
2026-09-05 06:39:06,현대,송파구,오금동,매매,9,130.93,39.61,300000,0,30.0,46,,50291736,https://www.zigbang.com/home/apt/items/50291736
2026-09-05 06:39:06,현대,송파구,오금동,매매,저,170.32,51.52,340000,0,34.0,58,,50291744,https://www.zigbang.com/home/apt/items/50291744
2026-09-05 06:39:06,현대,송파구,오금동,매매,10,170.32,51.52,340000,0,34.0,58,,50291742,https://www.zigbang.com/home/apt/items/50291742
2026-09-05 06:39:06,현대,송파구,오금동,매매,4,170.32,51.52,350000,0,35.0,58,,50291747,https://www.zigbang.com/home/apt/items/50291747
2026-09-05 06:39:06,현대백조,송파구,오금동,매매,2,31,9.38,75000,0,7.5,13,,50291817,https://www.zigbang.com/home/apt/items/50291817
2026-09-05 06:39:06,현대백조,송파구,오금동,전세,18,114.36,34.59,95000,0,9.5,42,,50291822,https://www.zigbang.com/home/apt/items/50291822
2026-09-05 06:39:06,현대백조,송파구,오금동,매매,3,78.59,23.77,170000,0,17.0,31A,,50291824,https://www.zigbang.com/home/apt/items/50291824
2026-09-05 06:39:06,현대백조,송파구,오금동,매매,저,84.92,25.69,185000,0,18.5,33,,50291826,https://www.zigbang.com/home/apt/items/50291826
2026-09-05 06:39:06,현대백조,송파구,오금동,매매,10,114.36,34.59,225000,0,22.5,42,,50291829,https://www.zigbang.com/home/apt/items/50291829
2026-09-05 06:39:06,갤러리아팰리스,송파구,잠실동,전세,중,162.41,49.13,190000,0,19.0,62A,,50168299,https://www.zigbang.com/home/apt/items/50168299
2026-09-05 06:39:06,갤러리아팰리스,송파구,잠실동,매매,중,163.93,49.59,420000,0,42.0,63C,,50057707,https://www.zigbang.com/home/apt/items/50057707
2026-09-05 06:39:06,레이크팰리스,송파구,잠실동,월세,고,84.82,25.66,10000,480,1.0,34,,50087627,https://www.zigbang.com/home/apt/items/50087627
2026-09-05 06:39:06,레이크팰리스,송파구,잠실동,월세,고,84.82,25.66,50000,350,5.0,34,,50087284,https://www.zigbang.com/home/apt/items/50087284
2026-09-05 06:39:06,레이크팰리스,송파구,잠실동,매매,중,116.19,35.15,349000,0,34.9,44,,50230347,https://www.zigbang.com/home/apt/items/50230347
2026-09-05 06:39:06,레이크팰리스,송파구,잠실동,매매,중,135.82,41.09,360000,0,36.0,50A,,50232187,https://www.zigbang.com/home/apt/items/50232187
2026-09-05 06:39:06,레이크팰리스,송파구,잠실동,매매,중,135.82,41.09,375000,0,37.5,50A,,49965753,https://www.zigbang.com/home/apt/items/49965753
2026-09-05 06:39:06,레이크팰리스,송파구,잠실동,매매,중,136.74,41.36,379000,0,37.9,51B,,49897484,https://www.zigbang.com/home/apt/items/49897484
2026-09-05 06:39:06,레이크팰리스,송파구,잠실동,매매,저,136.74,41.36,380000,0,38.0,51B,,49965880,https://www.zigbang.com/home/apt/items/49965880
2026-09-05 06:39:06,레이크팰리스,송파구,잠실동,매매,13,135.82,41.09,420000,0,42.0,50A,,216670,https://www.zigbang.com/home/apt/items/216670
2026-09-05 06:39:06,리센츠,송파구,잠실동,월세,저,98.55,29.81,30000,570,3.0,38,,50241492,https://www.zigbang.com/home/apt/items/50241492
2026-09-05 06:39:06,리센츠,송파구,잠실동,월세,저,27.68,8.37,30000,120,3.0,13A,,49977165,https://www.zigbang.com/home/apt/items/49977165
2026-09-05 06:39:06,리센츠,송파구,잠실동,월세,중,27.68,8.37,30000,140,3.0,13A,,49976090,https://www.zigbang.com/home/apt/items/49976090
2026-09-05 06:39:06,리센츠,송파구,잠실동,월세,중,84.99,25.71,40000,450,4.0,33A,,49976051,https://www.zigbang.com/home/apt/items/49976051
2026-09-05 06:39:06,리센츠,송파구,잠실동,월세,중,84.99,25.71,50000,380,5.0,33B,,50087871,https://www.zigbang.com/home/apt/items/50087871
2026-09-05 06:39:06,리센츠,송파구,잠실동,전세,저,27.68,8.37,52000,0,5.2,13A,,49976286,https://www.zigbang.com/home/apt/items/49976286
2026-09-05 06:39:06,리센츠,송파구,잠실동,전세,저,27.68,8.37,55000,0,5.5,13A,,50242156,https://www.zigbang.com/home/apt/items/50242156
2026-09-05 06:39:06,리센츠,송파구,잠실동,전세,중,27.68,8.37,65000,0,6.5,13A,,49977242,https://www.zigbang.com/home/apt/items/49977242
2026-09-05 06:39:06,리센츠,송파구,잠실동,월세,저,84.99,25.71,70000,300,7.0,33B,,50242029,https://www.zigbang.com/home/apt/items/50242029
2026-09-05 06:39:06,리센츠,송파구,잠실동,월세,저,124.22,37.58,70000,500,7.0,48B,,50240858,https://www.zigbang.com/home/apt/items/50240858
2026-09-05 06:39:06,리센츠,송파구,잠실동,월세,저,124.22,37.58,70000,550,7.0,48B,,49976183,https://www.zigbang.com/home/apt/items/49976183
2026-09-05 06:39:06,리센츠,송파구,잠실동,월세,저,124.22,37.58,70000,400,7.0,48A,,49577444,https://www.zigbang.com/home/apt/items/49577444
2026-09-05 06:39:06,리센츠,송파구,잠실동,전세,중,27.68,8.37,70000,0,7.0,13A,,49554207,https://www.zigbang.com/home/apt/items/49554207
2026-09-05 06:39:06,리센츠,송파구,잠실동,월세,저,124.22,37.58,70000,480,7.0,48B,,49533085,https://www.zigbang.com/home/apt/items/49533085
2026-09-05 06:39:06,리센츠,송파구,잠실동,전세,저,27.68,8.37,75000,0,7.5,13B,,50241138,https://www.zigbang.com/home/apt/items/50241138
2026-09-05 06:39:06,리센츠,송파구,잠실동,월세,저,124.22,37.58,80000,400,8.0,48B,,49533756,https://www.zigbang.com/home/apt/items/49533756
2026-09-05 06:39:06,리센츠,송파구,잠실동,전세,중,84.99,25.71,140000,0,14.0,33F,,49977281,https://www.zigbang.com/home/apt/items/49977281
2026-09-05 06:39:06,리센츠,송파구,잠실동,월세,중,124.22,37.58,140000,160,14.0,48B,,49976439,https://www.zigbang.com/home/apt/items/49976439
2026-09-05 06:39:06,리센츠,송파구,잠실동,전세,중,84.99,25.71,145000,0,14.5,33J,,49976262,https://www.zigbang.com/home/apt/items/49976262
2026-09-05 06:39:06,리센츠,송파구,잠실동,전세,중,84.99,25.71,150000,0,15.0,33B,,49976384,https://www.zigbang.com/home/apt/items/49976384
2026-09-05 06:39:06,리센츠,송파구,잠실동,전세,중,84.99,25.71,153000,0,15.3,33H,,50241569,https://www.zigbang.com/home/apt/items/50241569
2026-09-05 06:39:06,리센츠,송파구,잠실동,전세,저,84.99,25.71,155000,0,15.5,33A,,49716051,https://www.zigbang.com/home/apt/items/49716051
2026-09-05 06:39:06,리센츠,송파구,잠실동,매매,저,27.68,8.37,158000,0,15.8,13A,,50241711,https://www.zigbang.com/home/apt/items/50241711
2026-09-05 06:39:06,리센츠,송파구,잠실동,매매,저,27.68,8.37,158000,0,15.8,13A,,49976232,https://www.zigbang.com/home/apt/items/49976232
2026-09-05 06:39:06,리센츠,송파구,잠실동,매매,저,27.68,8.37,160000,0,16.0,13B,,50241832,https://www.zigbang.com/home/apt/items/50241832
2026-09-05 06:39:06,리센츠,송파구,잠실동,매매,저,27.68,8.37,160000,0,16.0,13A,,49977315,https://www.zigbang.com/home/apt/items/49977315
2026-09-05 06:39:06,리센츠,송파구,잠실동,매매,저,27.68,8.37,163000,0,16.3,13B,,49553990,https://www.zigbang.com/home/apt/items/49553990
2026-09-05 06:39:06,리센츠,송파구,잠실동,매매,중,27.68,8.37,170000,0,17.0,13B,,49976331,https://www.zigbang.com/home/apt/items/49976331
2026-09-05 06:39:06,리센츠,송파구,잠실동,매매,중,27.68,8.37,170000,0,17.0,13C,,49975531,https://www.zigbang.com/home/apt/items/49975531
2026-09-05 06:39:06,리센츠,송파구,잠실동,매매,저,59.99,18.15,310000,0,31.0,25B,,50241657,https://www.zigbang.com/home/apt/items/50241657
2026-09-05 06:39:06,리센츠,송파구,잠실동,매매,저,59.99,18.15,313000,0,31.3,25B,,50241394,https://www.zigbang.com/home/apt/items/50241394
2026-09-05 06:39:06,리센츠,송파구,잠실동,매매,저,84.99,25.71,330000,0,33.0,33A,,50241340,https://www.zigbang.com/home/apt/items/50241340
2026-09-05 06:39:06,리센츠,송파구,잠실동,매매,고,84.99,25.71,335000,0,33.5,33J,,50241939,https://www.zigbang.com/home/apt/items/50241939
2026-09-05 06:39:06,리센츠,송파구,잠실동,매매,저,84.99,25.71,335000,0,33.5,33G,,49977110,https://www.zigbang.com/home/apt/items/49977110
2026-09-05 06:39:06,리센츠,송파구,잠실동,매매,중,84.99,25.71,335000,0,33.5,33C,,49976973,https://www.zigbang.com/home/apt/items/49976973
2026-09-05 06:39:06,리센츠,송파구,잠실동,매매,저,84.99,25.71,338000,0,33.8,33F,,49551094,https://www.zigbang.com/home/apt/items/49551094
2026-09-05 06:39:06,리센츠,송파구,잠실동,매매,저,84.99,25.71,340000,0,34.0,33A,,49977073,https://www.zigbang.com/home/apt/items/49977073
2026-09-05 06:39:06,리센츠,송파구,잠실동,매매,고,84.99,25.71,340000,0,34.0,33A,,49977030,https://www.zigbang.com/home/apt/items/49977030
2026-09-05 06:39:06,리센츠,송파구,잠실동,매매,고,84.99,25.71,340000,0,34.0,33B,,49976715,https://www.zigbang.com/home/apt/items/49976715
2026-09-05 06:39:06,리센츠,송파구,잠실동,매매,중,84.99,25.71,350000,0,35.0,33C,,50241250,https://www.zigbang.com/home/apt/items/50241250
2026-09-05 06:39:06,리센츠,송파구,잠실동,매매,고,84.99,25.71,350000,0,35.0,33B,,49976759,https://www.zigbang.com/home/apt/items/49976759
2026-09-05 06:39:06,리센츠,송파구,잠실동,매매,저,84.99,25.71,350000,0,35.0,33A,,49975663,https://www.zigbang.com/home/apt/items/49975663
2026-09-05 06:39:06,리센츠,송파구,잠실동,매매,중,84.99,25.71,360000,0,36.0,33H,,50241870,https://www.zigbang.com/home/apt/items/50241870
2026-09-05 06:39:06,리센츠,송파구,잠실동,매매,중,84.99,25.71,360000,0,36.0,33H,,50241103,https://www.zigbang.com/home/apt/items/50241103
2026-09-05 06:39:06,리센츠,송파구,잠실동,매매,고,84.99,25.71,370000,0,37.0,33F,,50240467,https://www.zigbang.com/home/apt/items/50240467
2026-09-05 06:39:06,리센츠,송파구,잠실동,매매,중,84.99,25.71,370000,0,37.0,33C,,50240368,https://www.zigbang.com/home/apt/items/50240368
2026-09-05 06:39:06,리센츠,송파구,잠실동,매매,저,124.22,37.58,380000,0,38.0,48B,,50241196,https://www.zigbang.com/home/apt/items/50241196
2026-09-05 06:39:06,리센츠,송파구,잠실동,매매,저,124.22,37.58,400000,0,40.0,48B,,49975882,https://www.zigbang.com/home/apt/items/49975882
2026-09-05 06:39:06,리센츠,송파구,잠실동,매매,중,98.55,29.81,410000,0,41.0,38,,50240749,https://www.zigbang.com/home/apt/items/50240749
2026-09-05 06:39:06,리센츠,송파구,잠실동,매매,저,124.22,37.58,442000,0,44.2,48B,,49975828,https://www.zigbang.com/home/apt/items/49975828
2026-09-05 06:39:06,리센츠,송파구,잠실동,매매,고,124.22,37.58,450000,0,45.0,48B,,50241446,https://www.zigbang.com/home/apt/items/50241446
2026-09-05 06:39:06,리센츠,송파구,잠실동,매매,중,124.22,37.58,450000,0,45.0,48B,,49975777,https://www.zigbang.com/home/apt/items/49975777
2026-09-05 06:39:06,리센츠,송파구,잠실동,매매,중,124.22,37.58,450000,0,45.0,48B,,49975734,https://www.zigbang.com/home/apt/items/49975734
2026-09-05 06:39:06,"우성1,2,3차",송파구,잠실동,매매,고,80.39,24.32,270000,0,27.0,26B,,49873637,https://www.zigbang.com/home/apt/items/49873637
2026-09-05 06:39:06,"우성1,2,3차",송파구,잠실동,매매,저,96.65,29.24,330000,0,33.0,31A,,49980733,https://www.zigbang.com/home/apt/items/49980733
2026-09-05 06:39:06,"우성1,2,3차",송파구,잠실동,매매,중,131.08,39.65,380000,0,38.0,43,,50180210,https://www.zigbang.com/home/apt/items/50180210
2026-09-05 06:39:06,"우성1,2,3차",송파구,잠실동,매매,중,96.65,29.24,380000,0,38.0,31A,,49980778,https://www.zigbang.com/home/apt/items/49980778
2026-09-05 06:39:06,우성4차,송파구,잠실동,매매,고,81.14,24.54,240000,0,24.0,27,,49874055,https://www.zigbang.com/home/apt/items/49874055
2026-09-05 06:39:06,우성4차,송파구,잠실동,매매,저,81.14,24.54,245000,0,24.5,27,,49872385,https://www.zigbang.com/home/apt/items/49872385
2026-09-05 06:39:06,우성4차,송파구,잠실동,매매,중,95.84,28.99,259000,0,25.9,32,,50032468,https://www.zigbang.com/home/apt/items/50032468
2026-09-05 06:39:06,우성4차,송파구,잠실동,매매,8,81.14,24.54,270000,0,27.0,27,,253607,https://www.zigbang.com/home/apt/items/253607
2026-09-05 06:39:06,우성4차,송파구,잠실동,매매,고,95.84,28.99,275000,0,27.5,32,,49984095,https://www.zigbang.com/home/apt/items/49984095
2026-09-05 06:39:06,잠실엘스,송파구,잠실동,월세,저,59.96,18.14,55000,220,5.5,25,,49988944,https://www.zigbang.com/home/apt/items/49988944
2026-09-05 06:39:06,잠실엘스,송파구,잠실동,월세,중,84.97,25.7,60000,320,6.0,33B,,50088086,https://www.zigbang.com/home/apt/items/50088086
2026-09-05 06:39:06,잠실엘스,송파구,잠실동,월세,중,84.8,25.65,80000,200,8.0,34,,49481182,https://www.zigbang.com/home/apt/items/49481182
2026-09-05 06:39:06,잠실엘스,송파구,잠실동,전세,중,59.96,18.14,120000,0,12.0,25,,49482432,https://www.zigbang.com/home/apt/items/49482432
2026-09-05 06:39:06,잠실엘스,송파구,잠실동,전세,4,84.8,25.65,130000,0,13.0,34,,50223323,https://www.zigbang.com/home/apt/items/50223323
2026-09-05 06:39:06,잠실엘스,송파구,잠실동,전세,고,59.96,18.14,130000,0,13.0,25,,50044359,https://www.zigbang.com/home/apt/items/50044359
2026-09-05 06:39:06,잠실엘스,송파구,잠실동,전세,중,59.96,18.14,130000,0,13.0,25,,50044329,https://www.zigbang.com/home/apt/items/50044329
2026-09-05 06:39:06,잠실엘스,송파구,잠실동,전세,고,84.8,25.65,134000,0,13.4,34,,50044423,https://www.zigbang.com/home/apt/items/50044423
2026-09-05 06:39:06,잠실엘스,송파구,잠실동,전세,중,84.97,25.7,135000,0,13.5,33B,,50044460,https://www.zigbang.com/home/apt/items/50044460
2026-09-05 06:39:06,잠실엘스,송파구,잠실동,전세,중,84.8,25.65,135000,0,13.5,34,,50044386,https://www.zigbang.com/home/apt/items/50044386
2026-09-05 06:39:06,잠실엘스,송파구,잠실동,전세,중,84.97,25.7,140000,0,14.0,33B,,50078177,https://www.zigbang.com/home/apt/items/50078177
2026-09-05 06:39:06,잠실엘스,송파구,잠실동,전세,중,84.8,25.65,145000,0,14.5,34,,50078154,https://www.zigbang.com/home/apt/items/50078154
2026-09-05 06:39:06,잠실엘스,송파구,잠실동,전세,중,119.93,36.28,160000,0,16.0,45,,50085293,https://www.zigbang.com/home/apt/items/50085293
2026-09-05 06:39:06,잠실엘스,송파구,잠실동,매매,저,59.96,18.14,283000,0,28.3,25,,50044508,https://www.zigbang.com/home/apt/items/50044508
2026-09-05 06:39:06,잠실엘스,송파구,잠실동,매매,저,59.96,18.14,285000,0,28.5,25,,49481264,https://www.zigbang.com/home/apt/items/49481264
2026-09-05 06:39:06,잠실엘스,송파구,잠실동,매매,저,59.96,18.14,290000,0,29.0,25,,50044550,https://www.zigbang.com/home/apt/items/50044550
2026-09-05 06:39:06,잠실엘스,송파구,잠실동,매매,중,59.96,18.14,293000,0,29.3,25,,50044577,https://www.zigbang.com/home/apt/items/50044577
2026-09-05 06:39:06,잠실엘스,송파구,잠실동,매매,중,59.96,18.14,295000,0,29.5,25,,50044613,https://www.zigbang.com/home/apt/items/50044613
2026-09-05 06:39:06,잠실엘스,송파구,잠실동,매매,중,59.96,18.14,295000,0,29.5,25,,49480065,https://www.zigbang.com/home/apt/items/49480065
2026-09-05 06:39:06,잠실엘스,송파구,잠실동,매매,고,84.8,25.65,337000,0,33.7,34,,50044681,https://www.zigbang.com/home/apt/items/50044681
2026-09-05 06:39:06,잠실엘스,송파구,잠실동,매매,고,84.97,25.7,338000,0,33.8,33B,,49482269,https://www.zigbang.com/home/apt/items/49482269
2026-09-05 06:39:06,잠실엘스,송파구,잠실동,매매,중,84.8,25.65,345000,0,34.5,34,,50044712,https://www.zigbang.com/home/apt/items/50044712
2026-09-05 06:39:06,잠실엘스,송파구,잠실동,매매,중,84.8,25.65,350000,0,35.0,34,,50044659,https://www.zigbang.com/home/apt/items/50044659
2026-09-05 06:39:06,잠실주공5단지,송파구,잠실동,매매,저,76.49,23.14,384000,0,38.4,34B,,50273585,https://www.zigbang.com/home/apt/items/50273585
2026-09-05 06:39:06,잠실주공5단지,송파구,잠실동,매매,중,76.49,23.14,384000,0,38.4,34B,,50273023,https://www.zigbang.com/home/apt/items/50273023
2026-09-05 06:39:06,잠실주공5단지,송파구,잠실동,매매,중,76.49,23.14,390000,0,39.0,34B,,50273280,https://www.zigbang.com/home/apt/items/50273280
2026-09-05 06:39:06,잠실주공5단지,송파구,잠실동,매매,중,76.49,23.14,390000,0,39.0,34B,,50291298,https://www.zigbang.com/home/apt/items/50291298
2026-09-05 06:39:06,잠실주공5단지,송파구,잠실동,매매,고,76.49,23.14,390000,0,39.0,34B,,50291295,https://www.zigbang.com/home/apt/items/50291295
2026-09-05 06:39:06,잠실주공5단지,송파구,잠실동,매매,저,76.49,23.14,390000,0,39.0,34B,,50291294,https://www.zigbang.com/home/apt/items/50291294
2026-09-05 06:39:06,잠실주공5단지,송파구,잠실동,매매,중,76.49,23.14,395000,0,39.5,34B,,50084595,https://www.zigbang.com/home/apt/items/50084595
2026-09-05 06:39:06,잠실주공5단지,송파구,잠실동,매매,저,76.49,23.14,395000,0,39.5,34A,,49872987,https://www.zigbang.com/home/apt/items/49872987
2026-09-05 06:39:06,잠실주공5단지,송파구,잠실동,매매,중,76.49,23.14,400000,0,40.0,34B,,50111401,https://www.zigbang.com/home/apt/items/50111401
2026-09-05 06:39:06,잠실주공5단지,송파구,잠실동,매매,중,76.49,23.14,410000,0,41.0,34A,,50273402,https://www.zigbang.com/home/apt/items/50273402
2026-09-05 06:39:06,잠실주공5단지,송파구,잠실동,매매,중,76.49,23.14,410000,0,41.0,34B,,49779259,https://www.zigbang.com/home/apt/items/49779259
2026-09-05 06:39:06,잠실주공5단지,송파구,잠실동,매매,고,76.49,23.14,410000,0,41.0,34B,,50291301,https://www.zigbang.com/home/apt/items/50291301
2026-09-05 06:39:06,잠실주공5단지,송파구,잠실동,매매,중,76.49,23.14,415000,0,41.5,34B,,50214951,https://www.zigbang.com/home/apt/items/50214951
2026-09-05 06:39:06,잠실주공5단지,송파구,잠실동,매매,중,76.49,23.14,415000,0,41.5,34B,,49784532,https://www.zigbang.com/home/apt/items/49784532
2026-09-05 06:39:06,잠실주공5단지,송파구,잠실동,매매,중,76.49,23.14,415000,0,41.5,34B,,49691504,https://www.zigbang.com/home/apt/items/49691504
2026-09-05 06:39:06,잠실주공5단지,송파구,잠실동,매매,중,76.49,23.14,415000,0,41.5,34B,,49691256,https://www.zigbang.com/home/apt/items/49691256
2026-09-05 06:39:06,잠실주공5단지,송파구,잠실동,매매,저,76.49,23.14,420000,0,42.0,34A,,50214846,https://www.zigbang.com/home/apt/items/50214846
2026-09-05 06:39:06,잠실주공5단지,송파구,잠실동,매매,중,76.49,23.14,420000,0,42.0,34B,,49691359,https://www.zigbang.com/home/apt/items/49691359
2026-09-05 06:39:06,잠실주공5단지,송파구,잠실동,매매,고,82.51,24.96,445000,0,44.5,36A,,50273299,https://www.zigbang.com/home/apt/items/50273299
2026-09-05 06:39:06,잠실주공5단지,송파구,잠실동,매매,중,82.51,24.96,450000,0,45.0,36A,,50214885,https://www.zigbang.com/home/apt/items/50214885
2026-09-05 06:39:06,잠실주공5단지,송파구,잠실동,매매,고,82.51,24.96,450000,0,45.0,36A,,50111241,https://www.zigbang.com/home/apt/items/50111241
2026-09-05 06:39:06,잠실주공5단지,송파구,잠실동,매매,저,82.51,24.96,460000,0,46.0,36A,,50055964,https://www.zigbang.com/home/apt/items/50055964
2026-09-05 06:39:06,잠실주공5단지,송파구,잠실동,매매,중,82.51,24.96,460000,0,46.0,36A,,50021836,https://www.zigbang.com/home/apt/items/50021836
2026-09-05 06:39:06,잠실주공5단지,송파구,잠실동,매매,고,82.61,24.99,460000,0,46.0,36B,,50156792,https://www.zigbang.com/home/apt/items/50156792
2026-09-05 06:39:06,트리지움,송파구,잠실동,월세,고,84.83,25.66,10000,470,1.0,33,,50087722,https://www.zigbang.com/home/apt/items/50087722
2026-09-05 06:39:06,트리지움,송파구,잠실동,월세,중,59.88,18.11,70000,160,7.0,25,,49655547,https://www.zigbang.com/home/apt/items/49655547
2026-09-05 06:39:06,트리지움,송파구,잠실동,월세,고,84.83,25.66,95000,140,9.5,33,,49482096,https://www.zigbang.com/home/apt/items/49482096
2026-09-05 06:39:06,트리지움,송파구,잠실동,전세,고,59.88,18.11,120000,0,12.0,25,,50078063,https://www.zigbang.com/home/apt/items/50078063
2026-09-05 06:39:06,트리지움,송파구,잠실동,전세,중,84.97,25.7,140000,0,14.0,33B,,50078035,https://www.zigbang.com/home/apt/items/50078035
2026-09-05 06:39:06,트리지움,송파구,잠실동,전세,저,84.83,25.66,160000,0,16.0,33,,50078085,https://www.zigbang.com/home/apt/items/50078085
2026-09-05 06:39:06,트리지움,송파구,잠실동,매매,중,59.88,18.11,295000,0,29.5,25,,49481779,https://www.zigbang.com/home/apt/items/49481779
2026-09-05 06:39:06,트리지움,송파구,잠실동,매매,고,84.95,25.7,323000,0,32.3,33A,,49481871,https://www.zigbang.com/home/apt/items/49481871
2026-09-05 06:39:06,현대,송파구,잠실동,매매,6,84.68,25.62,220000,0,22.0,31B,,212496,https://www.zigbang.com/home/apt/items/212496
2026-09-05 06:39:06,송파꿈에그린위례24단지,송파구,장지동,월세,중,51.77,15.66,10000,220,1.0,21A,,49754690,https://www.zigbang.com/home/apt/items/49754690
2026-09-05 06:39:06,송파꿈에그린위례24단지,송파구,장지동,월세,중,51.77,15.66,10000,220,1.0,21A,,49793050,https://www.zigbang.com/home/apt/items/49793050
2026-09-05 06:39:06,송파꿈에그린위례24단지,송파구,장지동,월세,4,84.93,25.69,15000,300,1.5,35B,,50165289,https://www.zigbang.com/home/apt/items/50165289
2026-09-05 06:39:06,송파꿈에그린위례24단지,송파구,장지동,월세,고,51.82,15.68,20000,190,2.0,21B,,50221752,https://www.zigbang.com/home/apt/items/50221752
2026-09-05 06:39:06,송파꿈에그린위례24단지,송파구,장지동,월세,중,51.77,15.66,30000,110,3.0,21A,,50264274,https://www.zigbang.com/home/apt/items/50264274
2026-09-05 06:39:06,송파꿈에그린위례24단지,송파구,장지동,월세,고,51.77,15.66,55000,40,5.5,21A,,50072307,https://www.zigbang.com/home/apt/items/50072307
2026-09-05 06:39:06,송파꿈에그린위례24단지,송파구,장지동,전세,중,51.77,15.66,58000,0,5.8,21A,,50206890,https://www.zigbang.com/home/apt/items/50206890
2026-09-05 06:39:06,송파꿈에그린위례24단지,송파구,장지동,전세,저,51.77,15.66,64000,0,6.4,21A,,49826993,https://www.zigbang.com/home/apt/items/49826993
2026-09-05 06:39:06,송파꿈에그린위례24단지,송파구,장지동,전세,저,51.77,15.66,66000,0,6.6,21A,,49876887,https://www.zigbang.com/home/apt/items/49876887
2026-09-05 06:39:06,송파꿈에그린위례24단지,송파구,장지동,전세,중,51.77,15.66,68000,0,6.8,21A,,49851075,https://www.zigbang.com/home/apt/items/49851075
2026-09-05 06:39:06,송파꿈에그린위례24단지,송파구,장지동,전세,7,51.77,15.66,68000,0,6.8,21AN,,49733000,https://www.zigbang.com/home/apt/items/49733000
2026-09-05 06:39:06,송파꿈에그린위례24단지,송파구,장지동,전세,고,51.77,15.66,68000,0,6.8,21A,,49983061,https://www.zigbang.com/home/apt/items/49983061
2026-09-05 06:39:06,송파꿈에그린위례24단지,송파구,장지동,전세,중,51.77,15.66,68000,0,6.8,21AN,,49806254,https://www.zigbang.com/home/apt/items/49806254
2026-09-05 06:39:06,송파꿈에그린위례24단지,송파구,장지동,전세,15,51.77,15.66,70000,0,7.0,21A,,254629,https://www.zigbang.com/home/apt/items/254629
2026-09-05 06:39:06,송파꿈에그린위례24단지,송파구,장지동,전세,고,51.82,15.68,70000,0,7.0,21B,,49897606,https://www.zigbang.com/home/apt/items/49897606
2026-09-05 06:39:06,송파꿈에그린위례24단지,송파구,장지동,월세,중,75.97,22.98,75000,40,7.5,31A,,50286358,https://www.zigbang.com/home/apt/items/50286358
2026-09-05 06:39:06,송파꿈에그린위례24단지,송파구,장지동,전세,저,59.66,18.05,77000,0,7.7,25C,,50168172,https://www.zigbang.com/home/apt/items/50168172
2026-09-05 06:39:06,송파꿈에그린위례24단지,송파구,장지동,전세,중,75.97,22.98,85000,0,8.5,31A,,50283140,https://www.zigbang.com/home/apt/items/50283140
2026-09-05 06:39:06,송파꿈에그린위례24단지,송파구,장지동,매매,1,51.77,15.66,150000,0,15.0,21A,,49624864,https://www.zigbang.com/home/apt/items/49624864
2026-09-05 06:39:06,송파꿈에그린위례24단지,송파구,장지동,매매,저,51.77,15.66,160000,0,16.0,21A,,50151256,https://www.zigbang.com/home/apt/items/50151256
2026-09-05 06:39:06,송파꿈에그린위례24단지,송파구,장지동,매매,저,51.77,15.66,160000,0,16.0,21A,,49965549,https://www.zigbang.com/home/apt/items/49965549
2026-09-05 06:39:06,송파꿈에그린위례24단지,송파구,장지동,매매,저,51.77,15.66,161000,0,16.1,21A,,50206932,https://www.zigbang.com/home/apt/items/50206932
2026-09-05 06:39:06,송파꿈에그린위례24단지,송파구,장지동,매매,고,51.77,15.66,161000,0,16.1,21A,,49796544,https://www.zigbang.com/home/apt/items/49796544
2026-09-05 06:39:06,송파꿈에그린위례24단지,송파구,장지동,매매,중,51.77,15.66,162000,0,16.2,21AN,,50276313,https://www.zigbang.com/home/apt/items/50276313
2026-09-05 06:39:06,송파꿈에그린위례24단지,송파구,장지동,매매,저,51.77,15.66,162000,0,16.2,21A,,50264288,https://www.zigbang.com/home/apt/items/50264288
2026-09-05 06:39:06,송파꿈에그린위례24단지,송파구,장지동,매매,중,51.77,15.66,162000,0,16.2,21A,,50230096,https://www.zigbang.com/home/apt/items/50230096
2026-09-05 06:39:06,송파꿈에그린위례24단지,송파구,장지동,매매,고,51.77,15.66,162000,0,16.2,21A,,50020191,https://www.zigbang.com/home/apt/items/50020191
2026-09-05 06:39:06,송파꿈에그린위례24단지,송파구,장지동,매매,고,51.77,15.66,162000,0,16.2,21A,,49756599,https://www.zigbang.com/home/apt/items/49756599
2026-09-05 06:39:06,송파꿈에그린위례24단지,송파구,장지동,매매,중,51.77,15.66,163000,0,16.3,21A,,50119179,https://www.zigbang.com/home/apt/items/50119179
2026-09-05 06:39:06,송파꿈에그린위례24단지,송파구,장지동,매매,저,51.77,15.66,163000,0,16.3,21A,,49561326,https://www.zigbang.com/home/apt/items/49561326
2026-09-05 06:39:06,송파꿈에그린위례24단지,송파구,장지동,매매,고,51.77,15.66,163000,0,16.3,21A,,49226331,https://www.zigbang.com/home/apt/items/49226331
2026-09-05 06:39:06,송파꿈에그린위례24단지,송파구,장지동,매매,중,51.77,15.66,163000,0,16.3,21A,,49077800,https://www.zigbang.com/home/apt/items/49077800
2026-09-05 06:39:06,송파꿈에그린위례24단지,송파구,장지동,매매,고,51.77,15.66,163000,0,16.3,21A,,49077746,https://www.zigbang.com/home/apt/items/49077746
2026-09-05 06:39:06,송파꿈에그린위례24단지,송파구,장지동,매매,4,51.77,15.66,165000,0,16.5,21A,,49784913,https://www.zigbang.com/home/apt/items/49784913
2026-09-05 06:39:06,송파꿈에그린위례24단지,송파구,장지동,매매,중,51.77,15.66,165000,0,16.5,21A,,49444698,https://www.zigbang.com/home/apt/items/49444698
2026-09-05 06:39:06,송파꿈에그린위례24단지,송파구,장지동,매매,고,51.77,15.66,170000,0,17.0,21A,,50127690,https://www.zigbang.com/home/apt/items/50127690
2026-09-05 06:39:06,송파꿈에그린위례24단지,송파구,장지동,매매,14,54.12,16.37,170000,0,17.0,22A,,49444565,https://www.zigbang.com/home/apt/items/49444565
2026-09-05 06:39:06,송파꿈에그린위례24단지,송파구,장지동,매매,고,51.77,15.66,170000,0,17.0,21A,,50003230,https://www.zigbang.com/home/apt/items/50003230
2026-09-05 06:39:06,송파꿈에그린위례24단지,송파구,장지동,매매,10,59.63,18.04,183000,0,18.3,25A,,49444419,https://www.zigbang.com/home/apt/items/49444419
2026-09-05 06:39:06,송파꿈에그린위례24단지,송파구,장지동,매매,중,59.63,18.04,185000,0,18.5,25A,,48441848,https://www.zigbang.com/home/apt/items/48441848
2026-09-05 06:39:06,송파꿈에그린위례24단지,송파구,장지동,매매,중,59.63,18.04,187000,0,18.7,25A,,50078699,https://www.zigbang.com/home/apt/items/50078699
2026-09-05 06:39:06,송파꿈에그린위례24단지,송파구,장지동,매매,중,59.85,18.1,188000,0,18.8,25C1,,50129619,https://www.zigbang.com/home/apt/items/50129619
2026-09-05 06:39:06,송파꿈에그린위례24단지,송파구,장지동,매매,저,59.63,18.04,190000,0,19.0,25A,,49910948,https://www.zigbang.com/home/apt/items/49910948
2026-09-05 06:39:06,송파꿈에그린위례24단지,송파구,장지동,매매,고,59.63,18.04,190000,0,19.0,25A,,48405248,https://www.zigbang.com/home/apt/items/48405248
2026-09-05 06:39:06,송파꿈에그린위례24단지,송파구,장지동,매매,중,59.63,18.04,200000,0,20.0,25A,,50203917,https://www.zigbang.com/home/apt/items/50203917
2026-09-05 06:39:06,송파꿈에그린위례24단지,송파구,장지동,매매,고,59.63,18.04,200000,0,20.0,25A,,49912027,https://www.zigbang.com/home/apt/items/49912027
2026-09-05 06:39:06,송파꿈에그린위례24단지,송파구,장지동,매매,19,75.97,22.98,215000,0,21.5,31A,,50274509,https://www.zigbang.com/home/apt/items/50274509
2026-09-05 06:39:06,송파꿈에그린위례24단지,송파구,장지동,매매,중,75.97,22.98,215000,0,21.5,31A,,49796372,https://www.zigbang.com/home/apt/items/49796372
2026-09-05 06:39:06,송파꿈에그린위례24단지,송파구,장지동,매매,고,75.97,22.98,215000,0,21.5,31A,,49486389,https://www.zigbang.com/home/apt/items/49486389
2026-09-05 06:39:06,송파꿈에그린위례24단지,송파구,장지동,매매,고,75.97,22.98,215000,0,21.5,31A,,49371806,https://www.zigbang.com/home/apt/items/49371806
2026-09-05 06:39:06,송파꿈에그린위례24단지,송파구,장지동,매매,고,75.97,22.98,215000,0,21.5,31A,,49040930,https://www.zigbang.com/home/apt/items/49040930
2026-09-05 06:39:06,송파꿈에그린위례24단지,송파구,장지동,매매,6,75.97,22.98,220000,0,22.0,31A1N,,49438901,https://www.zigbang.com/home/apt/items/49438901
2026-09-05 06:39:06,송파꿈에그린위례24단지,송파구,장지동,매매,중,84.93,25.69,225000,0,22.5,35B,,49572784,https://www.zigbang.com/home/apt/items/49572784
2026-09-05 06:39:06,송파꿈에그린위례24단지,송파구,장지동,매매,저,84.96,25.7,230000,0,23.0,35A,,50207414,https://www.zigbang.com/home/apt/items/50207414
2026-09-05 06:39:06,송파꿈에그린위례24단지,송파구,장지동,매매,7,84.93,25.69,230000,0,23.0,35B,,49441824,https://www.zigbang.com/home/apt/items/49441824
2026-09-05 06:39:06,송파꿈에그린위례24단지,송파구,장지동,매매,고,84.96,25.7,235000,0,23.5,35A,,50258421,https://www.zigbang.com/home/apt/items/50258421
2026-09-05 06:39:06,송파꿈에그린위례24단지,송파구,장지동,매매,고,84.93,25.69,240000,0,24.0,35C,,50154572,https://www.zigbang.com/home/apt/items/50154572
2026-09-05 06:39:06,송파꿈에그린위례24단지,송파구,장지동,매매,14,84.96,25.7,250000,0,25.0,35A,,49475132,https://www.zigbang.com/home/apt/items/49475132
2026-09-05 06:39:06,송파더센트레,송파구,장지동,월세,고,51.77,15.66,40000,140,4.0,22A,,49826402,https://www.zigbang.com/home/apt/items/49826402
2026-09-05 06:39:06,송파더센트레,송파구,장지동,월세,고,51.77,15.66,40000,140,4.0,22A,,49497043,https://www.zigbang.com/home/apt/items/49497043
2026-09-05 06:39:06,송파더센트레,송파구,장지동,월세,고,51.77,15.66,40000,140,4.0,22A,,49012193,https://www.zigbang.com/home/apt/items/49012193
2026-09-05 06:39:06,송파더센트레,송파구,장지동,월세,중,59.85,18.1,50000,130,5.0,26C,,50065676,https://www.zigbang.com/home/apt/items/50065676
2026-09-05 06:39:06,송파더센트레,송파구,장지동,전세,중,51.77,15.66,65000,0,6.5,22A,,49877736,https://www.zigbang.com/home/apt/items/49877736
2026-09-05 06:39:06,송파더센트레,송파구,장지동,전세,중,51.77,15.66,65000,0,6.5,22A,,49850231,https://www.zigbang.com/home/apt/items/49850231
2026-09-05 06:39:06,송파더센트레,송파구,장지동,전세,중,51.77,15.66,67000,0,6.7,22A,,49826356,https://www.zigbang.com/home/apt/items/49826356
2026-09-05 06:39:06,송파더센트레,송파구,장지동,전세,고,59.85,18.1,75000,0,7.5,26C,,50079755,https://www.zigbang.com/home/apt/items/50079755
2026-09-05 06:39:06,송파더센트레,송파구,장지동,전세,고,59.73,18.07,77000,0,7.7,26B,,50248155,https://www.zigbang.com/home/apt/items/50248155
2026-09-05 06:39:06,송파더센트레,송파구,장지동,매매,중,51.77,15.66,158000,0,15.8,22A,,50178822,https://www.zigbang.com/home/apt/items/50178822
2026-09-05 06:39:06,송파더센트레,송파구,장지동,매매,저,51.77,15.66,158000,0,15.8,22A,,49913449,https://www.zigbang.com/home/apt/items/49913449
2026-09-05 06:39:06,송파더센트레,송파구,장지동,매매,1,51.77,15.66,158000,0,15.8,22A,,49913209,https://www.zigbang.com/home/apt/items/49913209
2026-09-05 06:39:06,송파더센트레,송파구,장지동,매매,중,51.77,15.66,158000,0,15.8,22A,,49789473,https://www.zigbang.com/home/apt/items/49789473
2026-09-05 06:39:06,송파더센트레,송파구,장지동,매매,중,51.96,15.72,159000,0,15.9,22B1,,50283476,https://www.zigbang.com/home/apt/items/50283476
2026-09-05 06:39:06,송파더센트레,송파구,장지동,매매,25,51.82,15.68,160000,0,16.0,22A1,,49925465,https://www.zigbang.com/home/apt/items/49925465
2026-09-05 06:39:06,송파더센트레,송파구,장지동,매매,7,51.82,15.68,160000,0,16.0,22A1,,49789406,https://www.zigbang.com/home/apt/items/49789406
2026-09-05 06:39:06,송파더센트레,송파구,장지동,매매,12,51.77,15.66,160000,0,16.0,22A,,49445885,https://www.zigbang.com/home/apt/items/49445885
2026-09-05 06:39:06,송파더센트레,송파구,장지동,매매,14,51.77,15.66,161000,0,16.1,22A,,49913234,https://www.zigbang.com/home/apt/items/49913234
2026-09-05 06:39:06,송파더센트레,송파구,장지동,매매,중,51.77,15.66,163000,0,16.3,22A,,49913185,https://www.zigbang.com/home/apt/items/49913185
2026-09-05 06:39:06,송파더센트레,송파구,장지동,매매,고,51.77,15.66,165000,0,16.5,22A,,48428052,https://www.zigbang.com/home/apt/items/48428052
2026-09-05 06:39:06,송파더센트레,송파구,장지동,매매,저,59.85,18.1,180000,0,18.0,26C,,50203630,https://www.zigbang.com/home/apt/items/50203630
2026-09-05 06:39:06,송파더센트레,송파구,장지동,매매,고,59.85,18.1,185000,0,18.5,26C,,49913152,https://www.zigbang.com/home/apt/items/49913152
2026-09-05 06:39:06,송파더센트레,송파구,장지동,매매,저,59.73,18.07,195000,0,19.5,26B,,50200212,https://www.zigbang.com/home/apt/items/50200212
2026-09-05 06:39:06,송파와이즈더샵,송파구,장지동,월세,저,96.71,29.25,70000,160,7.0,38H,,50231507,https://www.zigbang.com/home/apt/items/50231507
2026-09-05 06:39:06,송파와이즈더샵,송파구,장지동,월세,중,96.53,29.2,80000,80,8.0,38C,,49467233,https://www.zigbang.com/home/apt/items/49467233
2026-09-05 06:39:06,송파와이즈더샵,송파구,장지동,전세,12,97.19,29.4,95000,0,9.5,38D,,50255818,https://www.zigbang.com/home/apt/items/50255818
2026-09-05 06:39:06,송파와이즈더샵,송파구,장지동,전세,저,97.16,29.39,95000,0,9.5,38G,,48611092,https://www.zigbang.com/home/apt/items/48611092
2026-09-05 06:39:06,송파와이즈더샵,송파구,장지동,전세,고,96.71,29.25,100000,0,10.0,38H,,49644897,https://www.zigbang.com/home/apt/items/49644897
2026-09-05 06:39:06,송파와이즈더샵,송파구,장지동,매매,10,97.07,29.36,240000,0,24.0,39B,,49479654,https://www.zigbang.com/home/apt/items/49479654
2026-09-05 06:39:06,송파와이즈더샵,송파구,장지동,매매,13,97.39,29.46,250000,0,25.0,39F,,255156,https://www.zigbang.com/home/apt/items/255156
2026-09-05 06:39:06,송파와이즈더샵,송파구,장지동,매매,고,96.75,29.27,290000,0,29.0,38B,,47684559,https://www.zigbang.com/home/apt/items/47684559
2026-09-05 06:39:06,송파파인타운3단지,송파구,장지동,월세,고,84.98,25.71,60000,100,6.0,32T2,,50141562,https://www.zigbang.com/home/apt/items/50141562
2026-09-05 06:39:06,송파파인타운3단지,송파구,장지동,매매,중,84.98,25.71,185000,0,18.5,32T2,,47078910,https://www.zigbang.com/home/apt/items/47078910
2026-09-05 06:39:06,송파파인타운3단지,송파구,장지동,매매,중,84.94,25.69,192000,0,19.2,32A,,49491503,https://www.zigbang.com/home/apt/items/49491503
2026-09-05 06:39:06,송파파인타운5단지,송파구,장지동,매매,고,84.93,25.69,210000,0,21.0,33A,,48396145,https://www.zigbang.com/home/apt/items/48396145
2026-09-05 06:39:06,송파파인타운7단지,송파구,장지동,매매,중,84.94,25.69,210000,0,21.0,34A,,50072780,https://www.zigbang.com/home/apt/items/50072780
2026-09-05 06:39:06,위례2차아이파크,송파구,장지동,전세,고,90.88,27.49,100000,0,10.0,36C,,47819605,https://www.zigbang.com/home/apt/items/47819605
2026-09-05 06:39:06,위례2차아이파크,송파구,장지동,전세,고,90.05,27.24,110000,0,11.0,36A,,49567969,https://www.zigbang.com/home/apt/items/49567969
2026-09-05 06:39:06,위례2차아이파크,송파구,장지동,전세,저,115.64,34.98,110000,0,11.0,45A,,48271601,https://www.zigbang.com/home/apt/items/48271601
2026-09-05 06:39:06,위례2차아이파크,송파구,장지동,매매,고,90.88,27.49,235000,0,23.5,36C,,49595314,https://www.zigbang.com/home/apt/items/49595314
2026-09-05 06:39:06,위례송파푸르지오,송파구,장지동,매매,고,106.96,32.36,245000,0,24.5,42A,,47924633,https://www.zigbang.com/home/apt/items/47924633
2026-09-05 06:39:06,위례송파푸르지오,송파구,장지동,매매,중,108.59,32.85,300000,0,30.0,43,,50276140,https://www.zigbang.com/home/apt/items/50276140
2026-09-05 06:39:06,위례아이파크,송파구,장지동,월세,저,100.85,30.51,70000,160,7.0,40B,,49925531,https://www.zigbang.com/home/apt/items/49925531
2026-09-05 06:39:06,위례아이파크,송파구,장지동,월세,저,100.85,30.51,80000,140,8.0,40B,,50230938,https://www.zigbang.com/home/apt/items/50230938
2026-09-05 06:39:06,위례아이파크,송파구,장지동,전세,고,87.83,26.57,100000,0,10.0,35C,,49973792,https://www.zigbang.com/home/apt/items/49973792
2026-09-05 06:39:06,위례아이파크,송파구,장지동,전세,저,100.85,30.51,110000,0,11.0,40B,,49926813,https://www.zigbang.com/home/apt/items/49926813
2026-09-05 06:39:06,위례아이파크,송파구,장지동,전세,저,100.78,30.49,115000,0,11.5,40A,,50230571,https://www.zigbang.com/home/apt/items/50230571
2026-09-05 06:39:06,위례아이파크,송파구,장지동,전세,22,100.85,30.51,120000,0,12.0,40B,,49530554,https://www.zigbang.com/home/apt/items/49530554
2026-09-05 06:39:06,위례아이파크,송파구,장지동,매매,고,87.83,26.57,230000,0,23.0,35C,,50078864,https://www.zigbang.com/home/apt/items/50078864
2026-09-05 06:39:06,위례아이파크,송파구,장지동,매매,고,87.83,26.57,235000,0,23.5,35C,,50006600,https://www.zigbang.com/home/apt/items/50006600
2026-09-05 06:39:06,위례아이파크,송파구,장지동,매매,중,87.83,26.57,235000,0,23.5,35C,,49461283,https://www.zigbang.com/home/apt/items/49461283
2026-09-05 06:39:06,위례중앙푸르지오1단지,송파구,장지동,전세,중,102.04,30.87,108000,0,10.8,41,,49467520,https://www.zigbang.com/home/apt/items/49467520
2026-09-05 06:39:06,위례중앙푸르지오1단지,송파구,장지동,전세,10,110.22,33.34,110000,0,11.0,43E,,49446763,https://www.zigbang.com/home/apt/items/49446763
2026-09-05 06:39:06,위례중앙푸르지오1단지,송파구,장지동,매매,중,84.89,25.68,230000,0,23.0,34D,,49571742,https://www.zigbang.com/home/apt/items/49571742
2026-09-05 06:39:06,위례중앙푸르지오1단지,송파구,장지동,매매,12,110.27,33.36,249000,0,24.9,43C,,49532256,https://www.zigbang.com/home/apt/items/49532256
2026-09-05 06:39:06,위례중앙푸르지오1단지,송파구,장지동,매매,중,110.22,33.34,270000,0,27.0,43E,,48387204,https://www.zigbang.com/home/apt/items/48387204
2026-09-05 06:39:06,위례중앙푸르지오2단지,송파구,장지동,매매,고,84.736,25.63,213000,0,21.3,34D,,49574942,https://www.zigbang.com/home/apt/items/49574942
2026-09-05 06:39:06,힐스테이트송파위례,송파구,장지동,월세,중,101.38,30.67,10000,400,1.0,39C,,50231896,https://www.zigbang.com/home/apt/items/50231896
2026-09-05 06:39:06,힐스테이트송파위례,송파구,장지동,전세,고,101.8,30.79,105000,0,10.5,39D,,50237617,https://www.zigbang.com/home/apt/items/50237617
2026-09-05 06:39:06,힐스테이트송파위례,송파구,장지동,전세,중,101.8,30.79,105000,0,10.5,39D,,50193477,https://www.zigbang.com/home/apt/items/50193477
2026-09-05 06:39:06,힐스테이트송파위례,송파구,장지동,전세,고,101.8,30.79,105000,0,10.5,39A,,47822840,https://www.zigbang.com/home/apt/items/47822840
2026-09-05 06:39:06,힐스테이트송파위례,송파구,장지동,매매,24,101.38,30.67,235000,0,23.5,39C,,49776815,https://www.zigbang.com/home/apt/items/49776815
2026-09-05 06:39:06,힐스테이트송파위례,송파구,장지동,매매,29,101.38,30.67,250000,0,25.0,39G,,49530675,https://www.zigbang.com/home/apt/items/49530675
2026-09-05 06:39:06,갑을,송파구,풍납동,매매,중,84.9,25.68,145000,0,14.5,32,,50080929,https://www.zigbang.com/home/apt/items/50080929
2026-09-05 06:39:06,강변현대,송파구,풍납동,매매,저,83.19,25.16,167000,0,16.7,30,,49085282,https://www.zigbang.com/home/apt/items/49085282
2026-09-05 06:39:06,대동,송파구,풍납동,매매,7,59.96,18.14,85000,0,8.5,25,,254244,https://www.zigbang.com/home/apt/items/254244
2026-09-05 06:39:06,동아한가람,송파구,풍납동,월세,18,84.38,25.52,30000,150,3.0,31A,,256404,https://www.zigbang.com/home/apt/items/256404
2026-09-05 06:39:06,신동아,송파구,풍납동,매매,중,59.36,17.96,82000,0,8.2,24,,49744927,https://www.zigbang.com/home/apt/items/49744927
2026-09-05 06:39:06,신동아,송파구,풍납동,매매,고,59.36,17.96,85000,0,8.5,24,,49874440,https://www.zigbang.com/home/apt/items/49874440
2026-09-05 06:39:06,신동아,송파구,풍납동,매매,12,59.36,17.96,95000,0,9.5,24,,49520953,https://www.zigbang.com/home/apt/items/49520953
2026-09-05 06:39:06,잠실올림픽공원아이파크,송파구,풍납동,월세,중,59.97,18.14,50000,240,5.0,25A,,49808315,https://www.zigbang.com/home/apt/items/49808315
2026-09-05 06:39:06,잠실올림픽공원아이파크,송파구,풍납동,월세,10,75.99,22.99,65000,180,6.5,31B,,49807845,https://www.zigbang.com/home/apt/items/49807845
2026-09-05 06:39:06,잠실올림픽공원아이파크,송파구,풍납동,월세,중,75.99,22.99,85000,100,8.5,31A,,50108464,https://www.zigbang.com/home/apt/items/50108464
2026-09-05 06:39:06,잠실올림픽공원아이파크,송파구,풍납동,전세,중,75.91,22.96,108000,0,10.8,32T,,50125808,https://www.zigbang.com/home/apt/items/50125808
2026-09-05 06:39:06,잠실올림픽공원아이파크,송파구,풍납동,전세,저,75.99,22.99,120000,0,12.0,31A,,48707468,https://www.zigbang.com/home/apt/items/48707468
2026-09-05 06:39:06,잠실올림픽공원아이파크,송파구,풍납동,매매,중,84.99,25.71,270000,0,27.0,34T,,50057594,https://www.zigbang.com/home/apt/items/50057594
2026-09-05 06:39:06,잠실올림픽공원아이파크,송파구,풍납동,매매,저,75.91,22.96,270000,0,27.0,32T,,49244788,https://www.zigbang.com/home/apt/items/49244788
2026-09-05 06:39:06,잠실올림픽공원아이파크,송파구,풍납동,매매,중,84.99,25.71,270000,0,27.0,34T,,48712470,https://www.zigbang.com/home/apt/items/48712470
2026-09-05 06:39:06,잠실올림픽공원아이파크,송파구,풍납동,매매,중,75.99,22.99,270000,0,27.0,31A,,48707702,https://www.zigbang.com/home/apt/items/48707702
2026-09-05 06:39:06,잠실올림픽공원아이파크,송파구,풍납동,매매,중,84.95,25.7,290000,0,29.0,34C,,50214978,https://www.zigbang.com/home/apt/items/50214978
2026-09-05 06:39:06,잠실올림픽공원아이파크,송파구,풍납동,매매,중,84.99,25.71,290000,0,29.0,34T,,49244559,https://www.zigbang.com/home/apt/items/49244559
2026-09-05 06:39:06,한강극동,송파구,풍납동,매매,4,59.26,17.93,160000,0,16.0,24,,251085,https://www.zigbang.com/home/apt/items/251085
2026-09-05 06:39:06,현대리버빌2차,송파구,풍납동,매매,저,78.78,23.83,142000,0,14.2,31,,48548654,https://www.zigbang.com/home/apt/items/48548654
