수집시간,단지명,구,동,거래유형,층,면적(m2),평,보증금,월세,가격(억),타입,방향,매물ID,URL
2026-06-07 06:20:25,가락극동,송파구,가락동,전세,12,59.4,17.97,47000,0,4.7,24,,242941,https://www.zigbang.com/home/apt/items/242941
2026-06-07 06:20:25,가락금호,송파구,가락동,매매,고,59.91,18.12,205000,0,20.5,25A,,49234023,https://www.zigbang.com/home/apt/items/49234023
2026-06-07 06:20:25,가락대림,송파구,가락동,매매,중,68.78,20.81,155000,0,15.5,27,,49270265,https://www.zigbang.com/home/apt/items/49270265
2026-06-07 06:20:25,가락대림,송파구,가락동,매매,중,84.11,25.44,176000,0,17.6,31,,49270335,https://www.zigbang.com/home/apt/items/49270335
2026-06-07 06:20:25,가락대림,송파구,가락동,매매,12,120.96,36.59,230000,0,23.0,44,,242752,https://www.zigbang.com/home/apt/items/242752
2026-06-07 06:20:25,가락삼환,송파구,가락동,매매,7,72.88,22.05,205000,0,20.5,28B,,49267284,https://www.zigbang.com/home/apt/items/49267284
2026-06-07 06:20:25,가락스타클래스,송파구,가락동,매매,고,84.93,25.69,170000,0,17.0,33B,,49267611,https://www.zigbang.com/home/apt/items/49267611
2026-06-07 06:20:25,가락스타클래스,송파구,가락동,매매,고,115.94,35.07,190000,0,19.0,45,,49267617,https://www.zigbang.com/home/apt/items/49267617
2026-06-07 06:20:25,가락쌍용1차,송파구,가락동,전세,고,84.69,25.62,90000,0,9.0,33,,49138271,https://www.zigbang.com/home/apt/items/49138271
2026-06-07 06:20:25,가락쌍용1차,송파구,가락동,매매,6,59.92,18.13,195000,0,19.5,25,,237988,https://www.zigbang.com/home/apt/items/237988
2026-06-07 06:20:25,가락쌍용1차,송파구,가락동,매매,고,59.92,18.13,210000,0,21.0,25,,49234181,https://www.zigbang.com/home/apt/items/49234181
2026-06-07 06:20:25,가락쌍용1차,송파구,가락동,매매,2,84.69,25.62,240000,0,24.0,33,,207005,https://www.zigbang.com/home/apt/items/207005
2026-06-07 06:20:25,가락쌍용1차,송파구,가락동,매매,1,84.69,25.62,240000,0,24.0,33,,192136,https://www.zigbang.com/home/apt/items/192136
2026-06-07 06:20:25,가락쌍용1차,송파구,가락동,매매,중,84.69,25.62,250000,0,25.0,33,,46758501,https://www.zigbang.com/home/apt/items/46758501
2026-06-07 06:20:25,가락쌍용2차,송파구,가락동,매매,저,59.88,18.11,175000,0,17.5,25,,49262953,https://www.zigbang.com/home/apt/items/49262953
2026-06-07 06:20:25,가락쌍용2차,송파구,가락동,매매,저,84.42,25.54,197000,0,19.7,33,,49262925,https://www.zigbang.com/home/apt/items/49262925
2026-06-07 06:20:25,가락쌍용2차,송파구,가락동,매매,중,84.42,25.54,200000,0,20.0,33,,49263034,https://www.zigbang.com/home/apt/items/49263034
2026-06-07 06:20:25,가락쌍용2차,송파구,가락동,매매,7,84.42,25.54,200000,0,20.0,33,,242553,https://www.zigbang.com/home/apt/items/242553
2026-06-07 06:20:25,가락풍림,송파구,가락동,매매,저,80.52,24.36,130000,0,13.0,32,,48770032,https://www.zigbang.com/home/apt/items/48770032
2026-06-07 06:20:25,가락현대(60동),송파구,가락동,매매,중,82.16,24.85,150000,0,15.0,28,,49267496,https://www.zigbang.com/home/apt/items/49267496
2026-06-07 06:20:25,더샵송파루미스타,송파구,가락동,월세,중,59.9523,18.14,10000,360,1.0,24,,49267398,https://www.zigbang.com/home/apt/items/49267398
2026-06-07 06:20:25,더샵송파루미스타,송파구,가락동,월세,11,84.9856,25.71,50000,300,5.0,34A,,49267404,https://www.zigbang.com/home/apt/items/49267404
2026-06-07 06:20:25,더샵송파루미스타,송파구,가락동,월세,15,84.9862,25.71,50000,280,5.0,34B,,49267402,https://www.zigbang.com/home/apt/items/49267402
2026-06-07 06:20:25,더샵송파루미스타,송파구,가락동,월세,중,74.9753,22.68,50000,200,5.0,30,,49032868,https://www.zigbang.com/home/apt/items/49032868
2026-06-07 06:20:25,더샵송파루미스타,송파구,가락동,월세,고,84.9273,25.69,60000,140,6.0,34C,,49237775,https://www.zigbang.com/home/apt/items/49237775
2026-06-07 06:20:25,더샵송파루미스타,송파구,가락동,월세,9,84.9856,25.71,90000,100,9.0,34A,,48141811,https://www.zigbang.com/home/apt/items/48141811
2026-06-07 06:20:25,더샵송파루미스타,송파구,가락동,전세,저,74.9753,22.68,98000,0,9.8,30,,49267409,https://www.zigbang.com/home/apt/items/49267409
2026-06-07 06:20:25,더샵송파루미스타,송파구,가락동,전세,고,84.9273,25.69,99000,0,9.9,34C,,49237729,https://www.zigbang.com/home/apt/items/49237729
2026-06-07 06:20:25,더샵송파루미스타,송파구,가락동,전세,고,84.9862,25.71,105000,0,10.5,34B,,49267417,https://www.zigbang.com/home/apt/items/49267417
2026-06-07 06:20:25,더샵송파루미스타,송파구,가락동,전세,12,84.9856,25.71,105000,0,10.5,34A,,49267414,https://www.zigbang.com/home/apt/items/49267414
2026-06-07 06:20:25,더샵송파루미스타,송파구,가락동,전세,21,84.9856,25.71,105000,0,10.5,34A,,49267412,https://www.zigbang.com/home/apt/items/49267412
2026-06-07 06:20:25,더샵송파루미스타,송파구,가락동,전세,14,84.9273,25.69,105000,0,10.5,34C,,48833481,https://www.zigbang.com/home/apt/items/48833481
2026-06-07 06:20:25,더샵송파루미스타,송파구,가락동,전세,고,84.9856,25.71,110000,0,11.0,34A,,49267432,https://www.zigbang.com/home/apt/items/49267432
2026-06-07 06:20:25,더샵송파루미스타,송파구,가락동,전세,고,84.9273,25.69,110000,0,11.0,34C,,49267426,https://www.zigbang.com/home/apt/items/49267426
2026-06-07 06:20:25,더샵송파루미스타,송파구,가락동,전세,중,84.9856,25.71,115000,0,11.5,34A,,48141770,https://www.zigbang.com/home/apt/items/48141770
2026-06-07 06:20:25,더샵송파루미스타,송파구,가락동,전세,14,99.9989,30.25,129000,0,12.9,40,,49267436,https://www.zigbang.com/home/apt/items/49267436
2026-06-07 06:20:25,더샵송파루미스타,송파구,가락동,전세,저,99.9989,30.25,130000,0,13.0,40,,49267440,https://www.zigbang.com/home/apt/items/49267440
2026-06-07 06:20:25,미륭,송파구,가락동,매매,3,60.72,18.37,180000,0,18.0,24,,49267556,https://www.zigbang.com/home/apt/items/49267556
2026-06-07 06:20:25,성원상떼빌,송파구,가락동,매매,9,101.52,30.71,150000,0,15.0,38,,236008,https://www.zigbang.com/home/apt/items/236008
2026-06-07 06:20:25,성원상떼빌,송파구,가락동,매매,중,101.52,30.71,153000,0,15.3,38,,48921176,https://www.zigbang.com/home/apt/items/48921176
2026-06-07 06:20:25,성원상떼빌,송파구,가락동,매매,5,117.16,35.44,158000,0,15.8,44,,48781964,https://www.zigbang.com/home/apt/items/48781964
2026-06-07 06:20:25,송파가락두산위브센티움,송파구,가락동,매매,10,33.1,10.01,27000,0,2.7,14B,,194494,https://www.zigbang.com/home/apt/items/194494
2026-06-07 06:20:25,송파동부센트레빌,송파구,가락동,월세,저,84.98,25.71,70000,120,7.0,32,,49157385,https://www.zigbang.com/home/apt/items/49157385
2026-06-07 06:20:25,한화오벨리스크,송파구,가락동,매매,20,25.32,7.66,18500,0,1.85,11,,213541,https://www.zigbang.com/home/apt/items/213541
2026-06-07 06:20:25,한화오벨리스크,송파구,가락동,매매,20,48.8,14.76,60000,0,6.0,21,,224644,https://www.zigbang.com/home/apt/items/224644
2026-06-07 06:20:25,헬리오시티,송파구,가락동,월세,중,130.06,39.34,2000,700,0.2,49,,49263427,https://www.zigbang.com/home/apt/items/49263427
2026-06-07 06:20:25,헬리오시티,송파구,가락동,월세,중,84.98,25.71,10000,470,1.0,33G,,49263617,https://www.zigbang.com/home/apt/items/49263617
2026-06-07 06:20:25,헬리오시티,송파구,가락동,월세,고,84.98,25.71,20000,440,2.0,33G,,49263537,https://www.zigbang.com/home/apt/items/49263537
2026-06-07 06:20:25,헬리오시티,송파구,가락동,월세,저,59.96,18.14,20000,350,2.0,25,,49151572,https://www.zigbang.com/home/apt/items/49151572
2026-06-07 06:20:25,헬리오시티,송파구,가락동,월세,고,39.12,11.83,20000,240,2.0,18B,,48992891,https://www.zigbang.com/home/apt/items/48992891
2026-06-07 06:20:25,헬리오시티,송파구,가락동,월세,12,59.96,18.14,20000,350,2.0,25,,47616184,https://www.zigbang.com/home/apt/items/47616184
2026-06-07 06:20:25,헬리오시티,송파구,가락동,월세,고,110.66,33.47,30000,600,3.0,42A,,49145079,https://www.zigbang.com/home/apt/items/49145079
2026-06-07 06:20:25,헬리오시티,송파구,가락동,월세,고,59.96,18.14,30000,300,3.0,25,,47770850,https://www.zigbang.com/home/apt/items/47770850
2026-06-07 06:20:25,헬리오시티,송파구,가락동,월세,저,110.66,33.47,40000,500,4.0,42A,,48559300,https://www.zigbang.com/home/apt/items/48559300
2026-06-07 06:20:25,헬리오시티,송파구,가락동,월세,중,84.99,25.71,50000,300,5.0,33D,,48633532,https://www.zigbang.com/home/apt/items/48633532
2026-06-07 06:20:25,헬리오시티,송파구,가락동,월세,중,84.99,25.71,60000,250,6.0,33D,,48644184,https://www.zigbang.com/home/apt/items/48644184
2026-06-07 06:20:25,헬리오시티,송파구,가락동,월세,고,84.98,25.71,70000,240,7.0,32A,,49157938,https://www.zigbang.com/home/apt/items/49157938
2026-06-07 06:20:25,헬리오시티,송파구,가락동,월세,30,84.98,25.71,80000,200,8.0,32A,,49260709,https://www.zigbang.com/home/apt/items/49260709
2026-06-07 06:20:25,헬리오시티,송파구,가락동,월세,고,59.96,18.14,80000,120,8.0,25,,49238197,https://www.zigbang.com/home/apt/items/49238197
2026-06-07 06:20:25,헬리오시티,송파구,가락동,월세,중,59.96,18.14,80000,120,8.0,25,,49227527,https://www.zigbang.com/home/apt/items/49227527
2026-06-07 06:20:25,헬리오시티,송파구,가락동,전세,저,39.1,11.83,80000,0,8.0,18A,,49015536,https://www.zigbang.com/home/apt/items/49015536
2026-06-07 06:20:25,헬리오시티,송파구,가락동,전세,중,39.1,11.83,85000,0,8.5,18A,,49233885,https://www.zigbang.com/home/apt/items/49233885
2026-06-07 06:20:25,헬리오시티,송파구,가락동,전세,저,39.1,11.83,90000,0,9.0,18A,,49051204,https://www.zigbang.com/home/apt/items/49051204
2026-06-07 06:20:25,헬리오시티,송파구,가락동,월세,중,84.95,25.7,105000,100,10.5,33F,,49272413,https://www.zigbang.com/home/apt/items/49272413
2026-06-07 06:20:25,헬리오시티,송파구,가락동,전세,고,59.96,18.14,105000,0,10.5,25,,49110862,https://www.zigbang.com/home/apt/items/49110862
2026-06-07 06:20:25,헬리오시티,송파구,가락동,월세,중,84.98,25.71,105000,100,10.5,32A,,48561877,https://www.zigbang.com/home/apt/items/48561877
2026-06-07 06:20:25,헬리오시티,송파구,가락동,월세,저,84.99,25.71,110000,70,11.0,33D,,49268565,https://www.zigbang.com/home/apt/items/49268565
2026-06-07 06:20:25,헬리오시티,송파구,가락동,전세,고,59.96,18.14,110000,0,11.0,25,,49238072,https://www.zigbang.com/home/apt/items/49238072
2026-06-07 06:20:25,헬리오시티,송파구,가락동,전세,고,59.96,18.14,110000,0,11.0,25,,49113806,https://www.zigbang.com/home/apt/items/49113806
2026-06-07 06:20:25,헬리오시티,송파구,가락동,전세,고,84.96,25.7,125000,0,12.5,32J2,,48851441,https://www.zigbang.com/home/apt/items/48851441
2026-06-07 06:20:25,헬리오시티,송파구,가락동,전세,중,84.99,25.71,125000,0,12.5,33D,,48828914,https://www.zigbang.com/home/apt/items/48828914
2026-06-07 06:20:25,헬리오시티,송파구,가락동,전세,중,84.96,25.7,130000,0,13.0,32J1,,49260494,https://www.zigbang.com/home/apt/items/49260494
2026-06-07 06:20:25,헬리오시티,송파구,가락동,전세,26,84.98,25.71,130000,0,13.0,33G,,49258274,https://www.zigbang.com/home/apt/items/49258274
2026-06-07 06:20:25,헬리오시티,송파구,가락동,전세,저,84.98,25.71,130000,0,13.0,32A,,49060891,https://www.zigbang.com/home/apt/items/49060891
2026-06-07 06:20:25,헬리오시티,송파구,가락동,전세,중,84.98,25.71,130000,0,13.0,33E,,48904285,https://www.zigbang.com/home/apt/items/48904285
2026-06-07 06:20:25,헬리오시티,송파구,가락동,전세,저,84.99,25.71,130000,0,13.0,33D,,46831695,https://www.zigbang.com/home/apt/items/46831695
2026-06-07 06:20:25,헬리오시티,송파구,가락동,월세,고,110.66,33.47,150000,80,15.0,42A,,49055035,https://www.zigbang.com/home/apt/items/49055035
2026-06-07 06:20:25,헬리오시티,송파구,가락동,전세,고,110.66,33.47,170000,0,17.0,42A,,49055063,https://www.zigbang.com/home/apt/items/49055063
2026-06-07 06:20:25,헬리오시티,송파구,가락동,전세,중,110.44,33.41,170000,0,17.0,43B,,48848615,https://www.zigbang.com/home/apt/items/48848615
2026-06-07 06:20:25,헬리오시티,송파구,가락동,전세,중,110.44,33.41,170000,0,17.0,43B,,48644648,https://www.zigbang.com/home/apt/items/48644648
2026-06-07 06:20:25,헬리오시티,송파구,가락동,매매,중,39.1,11.83,197000,0,19.7,18A,,49089749,https://www.zigbang.com/home/apt/items/49089749
2026-06-07 06:20:25,헬리오시티,송파구,가락동,매매,고,39.1,11.83,201000,0,20.1,18A,,48542298,https://www.zigbang.com/home/apt/items/48542298
2026-06-07 06:20:25,헬리오시티,송파구,가락동,매매,중,39.1,11.83,208000,0,20.8,18A,,48593272,https://www.zigbang.com/home/apt/items/48593272
2026-06-07 06:20:25,헬리오시티,송파구,가락동,매매,중,39.1,11.83,210000,0,21.0,18A,,48698679,https://www.zigbang.com/home/apt/items/48698679
2026-06-07 06:20:25,헬리오시티,송파구,가락동,매매,고,39.1,11.83,220000,0,22.0,18A,,48583487,https://www.zigbang.com/home/apt/items/48583487
2026-06-07 06:20:25,헬리오시티,송파구,가락동,매매,9,59.96,18.14,270000,0,27.0,25,,48887066,https://www.zigbang.com/home/apt/items/48887066
2026-06-07 06:20:25,헬리오시티,송파구,가락동,매매,중,59.96,18.14,270000,0,27.0,25,,48488252,https://www.zigbang.com/home/apt/items/48488252
2026-06-07 06:20:25,헬리오시티,송파구,가락동,매매,고,59.96,18.14,277000,0,27.7,25,,48488314,https://www.zigbang.com/home/apt/items/48488314
2026-06-07 06:20:25,헬리오시티,송파구,가락동,매매,고,84.96,25.7,288000,0,28.8,32J1,,49209193,https://www.zigbang.com/home/apt/items/49209193
2026-06-07 06:20:25,헬리오시티,송파구,가락동,매매,고,84.99,25.71,289000,0,28.9,33D,,49237562,https://www.zigbang.com/home/apt/items/49237562
2026-06-07 06:20:25,헬리오시티,송파구,가락동,매매,중,84.99,25.71,290000,0,29.0,33D,,49079198,https://www.zigbang.com/home/apt/items/49079198
2026-06-07 06:20:25,헬리오시티,송파구,가락동,매매,고,84.96,25.7,295000,0,29.5,32J2,,49084331,https://www.zigbang.com/home/apt/items/49084331
2026-06-07 06:20:25,헬리오시티,송파구,가락동,매매,중,84.98,25.71,295000,0,29.5,32A,,48440781,https://www.zigbang.com/home/apt/items/48440781
2026-06-07 06:20:25,헬리오시티,송파구,가락동,매매,고,84.99,25.71,295000,0,29.5,33D,,47637625,https://www.zigbang.com/home/apt/items/47637625
2026-06-07 06:20:25,헬리오시티,송파구,가락동,매매,중,84.98,25.71,300000,0,30.0,32A,,48684451,https://www.zigbang.com/home/apt/items/48684451
2026-06-07 06:20:25,헬리오시티,송파구,가락동,매매,고,84.98,25.71,300000,0,30.0,33E,,47764035,https://www.zigbang.com/home/apt/items/47764035
2026-06-07 06:20:25,헬리오시티,송파구,가락동,매매,중,84.95,25.7,300000,0,30.0,33F,,47623531,https://www.zigbang.com/home/apt/items/47623531
2026-06-07 06:20:25,헬리오시티,송파구,가락동,매매,중,84.95,25.7,305000,0,30.5,33F,,49116042,https://www.zigbang.com/home/apt/items/49116042
2026-06-07 06:20:25,헬리오시티,송파구,가락동,매매,저,84.99,25.71,308000,0,30.8,33D,,49251029,https://www.zigbang.com/home/apt/items/49251029
2026-06-07 06:20:25,헬리오시티,송파구,가락동,매매,고,84.95,25.7,310000,0,31.0,33F,,49252569,https://www.zigbang.com/home/apt/items/49252569
2026-06-07 06:20:25,헬리오시티,송파구,가락동,매매,중,84.95,25.7,310000,0,31.0,33F,,48763084,https://www.zigbang.com/home/apt/items/48763084
2026-06-07 06:20:25,헬리오시티,송파구,가락동,매매,중,84.99,25.71,310000,0,31.0,33C,,48315019,https://www.zigbang.com/home/apt/items/48315019
2026-06-07 06:20:25,헬리오시티,송파구,가락동,매매,저,84.98,25.71,310000,0,31.0,33E,,47623477,https://www.zigbang.com/home/apt/items/47623477
2026-06-07 06:20:25,헬리오시티,송파구,가락동,매매,중,84.95,25.7,310000,0,31.0,33F,,47616320,https://www.zigbang.com/home/apt/items/47616320
2026-06-07 06:20:25,헬리오시티,송파구,가락동,매매,중,84.99,25.71,310000,0,31.0,33D,,47616240,https://www.zigbang.com/home/apt/items/47616240
2026-06-07 06:20:25,헬리오시티,송파구,가락동,매매,저,84.99,25.71,315000,0,31.5,33D,,47616464,https://www.zigbang.com/home/apt/items/47616464
2026-06-07 06:20:25,헬리오시티,송파구,가락동,매매,중,99.6,30.13,318000,0,31.8,38,,48292041,https://www.zigbang.com/home/apt/items/48292041
2026-06-07 06:20:25,헬리오시티,송파구,가락동,매매,고,84.95,25.7,318000,0,31.8,33F,,47662660,https://www.zigbang.com/home/apt/items/47662660
2026-06-07 06:20:25,헬리오시티,송파구,가락동,매매,중,99.6,30.13,320000,0,32.0,38,,48502942,https://www.zigbang.com/home/apt/items/48502942
2026-06-07 06:20:25,헬리오시티,송파구,가락동,매매,중,99.6,30.13,320000,0,32.0,38,,48292015,https://www.zigbang.com/home/apt/items/48292015
2026-06-07 06:20:25,헬리오시티,송파구,가락동,매매,중,84.99,25.71,330000,0,33.0,33D,,46815166,https://www.zigbang.com/home/apt/items/46815166
2026-06-07 06:20:25,헬리오시티,송파구,가락동,매매,저,110.66,33.47,335000,0,33.5,42A,,48988446,https://www.zigbang.com/home/apt/items/48988446
2026-06-07 06:20:25,헬리오시티,송파구,가락동,매매,저,110.44,33.41,340000,0,34.0,43B,,48988558,https://www.zigbang.com/home/apt/items/48988558
2026-06-07 06:20:25,헬리오시티,송파구,가락동,매매,저,110.44,33.41,340000,0,34.0,43B,,47765234,https://www.zigbang.com/home/apt/items/47765234
2026-06-07 06:20:25,e편한세상송파파크센트럴,송파구,거여동,월세,고,84.97,25.7,10000,350,1.0,34C,,49086771,https://www.zigbang.com/home/apt/items/49086771
2026-06-07 06:20:25,e편한세상송파파크센트럴,송파구,거여동,월세,고,84.97,25.7,20000,300,2.0,34C,,49016501,https://www.zigbang.com/home/apt/items/49016501
2026-06-07 06:20:25,e편한세상송파파크센트럴,송파구,거여동,월세,11,84.96,25.7,30000,270,3.0,34A,,49019066,https://www.zigbang.com/home/apt/items/49019066
2026-06-07 06:20:25,e편한세상송파파크센트럴,송파구,거여동,월세,25,113.18,34.24,50000,300,5.0,41B,,48951209,https://www.zigbang.com/home/apt/items/48951209
2026-06-07 06:20:25,e편한세상송파파크센트럴,송파구,거여동,월세,26,84.96,25.7,65000,120,6.5,34A,,49019001,https://www.zigbang.com/home/apt/items/49019001
2026-06-07 06:20:25,e편한세상송파파크센트럴,송파구,거여동,전세,4,59.94,18.13,85000,0,8.5,25B,,48954164,https://www.zigbang.com/home/apt/items/48954164
2026-06-07 06:20:25,e편한세상송파파크센트럴,송파구,거여동,전세,16,84.96,25.7,95000,0,9.5,34A,,49260256,https://www.zigbang.com/home/apt/items/49260256
2026-06-07 06:20:25,e편한세상송파파크센트럴,송파구,거여동,전세,4,113.63,34.37,110000,0,11.0,42A,,49059377,https://www.zigbang.com/home/apt/items/49059377
2026-06-07 06:20:25,e편한세상송파파크센트럴,송파구,거여동,전세,22,113.18,34.24,117000,0,11.7,41B,,49054202,https://www.zigbang.com/home/apt/items/49054202
2026-06-07 06:20:25,e편한세상송파파크센트럴,송파구,거여동,매매,18,59.96,18.14,178000,0,17.8,25A,,48953373,https://www.zigbang.com/home/apt/items/48953373
2026-06-07 06:20:25,e편한세상송파파크센트럴,송파구,거여동,매매,10,59.94,18.13,190000,0,19.0,25B,,48956706,https://www.zigbang.com/home/apt/items/48956706
2026-06-07 06:20:25,e편한세상송파파크센트럴,송파구,거여동,매매,중,59.96,18.14,190000,0,19.0,25A,,48956560,https://www.zigbang.com/home/apt/items/48956560
2026-06-07 06:20:25,e편한세상송파파크센트럴,송파구,거여동,매매,중,84.95,25.7,200000,0,20.0,34F,,49073184,https://www.zigbang.com/home/apt/items/49073184
2026-06-07 06:20:25,e편한세상송파파크센트럴,송파구,거여동,매매,저,59.93,18.13,200000,0,20.0,25C,,48953873,https://www.zigbang.com/home/apt/items/48953873
2026-06-07 06:20:25,e편한세상송파파크센트럴,송파구,거여동,매매,7,84.96,25.7,205000,0,20.5,34A,,48993461,https://www.zigbang.com/home/apt/items/48993461
2026-06-07 06:20:25,e편한세상송파파크센트럴,송파구,거여동,매매,중,84.96,25.7,205000,0,20.5,34A,,48957040,https://www.zigbang.com/home/apt/items/48957040
2026-06-07 06:20:25,e편한세상송파파크센트럴,송파구,거여동,매매,5,84.96,25.7,220000,0,22.0,34A,,49125194,https://www.zigbang.com/home/apt/items/49125194
2026-06-07 06:20:25,e편한세상송파파크센트럴,송파구,거여동,매매,중,84.95,25.7,220000,0,22.0,34F,,48948646,https://www.zigbang.com/home/apt/items/48948646
2026-06-07 06:20:25,e편한세상송파파크센트럴,송파구,거여동,매매,중,113.18,34.24,230000,0,23.0,41B,,49253200,https://www.zigbang.com/home/apt/items/49253200
2026-06-07 06:20:25,e편한세상송파파크센트럴,송파구,거여동,매매,중,84.96,25.7,230000,0,23.0,34H,,48956956,https://www.zigbang.com/home/apt/items/48956956
2026-06-07 06:20:25,e편한세상송파파크센트럴,송파구,거여동,매매,24,113.63,34.37,230000,0,23.0,42A,,48956792,https://www.zigbang.com/home/apt/items/48956792
2026-06-07 06:20:25,e편한세상송파파크센트럴,송파구,거여동,매매,4,113.63,34.37,240000,0,24.0,42A,,48951837,https://www.zigbang.com/home/apt/items/48951837
2026-06-07 06:20:25,e편한세상송파파크센트럴,송파구,거여동,매매,24,113.18,34.24,240000,0,24.0,41B,,48951589,https://www.zigbang.com/home/apt/items/48951589
2026-06-07 06:20:25,거여역쌍용2차,송파구,거여동,매매,9,104.04,31.47,150000,0,15.0,38,,214999,https://www.zigbang.com/home/apt/items/214999
2026-06-07 06:20:25,송파레이크파크호반써밋1차,송파구,거여동,월세,중,108.8109,32.92,30000,280,3.0,41C,,48858512,https://www.zigbang.com/home/apt/items/48858512
2026-06-07 06:20:25,송파레이크파크호반써밋1차,송파구,거여동,전세,저,108.8119,32.92,110000,0,11.0,41A,,49079212,https://www.zigbang.com/home/apt/items/49079212
2026-06-07 06:20:25,송파레이크파크호반써밋1차,송파구,거여동,매매,6,108.8119,32.92,209000,0,20.9,41A,,48953113,https://www.zigbang.com/home/apt/items/48953113
2026-06-07 06:20:25,송파레이크파크호반써밋1차,송파구,거여동,매매,7,108.8119,32.92,209000,0,20.9,41A,,48858350,https://www.zigbang.com/home/apt/items/48858350
2026-06-07 06:20:25,송파레이크파크호반써밋1차,송파구,거여동,매매,중,108.8119,32.92,210000,0,21.0,41A,,48404828,https://www.zigbang.com/home/apt/items/48404828
2026-06-07 06:20:25,송파레이크파크호반써밋1차,송파구,거여동,매매,저,108.8119,32.92,220000,0,22.0,41A,,48975337,https://www.zigbang.com/home/apt/items/48975337
2026-06-07 06:20:25,송파레이크파크호반써밋2차,송파구,거여동,전세,중,108.8119,32.92,109000,0,10.9,41A,,48438291,https://www.zigbang.com/home/apt/items/48438291
2026-06-07 06:20:25,송파레이크파크호반써밋2차,송파구,거여동,매매,12,108.8109,32.92,234000,0,23.4,41C,,210298,https://www.zigbang.com/home/apt/items/210298
2026-06-07 06:20:25,송파레이크파크호반써밋2차,송파구,거여동,매매,중,108.8109,32.92,235000,0,23.5,41C,,48358222,https://www.zigbang.com/home/apt/items/48358222
2026-06-07 06:20:25,송파레이크파크호반써밋2차,송파구,거여동,매매,7,108.8119,32.92,240000,0,24.0,41A,,48143201,https://www.zigbang.com/home/apt/items/48143201
2026-06-07 06:20:25,송파레이크파크호반써밋2차,송파구,거여동,매매,중,108.8109,32.92,290000,0,29.0,41C,,46667888,https://www.zigbang.com/home/apt/items/46667888
2026-06-07 06:20:25,송파레이크힐,송파구,거여동,월세,중,74.9,22.66,20000,300,2.0,29C,,49178745,https://www.zigbang.com/home/apt/items/49178745
2026-06-07 06:20:25,송파레이크힐,송파구,거여동,월세,5,74.93,22.67,30000,250,3.0,29D,,207668,https://www.zigbang.com/home/apt/items/207668
2026-06-07 06:20:25,송파레이크힐,송파구,거여동,월세,중,64.94,19.64,40000,150,4.0,25A,,49152449,https://www.zigbang.com/home/apt/items/49152449
2026-06-07 06:20:25,송파레이크힐,송파구,거여동,월세,고,84.75,25.64,40000,240,4.0,33A,,48643096,https://www.zigbang.com/home/apt/items/48643096
2026-06-07 06:20:25,송파레이크힐,송파구,거여동,전세,중,64.94,19.64,80000,0,8.0,25A,,49152378,https://www.zigbang.com/home/apt/items/49152378
2026-06-07 06:20:25,송파레이크힐,송파구,거여동,전세,고,84.75,25.64,100000,0,10.0,33A,,48836507,https://www.zigbang.com/home/apt/items/48836507
2026-06-07 06:20:25,송파레이크힐,송파구,거여동,전세,고,84.75,25.64,100000,0,10.0,33A,,48765634,https://www.zigbang.com/home/apt/items/48765634
2026-06-07 06:20:25,송파레이크힐,송파구,거여동,매매,중,74.96,22.68,200000,0,20.0,29B,,49051651,https://www.zigbang.com/home/apt/items/49051651
2026-06-07 06:20:25,송파레이크힐,송파구,거여동,매매,저,74.9,22.66,200000,0,20.0,29E,,49051584,https://www.zigbang.com/home/apt/items/49051584
2026-06-07 06:20:25,송파시그니처롯데캐슬,송파구,거여동,월세,22,84.98,25.71,40000,165,4.0,34B,,49207296,https://www.zigbang.com/home/apt/items/49207296
2026-06-07 06:20:25,송파시그니처롯데캐슬,송파구,거여동,월세,저,59.98,18.14,60000,80,6.0,25,,49207189,https://www.zigbang.com/home/apt/items/49207189
2026-06-07 06:20:25,송파시그니처롯데캐슬,송파구,거여동,전세,중,84.98,25.71,80000,0,8.0,34B,,49251322,https://www.zigbang.com/home/apt/items/49251322
2026-06-07 06:20:25,송파시그니처롯데캐슬,송파구,거여동,전세,1,59.98,18.14,80000,0,8.0,25,,49065139,https://www.zigbang.com/home/apt/items/49065139
2026-06-07 06:20:25,송파시그니처롯데캐슬,송파구,거여동,전세,중,59.98,18.14,85000,0,8.5,26B,,49151823,https://www.zigbang.com/home/apt/items/49151823
2026-06-07 06:20:25,송파시그니처롯데캐슬,송파구,거여동,전세,중,59.98,18.14,90000,0,9.0,26B,,49220694,https://www.zigbang.com/home/apt/items/49220694
2026-06-07 06:20:25,송파시그니처롯데캐슬,송파구,거여동,전세,18,59.98,18.14,90000,0,9.0,25,,241400,https://www.zigbang.com/home/apt/items/241400
2026-06-07 06:20:25,송파시그니처롯데캐슬,송파구,거여동,전세,2,84.98,25.71,95000,0,9.5,33B,,49065233,https://www.zigbang.com/home/apt/items/49065233
2026-06-07 06:20:25,송파시그니처롯데캐슬,송파구,거여동,전세,3,84.98,25.71,98000,0,9.8,34C,,49065050,https://www.zigbang.com/home/apt/items/49065050
2026-06-07 06:20:25,송파시그니처롯데캐슬,송파구,거여동,전세,저,84.98,25.71,110000,0,11.0,34C,,49207512,https://www.zigbang.com/home/apt/items/49207512
2026-06-07 06:20:25,송파시그니처롯데캐슬,송파구,거여동,매매,6,59.98,18.14,180000,0,18.0,25,,49081447,https://www.zigbang.com/home/apt/items/49081447
2026-06-07 06:20:25,송파시그니처롯데캐슬,송파구,거여동,매매,7,59.98,18.14,185000,0,18.5,26B,,49065090,https://www.zigbang.com/home/apt/items/49065090
2026-06-07 06:20:25,송파시그니처롯데캐슬,송파구,거여동,매매,23,59.98,18.14,190000,0,19.0,26B,,49081496,https://www.zigbang.com/home/apt/items/49081496
2026-06-07 06:20:25,송파시그니처롯데캐슬,송파구,거여동,매매,1,84.98,25.71,200000,0,20.0,33A,,49066189,https://www.zigbang.com/home/apt/items/49066189
2026-06-07 06:20:25,송파시그니처롯데캐슬,송파구,거여동,매매,14,84.98,25.71,205000,0,20.5,34C,,49018433,https://www.zigbang.com/home/apt/items/49018433
2026-06-07 06:20:25,송파시그니처롯데캐슬,송파구,거여동,매매,11,84.98,25.71,210000,0,21.0,34B,,49066240,https://www.zigbang.com/home/apt/items/49066240
2026-06-07 06:20:25,송파시그니처롯데캐슬,송파구,거여동,매매,15,84.98,25.71,212000,0,21.2,33A,,49066419,https://www.zigbang.com/home/apt/items/49066419
2026-06-07 06:20:25,송파시그니처롯데캐슬,송파구,거여동,매매,13,84.98,25.71,220000,0,22.0,34A,,49084517,https://www.zigbang.com/home/apt/items/49084517
2026-06-07 06:20:25,송파시그니처롯데캐슬,송파구,거여동,매매,11,84.98,25.71,220000,0,22.0,34A,,49081704,https://www.zigbang.com/home/apt/items/49081704
2026-06-07 06:20:25,송파시그니처롯데캐슬,송파구,거여동,매매,14,84.98,25.71,220000,0,22.0,34,,49066316,https://www.zigbang.com/home/apt/items/49066316
2026-06-07 06:20:25,송파시그니처롯데캐슬,송파구,거여동,매매,8,84.98,25.71,220000,0,22.0,33A,,49066115,https://www.zigbang.com/home/apt/items/49066115
2026-06-07 06:20:25,송파시그니처롯데캐슬,송파구,거여동,매매,31,84.98,25.71,225000,0,22.5,33A,,49065489,https://www.zigbang.com/home/apt/items/49065489
2026-06-07 06:20:25,송파시그니처롯데캐슬,송파구,거여동,매매,9,84.98,25.71,227000,0,22.7,34,,49081357,https://www.zigbang.com/home/apt/items/49081357
2026-06-07 06:20:25,송파시그니처롯데캐슬,송파구,거여동,매매,26,84.98,25.71,230000,0,23.0,33A,,49065572,https://www.zigbang.com/home/apt/items/49065572
2026-06-07 06:20:25,송파시그니처롯데캐슬,송파구,거여동,매매,9,84.98,25.71,230000,0,23.0,33A,,49018024,https://www.zigbang.com/home/apt/items/49018024
2026-06-07 06:20:25,송파시그니처롯데캐슬,송파구,거여동,매매,20,84.98,25.71,235000,0,23.5,33A,,49018671,https://www.zigbang.com/home/apt/items/49018671
2026-06-07 06:20:25,송파시그니처롯데캐슬,송파구,거여동,매매,13,84.98,25.71,235000,0,23.5,33A,,49018586,https://www.zigbang.com/home/apt/items/49018586
2026-06-07 06:20:25,송파시그니처롯데캐슬,송파구,거여동,매매,16,84.98,25.71,250000,0,25.0,34C,,49081734,https://www.zigbang.com/home/apt/items/49081734
2026-06-07 06:20:25,송파시그니처롯데캐슬,송파구,거여동,매매,11,84.98,25.71,250000,0,25.0,34,,49066380,https://www.zigbang.com/home/apt/items/49066380
2026-06-07 06:20:25,송파시그니처롯데캐슬,송파구,거여동,매매,30,84.98,25.71,250000,0,25.0,33B,,49065865,https://www.zigbang.com/home/apt/items/49065865
2026-06-07 06:20:25,송파시그니처롯데캐슬,송파구,거여동,매매,4,108.98,32.97,250000,0,25.0,41,,49018717,https://www.zigbang.com/home/apt/items/49018717
2026-06-07 06:20:25,송파시그니처롯데캐슬,송파구,거여동,매매,13,108.98,32.97,320000,0,32.0,41,,177300,https://www.zigbang.com/home/apt/items/177300
2026-06-07 06:20:25,송파위례리슈빌,송파구,거여동,전세,중,105.4624,31.9,115000,0,11.5,40,,49237508,https://www.zigbang.com/home/apt/items/49237508
2026-06-07 06:20:25,송파위례리슈빌,송파구,거여동,전세,중,116.6104,35.27,120000,0,12.0,44A,,47488103,https://www.zigbang.com/home/apt/items/47488103
2026-06-07 06:20:25,송파위례리슈빌,송파구,거여동,매매,중,111.5354,33.74,230000,0,23.0,42,,48427283,https://www.zigbang.com/home/apt/items/48427283
2026-06-07 06:20:25,송파위례리슈빌,송파구,거여동,매매,중,105.4624,31.9,240000,0,24.0,40,,48836563,https://www.zigbang.com/home/apt/items/48836563
2026-06-07 06:20:25,포레나송파,송파구,거여동,월세,중,80.77,24.43,20000,260,2.0,31B,,49158292,https://www.zigbang.com/home/apt/items/49158292
2026-06-07 06:20:25,포레나송파,송파구,거여동,월세,중,80.72,24.42,70000,80,7.0,31D,,49237445,https://www.zigbang.com/home/apt/items/49237445
2026-06-07 06:20:25,포레나송파,송파구,거여동,월세,중,80.72,24.42,70000,60,7.0,31D,,48762011,https://www.zigbang.com/home/apt/items/48762011
2026-06-07 06:20:25,포레나송파,송파구,거여동,전세,중,70.65,21.37,78000,0,7.8,28A,,49273802,https://www.zigbang.com/home/apt/items/49273802
2026-06-07 06:20:25,포레나송파,송파구,거여동,전세,중,80.72,24.42,85000,0,8.5,31D,,49130393,https://www.zigbang.com/home/apt/items/49130393
2026-06-07 06:20:25,포레나송파,송파구,거여동,전세,고,80.41,24.32,85000,0,8.5,31A,,48709026,https://www.zigbang.com/home/apt/items/48709026
2026-06-07 06:20:25,포레나송파,송파구,거여동,전세,중,80.77,24.43,85000,0,8.5,31B,,49159943,https://www.zigbang.com/home/apt/items/49159943
2026-06-07 06:20:25,포레나송파,송파구,거여동,전세,중,80.72,24.42,85000,0,8.5,31D,,49129907,https://www.zigbang.com/home/apt/items/49129907
2026-06-07 06:20:25,포레나송파,송파구,거여동,전세,고,80.36,24.31,88000,0,8.8,31C,,49212788,https://www.zigbang.com/home/apt/items/49212788
2026-06-07 06:20:25,포레나송파,송파구,거여동,전세,저,75.91,22.96,90000,0,9.0,29A,,49233975,https://www.zigbang.com/home/apt/items/49233975
2026-06-07 06:20:25,포레나송파,송파구,거여동,전세,고,84.6,25.59,95000,0,9.5,33B,,49237468,https://www.zigbang.com/home/apt/items/49237468
2026-06-07 06:20:25,포레나송파,송파구,거여동,매매,중,70.65,21.37,172000,0,17.2,28A,,49154020,https://www.zigbang.com/home/apt/items/49154020
2026-06-07 06:20:25,포레나송파,송파구,거여동,매매,중,66.83,20.22,185000,0,18.5,26A,,49009824,https://www.zigbang.com/home/apt/items/49009824
2026-06-07 06:20:25,포레나송파,송파구,거여동,매매,고,66.83,20.22,190000,0,19.0,26A,,49006956,https://www.zigbang.com/home/apt/items/49006956
2026-06-07 06:20:25,포레나송파,송파구,거여동,매매,중,70.95,21.46,190000,0,19.0,28B,,48502419,https://www.zigbang.com/home/apt/items/48502419
2026-06-07 06:20:25,포레나송파,송파구,거여동,매매,고,80.41,24.32,195000,0,19.5,31A,,49109961,https://www.zigbang.com/home/apt/items/49109961
2026-06-07 06:20:25,포레나송파,송파구,거여동,매매,중,80.41,24.32,210000,0,21.0,31A,,49237538,https://www.zigbang.com/home/apt/items/49237538
2026-06-07 06:20:25,포레나송파,송파구,거여동,매매,중,80.41,24.32,210000,0,21.0,31A,,48837040,https://www.zigbang.com/home/apt/items/48837040
2026-06-07 06:20:25,포레나송파,송파구,거여동,매매,중,84.8,25.65,210000,0,21.0,33A,,49208656,https://www.zigbang.com/home/apt/items/49208656
2026-06-07 06:20:25,포레나송파,송파구,거여동,매매,고,84.8,25.65,215000,0,21.5,33A,,48918749,https://www.zigbang.com/home/apt/items/48918749
2026-06-07 06:20:25,포레나송파,송파구,거여동,매매,저,75.91,22.96,215000,0,21.5,29A,,48837369,https://www.zigbang.com/home/apt/items/48837369
2026-06-07 06:20:25,포레나송파,송파구,거여동,매매,고,75.91,22.96,215000,0,21.5,29A,,48121863,https://www.zigbang.com/home/apt/items/48121863
2026-06-07 06:20:25,포레나송파,송파구,거여동,매매,중,80.57,24.37,219000,0,21.9,31E,,48197567,https://www.zigbang.com/home/apt/items/48197567
2026-06-07 06:20:25,포레나송파,송파구,거여동,매매,고,80.41,24.32,220000,0,22.0,31A,,48144055,https://www.zigbang.com/home/apt/items/48144055
2026-06-07 06:20:25,포레나송파,송파구,거여동,매매,고,84.6,25.59,230000,0,23.0,33B,,49067653,https://www.zigbang.com/home/apt/items/49067653
2026-06-07 06:20:25,송파파크데일1단지,송파구,마천동,월세,9,84.13,25.45,40000,150,4.0,33,,48957236,https://www.zigbang.com/home/apt/items/48957236
2026-06-07 06:20:25,송파파크데일1단지,송파구,마천동,매매,5,84.99,25.71,136000,0,13.6,33A,,231184,https://www.zigbang.com/home/apt/items/231184
2026-06-07 06:20:25,건영,송파구,문정동,매매,12,84.39,25.53,187000,0,18.7,31,,238764,https://www.zigbang.com/home/apt/items/238764
2026-06-07 06:20:25,문정래미안,송파구,문정동,매매,저,120.97,36.59,220000,0,22.0,44,,47035159,https://www.zigbang.com/home/apt/items/47035159
2026-06-07 06:20:25,문정래미안,송파구,문정동,매매,중,150.58,45.55,229000,0,22.9,54,,48216238,https://www.zigbang.com/home/apt/items/48216238
2026-06-07 06:20:25,문정래미안,송파구,문정동,매매,2,133.29,40.32,235000,0,23.5,48,,239776,https://www.zigbang.com/home/apt/items/239776
2026-06-07 06:20:25,문정래미안,송파구,문정동,매매,16,84.96,25.7,240000,0,24.0,34,,187441,https://www.zigbang.com/home/apt/items/187441
2026-06-07 06:20:25,문정래미안,송파구,문정동,매매,저,170.7,51.64,245000,0,24.5,60A,,49267551,https://www.zigbang.com/home/apt/items/49267551
2026-06-07 06:20:25,문정래미안,송파구,문정동,매매,7,133.29,40.32,300000,0,30.0,48,,193339,https://www.zigbang.com/home/apt/items/193339
2026-06-07 06:20:25,문정래미안,송파구,문정동,매매,8,133.29,40.32,300000,0,30.0,48,,48045843,https://www.zigbang.com/home/apt/items/48045843
2026-06-07 06:20:25,문정시영,송파구,문정동,월세,6,25.65,7.76,1500,100,0.15,11,,49218143,https://www.zigbang.com/home/apt/items/49218143
2026-06-07 06:20:25,문정시영,송파구,문정동,매매,중,25.65,7.76,77000,0,7.7,11,,48757157,https://www.zigbang.com/home/apt/items/48757157
2026-06-07 06:20:25,문정시영,송파구,문정동,매매,6,35.46,10.73,95000,0,9.5,16,,214702,https://www.zigbang.com/home/apt/items/214702
2026-06-07 06:20:25,문정시영,송파구,문정동,매매,고,39.69,12.01,120000,0,12.0,18,,49053357,https://www.zigbang.com/home/apt/items/49053357
2026-06-07 06:20:25,문정시영,송파구,문정동,매매,저,46.26,13.99,135000,0,13.5,22,,49268975,https://www.zigbang.com/home/apt/items/49268975
2026-06-07 06:20:25,문정시영,송파구,문정동,매매,중,46.26,13.99,150000,0,15.0,22,,48860863,https://www.zigbang.com/home/apt/items/48860863
2026-06-07 06:20:25,문정시영,송파구,문정동,매매,고,46.26,13.99,160000,0,16.0,22,,48705768,https://www.zigbang.com/home/apt/items/48705768
2026-06-07 06:20:25,송파파크하비오푸르지오,송파구,문정동,매매,4,84.9,25.68,205000,0,20.5,35C,,229581,https://www.zigbang.com/home/apt/items/229581
2026-06-07 06:20:25,송파파크하비오푸르지오,송파구,문정동,매매,11,84.97,25.7,210000,0,21.0,35A,,237833,https://www.zigbang.com/home/apt/items/237833
2026-06-07 06:20:25,송파파크하비오푸르지오,송파구,문정동,매매,중,84.99,25.71,220000,0,22.0,35E,,47369385,https://www.zigbang.com/home/apt/items/47369385
2026-06-07 06:20:25,송파파크하비오푸르지오,송파구,문정동,매매,14,84.97,25.7,230000,0,23.0,35A,,170944,https://www.zigbang.com/home/apt/items/170944
2026-06-07 06:20:25,송파파크하비오푸르지오,송파구,문정동,매매,17,84.97,25.7,230000,0,23.0,35A,,146797,https://www.zigbang.com/home/apt/items/146797
2026-06-07 06:20:25,트윈팰리스,송파구,문정동,매매,9,84.78,25.65,120000,0,12.0,31A,,212084,https://www.zigbang.com/home/apt/items/212084
2026-06-07 06:20:25,현대,송파구,문정동,매매,중,84.03,25.42,125000,0,12.5,31,,48941042,https://www.zigbang.com/home/apt/items/48941042
2026-06-07 06:20:25,현대,송파구,문정동,매매,고,84.03,25.42,132000,0,13.2,31,,49268342,https://www.zigbang.com/home/apt/items/49268342
2026-06-07 06:20:25,힐스테이트e편한세상문정,송파구,문정동,월세,고,84.97,25.7,30000,320,3.0,35AB,,49066826,https://www.zigbang.com/home/apt/items/49066826
2026-06-07 06:20:25,힐스테이트e편한세상문정,송파구,문정동,월세,저,49.4,14.94,50000,100,5.0,20B,,49269101,https://www.zigbang.com/home/apt/items/49269101
2026-06-07 06:20:25,힐스테이트e편한세상문정,송파구,문정동,월세,고,59.87,18.11,64000,70,6.4,24B,,49250837,https://www.zigbang.com/home/apt/items/49250837
2026-06-07 06:20:25,힐스테이트e편한세상문정,송파구,문정동,전세,고,49.4,14.94,75000,0,7.5,20B,,48388516,https://www.zigbang.com/home/apt/items/48388516
2026-06-07 06:20:25,힐스테이트e편한세상문정,송파구,문정동,월세,중,84.97,25.7,80000,120,8.0,35AB,,49141180,https://www.zigbang.com/home/apt/items/49141180
2026-06-07 06:20:25,힐스테이트e편한세상문정,송파구,문정동,전세,고,59.87,18.11,82000,0,8.2,24B,,49154041,https://www.zigbang.com/home/apt/items/49154041
2026-06-07 06:20:25,힐스테이트e편한세상문정,송파구,문정동,전세,중,59.87,18.11,87000,0,8.7,24B,,48721050,https://www.zigbang.com/home/apt/items/48721050
2026-06-07 06:20:25,힐스테이트e편한세상문정,송파구,문정동,전세,고,74.43,22.51,94000,0,9.4,31C,,48694751,https://www.zigbang.com/home/apt/items/48694751
2026-06-07 06:20:25,힐스테이트e편한세상문정,송파구,문정동,전세,저,74.95,22.67,95000,0,9.5,31B,,49269044,https://www.zigbang.com/home/apt/items/49269044
2026-06-07 06:20:25,힐스테이트e편한세상문정,송파구,문정동,전세,중,84.97,25.7,110000,0,11.0,35AB,,49269226,https://www.zigbang.com/home/apt/items/49269226
2026-06-07 06:20:25,힐스테이트e편한세상문정,송파구,문정동,전세,고,84.97,25.7,110000,0,11.0,35AB,,49141276,https://www.zigbang.com/home/apt/items/49141276
2026-06-07 06:20:25,힐스테이트e편한세상문정,송파구,문정동,매매,중,49.4,14.94,167000,0,16.7,20B,,49270944,https://www.zigbang.com/home/apt/items/49270944
2026-06-07 06:20:25,힐스테이트e편한세상문정,송파구,문정동,매매,9,49.92,15.1,180000,0,18.0,21A,,241032,https://www.zigbang.com/home/apt/items/241032
2026-06-07 06:20:25,힐스테이트e편한세상문정,송파구,문정동,매매,중,59.94,18.13,190000,0,19.0,25A,,49041612,https://www.zigbang.com/home/apt/items/49041612
2026-06-07 06:20:25,힐스테이트e편한세상문정,송파구,문정동,매매,중,59.94,18.13,190000,0,19.0,25A,,49041082,https://www.zigbang.com/home/apt/items/49041082
2026-06-07 06:20:25,힐스테이트e편한세상문정,송파구,문정동,매매,저,59.94,18.13,190000,0,19.0,25A,,48971498,https://www.zigbang.com/home/apt/items/48971498
2026-06-07 06:20:25,힐스테이트e편한세상문정,송파구,문정동,매매,저,59.94,18.13,190000,0,19.0,25A,,48708784,https://www.zigbang.com/home/apt/items/48708784
2026-06-07 06:20:25,힐스테이트e편한세상문정,송파구,문정동,매매,저,59.94,18.13,190000,0,19.0,25A,,48260534,https://www.zigbang.com/home/apt/items/48260534
2026-06-07 06:20:25,힐스테이트e편한세상문정,송파구,문정동,매매,저,59.94,18.13,190000,0,19.0,25A,,48986238,https://www.zigbang.com/home/apt/items/48986238
2026-06-07 06:20:25,힐스테이트e편한세상문정,송파구,문정동,매매,중,59.87,18.11,200000,0,20.0,24B,,48708342,https://www.zigbang.com/home/apt/items/48708342
2026-06-07 06:20:25,힐스테이트e편한세상문정,송파구,문정동,매매,중,59.94,18.13,210000,0,21.0,25A,,48231045,https://www.zigbang.com/home/apt/items/48231045
2026-06-07 06:20:25,힐스테이트e편한세상문정,송파구,문정동,매매,중,74.95,22.67,218000,0,21.8,31B,,49095337,https://www.zigbang.com/home/apt/items/49095337
2026-06-07 06:20:25,힐스테이트e편한세상문정,송파구,문정동,매매,중,74.95,22.67,218000,0,21.8,31B,,49117037,https://www.zigbang.com/home/apt/items/49117037
2026-06-07 06:20:25,힐스테이트e편한세상문정,송파구,문정동,매매,고,74.43,22.51,225000,0,22.5,31D,,49037503,https://www.zigbang.com/home/apt/items/49037503
2026-06-07 06:20:25,힐스테이트e편한세상문정,송파구,문정동,매매,중,74.95,22.67,230000,0,23.0,31B,,48757261,https://www.zigbang.com/home/apt/items/48757261
2026-06-07 06:20:25,힐스테이트e편한세상문정,송파구,문정동,매매,중,74.95,22.67,233000,0,23.3,31B,,49066975,https://www.zigbang.com/home/apt/items/49066975
2026-06-07 06:20:25,힐스테이트e편한세상문정,송파구,문정동,매매,13,74.95,22.67,235000,0,23.5,31B,,48434225,https://www.zigbang.com/home/apt/items/48434225
2026-06-07 06:20:25,대림,송파구,방이동,월세,고,84.91,25.69,1000,300,0.1,31,,48705659,https://www.zigbang.com/home/apt/items/48705659
2026-06-07 06:20:25,대림,송파구,방이동,매매,10,125.07,37.83,300000,0,30.0,44,,49267279,https://www.zigbang.com/home/apt/items/49267279
2026-06-07 06:20:25,동광팰리스,송파구,방이동,매매,중,23.02,6.96,37000,0,3.7,9B,,49103960,https://www.zigbang.com/home/apt/items/49103960
2026-06-07 06:20:25,동광팰리스,송파구,방이동,매매,15,23.02,6.96,39000,0,3.9,9B,,239577,https://www.zigbang.com/home/apt/items/239577
2026-06-07 06:20:25,방이금호어울림,송파구,방이동,매매,3,84.3,25.5,150000,0,15.0,32,,49267506,https://www.zigbang.com/home/apt/items/49267506
2026-06-07 06:20:25,방이금호어울림,송파구,방이동,매매,8,84.3,25.5,160000,0,16.0,32,,233324,https://www.zigbang.com/home/apt/items/233324
2026-06-07 06:20:25,신동아타워,송파구,방이동,매매,17,80.13,24.24,98000,0,9.8,33,,213286,https://www.zigbang.com/home/apt/items/213286
2026-06-07 06:20:25,신동아타워,송파구,방이동,매매,11,80.13,24.24,125000,0,12.5,33,,137089,https://www.zigbang.com/home/apt/items/137089
2026-06-07 06:20:25,올림픽베어스타운,송파구,방이동,매매,저,59.37,17.96,130000,0,13.0,23,,48138060,https://www.zigbang.com/home/apt/items/48138060
2026-06-07 06:20:25,올림픽선수기자촌,송파구,방이동,매매,저,100.82,30.5,350000,0,35.0,40B,,49015195,https://www.zigbang.com/home/apt/items/49015195
2026-06-07 06:20:25,잠실3차한양,송파구,방이동,매매,9,126.9,38.39,275000,0,27.5,45,,49267332,https://www.zigbang.com/home/apt/items/49267332
2026-06-07 06:20:25,잠실3차한양,송파구,방이동,매매,9,146.96,44.46,295000,0,29.5,51,,223206,https://www.zigbang.com/home/apt/items/223206
2026-06-07 06:20:25,코오롱,송파구,방이동,매매,8,84.95,25.7,215000,0,21.5,33,,49267304,https://www.zigbang.com/home/apt/items/49267304
2026-06-07 06:20:25,코오롱,송파구,방이동,매매,9,84.95,25.7,220000,0,22.0,33,,49267308,https://www.zigbang.com/home/apt/items/49267308
2026-06-07 06:20:25,코오롱,송파구,방이동,매매,4,84.95,25.7,223000,0,22.3,33,,49267314,https://www.zigbang.com/home/apt/items/49267314
2026-06-07 06:20:25,코오롱,송파구,방이동,매매,4,84.95,25.7,223000,0,22.3,33,,49267312,https://www.zigbang.com/home/apt/items/49267312
2026-06-07 06:20:25,코오롱,송파구,방이동,매매,10,84.95,25.7,225000,0,22.5,33,,49267321,https://www.zigbang.com/home/apt/items/49267321
2026-06-07 06:20:25,코오롱,송파구,방이동,매매,10,84.95,25.7,230000,0,23.0,33,,234303,https://www.zigbang.com/home/apt/items/234303
2026-06-07 06:20:25,현대주상복합빌딩,송파구,방이동,매매,3,30.8,9.32,36000,0,3.6,14B,,221756,https://www.zigbang.com/home/apt/items/221756
2026-06-07 06:20:25,석촌예명,송파구,석촌동,매매,중,84.27,25.49,120000,0,12.0,35,,48682285,https://www.zigbang.com/home/apt/items/48682285
2026-06-07 06:20:25,석촌예명,송파구,석촌동,매매,고,59.75,18.07,135000,0,13.5,25,,48855127,https://www.zigbang.com/home/apt/items/48855127
2026-06-07 06:20:25,석촌예명,송파구,석촌동,매매,고,84.27,25.49,140000,0,14.0,35,,49166967,https://www.zigbang.com/home/apt/items/49166967
2026-06-07 06:20:25,가락삼익맨숀,송파구,송파동,매매,고,84.82,25.66,270000,0,27.0,31,,49267338,https://www.zigbang.com/home/apt/items/49267338
2026-06-07 06:20:25,가락삼익맨숀,송파구,송파동,매매,중,108.33,32.77,273000,0,27.3,38,,49267341,https://www.zigbang.com/home/apt/items/49267341
2026-06-07 06:20:25,송파센텀레이크,송파구,송파동,매매,3,69.4109,21.0,180000,0,18.0,25A3,,194534,https://www.zigbang.com/home/apt/items/194534
2026-06-07 06:20:25,잠실더샵루벤,송파구,송파동,매매,저,106.9848,32.36,230000,0,23.0,40D,,49213473,https://www.zigbang.com/home/apt/items/49213473
2026-06-07 06:20:25,잠실더샵루벤,송파구,송파동,매매,고,106.8571,32.32,230000,0,23.0,40C,,49212359,https://www.zigbang.com/home/apt/items/49212359
2026-06-07 06:20:25,잠실더샵루벤,송파구,송파동,매매,중,106.9848,32.36,235000,0,23.5,40D,,49213669,https://www.zigbang.com/home/apt/items/49213669
2026-06-07 06:20:25,잠실더샵루벤,송파구,송파동,매매,저,106.9995,32.37,236000,0,23.6,40B,,49212406,https://www.zigbang.com/home/apt/items/49212406
2026-06-07 06:20:25,잠실더샵루벤,송파구,송파동,매매,12,106.8571,32.32,300000,0,30.0,40C,,241584,https://www.zigbang.com/home/apt/items/241584
2026-06-07 06:20:25,현대,송파구,송파동,매매,저,84.96,25.7,200000,0,20.0,33,,49094082,https://www.zigbang.com/home/apt/items/49094082
2026-06-07 06:20:25,현대,송파구,송파동,매매,6,84.96,25.7,200000,0,20.0,33,,239406,https://www.zigbang.com/home/apt/items/239406
2026-06-07 06:20:25,호수임광,송파구,송파동,월세,중,56.6,17.12,50000,40,5.0,22,,48988701,https://www.zigbang.com/home/apt/items/48988701
2026-06-07 06:20:25,호수임광,송파구,송파동,전세,저,56.6,17.12,63500,0,6.35,22,,48870856,https://www.zigbang.com/home/apt/items/48870856
2026-06-07 06:20:25,호수임광,송파구,송파동,전세,12,53.2,16.09,65000,0,6.5,21,,234408,https://www.zigbang.com/home/apt/items/234408
2026-06-07 06:20:25,웰리스타워,송파구,신천동,매매,중,154.57,46.76,210000,0,21.0,57,,48905252,https://www.zigbang.com/home/apt/items/48905252
2026-06-07 06:20:25,잠실래미안아이파크,송파구,신천동,월세,중,84.88,25.68,5000,420,0.5,34A,,48836234,https://www.zigbang.com/home/apt/items/48836234
2026-06-07 06:20:25,잠실래미안아이파크,송파구,신천동,월세,저,129.96,39.31,10000,200,1.0,50B,,48173734,https://www.zigbang.com/home/apt/items/48173734
2026-06-07 06:20:25,잠실래미안아이파크,송파구,신천동,월세,중,129.96,39.31,20000,160,2.0,50B,,49181696,https://www.zigbang.com/home/apt/items/49181696
2026-06-07 06:20:25,잠실래미안아이파크,송파구,신천동,월세,중,129.96,39.31,20000,160,2.0,50B,,49209494,https://www.zigbang.com/home/apt/items/49209494
2026-06-07 06:20:25,잠실래미안아이파크,송파구,신천동,월세,중,84.96,25.7,20000,460,2.0,34D,,48430073,https://www.zigbang.com/home/apt/items/48430073
2026-06-07 06:20:25,잠실래미안아이파크,송파구,신천동,월세,중,129.96,39.31,20000,580,2.0,50B,,48173736,https://www.zigbang.com/home/apt/items/48173736
2026-06-07 06:20:25,잠실래미안아이파크,송파구,신천동,월세,고,59.47,17.99,20000,350,2.0,27A,,48173729,https://www.zigbang.com/home/apt/items/48173729
2026-06-07 06:20:25,잠실래미안아이파크,송파구,신천동,월세,고,157.92,47.77,20000,280,2.0,62B,,47909780,https://www.zigbang.com/home/apt/items/47909780
2026-06-07 06:20:25,잠실래미안아이파크,송파구,신천동,월세,저,129.96,39.31,20000,190,2.0,50B,,47519793,https://www.zigbang.com/home/apt/items/47519793
2026-06-07 06:20:25,잠실래미안아이파크,송파구,신천동,월세,중,157.92,47.77,30000,320,3.0,62B,,48834406,https://www.zigbang.com/home/apt/items/48834406
2026-06-07 06:20:25,잠실래미안아이파크,송파구,신천동,월세,중,129.96,39.31,30000,140,3.0,50B,,49116629,https://www.zigbang.com/home/apt/items/49116629
2026-06-07 06:20:25,잠실래미안아이파크,송파구,신천동,월세,중,129.96,39.31,45000,60,4.5,50B,,48992277,https://www.zigbang.com/home/apt/items/48992277
2026-06-07 06:20:25,잠실래미안아이파크,송파구,신천동,월세,저,84.99,25.71,50000,440,5.0,34C,,49023781,https://www.zigbang.com/home/apt/items/49023781
2026-06-07 06:20:25,잠실래미안아이파크,송파구,신천동,월세,저,118,35.69,50000,820,5.0,46C,,48865333,https://www.zigbang.com/home/apt/items/48865333
2026-06-07 06:20:25,잠실래미안아이파크,송파구,신천동,월세,중,59.46,17.99,50000,220,5.0,27C,,48430055,https://www.zigbang.com/home/apt/items/48430055
2026-06-07 06:20:25,잠실래미안아이파크,송파구,신천동,월세,중,43.73,13.23,50000,150,5.0,21,,47618140,https://www.zigbang.com/home/apt/items/47618140
2026-06-07 06:20:25,잠실래미안아이파크,송파구,신천동,월세,고,59.47,17.99,50000,280,5.0,27A,,47451692,https://www.zigbang.com/home/apt/items/47451692
2026-06-07 06:20:25,잠실래미안아이파크,송파구,신천동,월세,중,104.32,31.56,55000,480,5.5,41B,,47514739,https://www.zigbang.com/home/apt/items/47514739
2026-06-07 06:20:25,잠실래미안아이파크,송파구,신천동,전세,고,129.96,39.31,60000,0,6.0,50B,,49216398,https://www.zigbang.com/home/apt/items/49216398
2026-06-07 06:20:25,잠실래미안아이파크,송파구,신천동,전세,중,129.96,39.31,60000,0,6.0,50B,,49098437,https://www.zigbang.com/home/apt/items/49098437
2026-06-07 06:20:25,잠실래미안아이파크,송파구,신천동,전세,저,129.96,39.31,60000,0,6.0,50B,,48173733,https://www.zigbang.com/home/apt/items/48173733
2026-06-07 06:20:25,잠실래미안아이파크,송파구,신천동,월세,고,59.47,17.99,60000,220,6.0,27A,,47340264,https://www.zigbang.com/home/apt/items/47340264
2026-06-07 06:20:25,잠실래미안아이파크,송파구,신천동,전세,중,129.96,39.31,65000,0,6.5,50B,,47340284,https://www.zigbang.com/home/apt/items/47340284
2026-06-07 06:20:25,잠실래미안아이파크,송파구,신천동,월세,중,59.46,17.99,65000,200,6.5,27C,,47568769,https://www.zigbang.com/home/apt/items/47568769
2026-06-07 06:20:25,잠실래미안아이파크,송파구,신천동,전세,중,129.96,39.31,70000,0,7.0,50B,,49135151,https://www.zigbang.com/home/apt/items/49135151
2026-06-07 06:20:25,잠실래미안아이파크,송파구,신천동,월세,중,84.88,25.68,70000,360,7.0,34A,,48859907,https://www.zigbang.com/home/apt/items/48859907
2026-06-07 06:20:25,잠실래미안아이파크,송파구,신천동,전세,고,129.96,39.31,70000,0,7.0,50B,,48786871,https://www.zigbang.com/home/apt/items/48786871
2026-06-07 06:20:25,잠실래미안아이파크,송파구,신천동,월세,고,43.73,13.23,70000,140,7.0,21,,49264237,https://www.zigbang.com/home/apt/items/49264237
2026-06-07 06:20:25,잠실래미안아이파크,송파구,신천동,전세,중,129.96,39.31,70000,0,7.0,50B,,49116642,https://www.zigbang.com/home/apt/items/49116642
2026-06-07 06:20:25,잠실래미안아이파크,송파구,신천동,월세,고,74.92,22.66,70000,280,7.0,32C,,48430058,https://www.zigbang.com/home/apt/items/48430058
2026-06-07 06:20:25,잠실래미안아이파크,송파구,신천동,월세,저,43.73,13.23,75000,70,7.5,21,,47781694,https://www.zigbang.com/home/apt/items/47781694
2026-06-07 06:20:25,잠실래미안아이파크,송파구,신천동,월세,중,129.96,39.31,80000,600,8.0,50C,,49109249,https://www.zigbang.com/home/apt/items/49109249
2026-06-07 06:20:25,잠실래미안아이파크,송파구,신천동,월세,중,118,35.69,80000,560,8.0,46A,,49023727,https://www.zigbang.com/home/apt/items/49023727
2026-06-07 06:20:25,잠실래미안아이파크,송파구,신천동,월세,고,59.46,17.99,80000,120,8.0,27C,,47568768,https://www.zigbang.com/home/apt/items/47568768
2026-06-07 06:20:25,잠실래미안아이파크,송파구,신천동,전세,저,43.73,13.23,85000,0,8.5,21,,47340308,https://www.zigbang.com/home/apt/items/47340308
2026-06-07 06:20:25,잠실래미안아이파크,송파구,신천동,월세,고,84.99,25.71,90000,220,9.0,34C,,47383956,https://www.zigbang.com/home/apt/items/47383956
2026-06-07 06:20:25,잠실래미안아이파크,송파구,신천동,전세,중,43.73,13.23,90000,0,9.0,21,,46697297,https://www.zigbang.com/home/apt/items/46697297
2026-06-07 06:20:25,잠실래미안아이파크,송파구,신천동,월세,고,74.94,22.67,100000,240,10.0,32B,,49214760,https://www.zigbang.com/home/apt/items/49214760
2026-06-07 06:20:25,잠실래미안아이파크,송파구,신천동,월세,고,84.99,25.71,100000,200,10.0,34C,,49023808,https://www.zigbang.com/home/apt/items/49023808
2026-06-07 06:20:25,잠실래미안아이파크,송파구,신천동,월세,고,59.46,17.99,100000,160,10.0,27C,,48136631,https://www.zigbang.com/home/apt/items/48136631
2026-06-07 06:20:25,잠실래미안아이파크,송파구,신천동,월세,고,129.97,39.32,100000,720,10.0,50A,,48173737,https://www.zigbang.com/home/apt/items/48173737
2026-06-07 06:20:25,잠실래미안아이파크,송파구,신천동,월세,중,84.96,25.7,100000,140,10.0,34D,,48173732,https://www.zigbang.com/home/apt/items/48173732
2026-06-07 06:20:25,잠실래미안아이파크,송파구,신천동,전세,중,59.46,17.99,107000,0,10.7,27C,,48430035,https://www.zigbang.com/home/apt/items/48430035
2026-06-07 06:20:25,잠실래미안아이파크,송파구,신천동,전세,고,59.46,17.99,108000,0,10.8,27C,,48173728,https://www.zigbang.com/home/apt/items/48173728
2026-06-07 06:20:25,잠실래미안아이파크,송파구,신천동,전세,고,59.46,17.99,118000,0,11.8,27C,,47381650,https://www.zigbang.com/home/apt/items/47381650
2026-06-07 06:20:25,잠실래미안아이파크,송파구,신천동,전세,저,157.92,47.77,120000,0,12.0,62B,,49181953,https://www.zigbang.com/home/apt/items/49181953
2026-06-07 06:20:25,잠실래미안아이파크,송파구,신천동,월세,중,84.96,25.7,120000,180,12.0,34D,,49130961,https://www.zigbang.com/home/apt/items/49130961
2026-06-07 06:20:25,잠실래미안아이파크,송파구,신천동,월세,저,104.32,31.56,120000,320,12.0,41B,,48911516,https://www.zigbang.com/home/apt/items/48911516
2026-06-07 06:20:25,잠실래미안아이파크,송파구,신천동,전세,중,59.46,17.99,128000,0,12.8,27C,,48946348,https://www.zigbang.com/home/apt/items/48946348
2026-06-07 06:20:25,잠실래미안아이파크,송파구,신천동,전세,중,84.99,25.71,130000,0,13.0,34C,,48430033,https://www.zigbang.com/home/apt/items/48430033
2026-06-07 06:20:25,잠실래미안아이파크,송파구,신천동,전세,중,84.88,25.68,130000,0,13.0,34A,,48173727,https://www.zigbang.com/home/apt/items/48173727
2026-06-07 06:20:25,잠실래미안아이파크,송파구,신천동,전세,중,84.88,25.68,135000,0,13.5,34A,,49216396,https://www.zigbang.com/home/apt/items/49216396
2026-06-07 06:20:25,잠실래미안아이파크,송파구,신천동,전세,고,59.46,17.99,140000,0,14.0,27C,,48136617,https://www.zigbang.com/home/apt/items/48136617
2026-06-07 06:20:25,잠실래미안아이파크,송파구,신천동,월세,중,118,35.69,140000,320,14.0,46B,,47052535,https://www.zigbang.com/home/apt/items/47052535
2026-06-07 06:20:25,잠실래미안아이파크,송파구,신천동,전세,중,59.45,17.98,140000,0,14.0,26B,,47925996,https://www.zigbang.com/home/apt/items/47925996
2026-06-07 06:20:25,잠실래미안아이파크,송파구,신천동,전세,고,84.88,25.68,140000,0,14.0,34A,,47340488,https://www.zigbang.com/home/apt/items/47340488
2026-06-07 06:20:25,잠실래미안아이파크,송파구,신천동,전세,중,84.96,25.7,150000,0,15.0,34D,,48975392,https://www.zigbang.com/home/apt/items/48975392
2026-06-07 06:20:25,잠실래미안아이파크,송파구,신천동,전세,고,74.94,22.67,160000,0,16.0,32B,,49214672,https://www.zigbang.com/home/apt/items/49214672
2026-06-07 06:20:25,잠실래미안아이파크,송파구,신천동,전세,중,104.24,31.53,160000,0,16.0,41D,,46940895,https://www.zigbang.com/home/apt/items/46940895
2026-06-07 06:20:25,잠실래미안아이파크,송파구,신천동,전세,저,129.96,39.31,160000,0,16.0,50B,,48173740,https://www.zigbang.com/home/apt/items/48173740
2026-06-07 06:20:25,잠실래미안아이파크,송파구,신천동,전세,저,84.88,25.68,170000,0,17.0,34A,,48871449,https://www.zigbang.com/home/apt/items/48871449
2026-06-07 06:20:25,잠실래미안아이파크,송파구,신천동,전세,중,104.32,31.56,170000,0,17.0,41A,,48249538,https://www.zigbang.com/home/apt/items/48249538
2026-06-07 06:20:25,잠실래미안아이파크,송파구,신천동,월세,고,129.96,39.31,180000,360,18.0,50B,,49109404,https://www.zigbang.com/home/apt/items/49109404
2026-06-07 06:20:25,잠실래미안아이파크,송파구,신천동,전세,저,118,35.69,180000,0,18.0,46C,,48430038,https://www.zigbang.com/home/apt/items/48430038
2026-06-07 06:20:25,잠실래미안아이파크,송파구,신천동,전세,19,129.96,39.31,190000,0,19.0,50B,,223526,https://www.zigbang.com/home/apt/items/223526
2026-06-07 06:20:25,잠실래미안아이파크,송파구,신천동,월세,고,118,35.69,190000,100,19.0,46C,,48948774,https://www.zigbang.com/home/apt/items/48948774
2026-06-07 06:20:25,잠실래미안아이파크,송파구,신천동,전세,저,157.92,47.77,200000,0,20.0,62B,,49023793,https://www.zigbang.com/home/apt/items/49023793
2026-06-07 06:20:25,잠실래미안아이파크,송파구,신천동,전세,저,157.92,47.77,200000,0,20.0,62B,,49023789,https://www.zigbang.com/home/apt/items/49023789
2026-06-07 06:20:25,잠실래미안아이파크,송파구,신천동,전세,고,104.24,31.53,200000,0,20.0,41D,,49128806,https://www.zigbang.com/home/apt/items/49128806
2026-06-07 06:20:25,잠실래미안아이파크,송파구,신천동,전세,고,129.97,39.32,200000,0,20.0,50A,,47383532,https://www.zigbang.com/home/apt/items/47383532
2026-06-07 06:20:25,잠실래미안아이파크,송파구,신천동,전세,중,118,35.69,210000,0,21.0,46C,,48947162,https://www.zigbang.com/home/apt/items/48947162
2026-06-07 06:20:25,잠실래미안아이파크,송파구,신천동,전세,저,157.92,47.77,220000,0,22.0,62A,,48879626,https://www.zigbang.com/home/apt/items/48879626
2026-06-07 06:20:25,잠실래미안아이파크,송파구,신천동,전세,저,157.92,47.77,220000,0,22.0,62B,,48864721,https://www.zigbang.com/home/apt/items/48864721
2026-06-07 06:20:25,잠실래미안아이파크,송파구,신천동,전세,고,129.96,39.31,230000,0,23.0,50C,,49023718,https://www.zigbang.com/home/apt/items/49023718
2026-06-07 06:20:25,잠실래미안아이파크,송파구,신천동,전세,중,118,35.69,230000,0,23.0,46C,,48884732,https://www.zigbang.com/home/apt/items/48884732
2026-06-07 06:20:25,잠실래미안아이파크,송파구,신천동,전세,중,129.96,39.31,230000,0,23.0,50B,,49166228,https://www.zigbang.com/home/apt/items/49166228
2026-06-07 06:20:25,잠실래미안아이파크,송파구,신천동,전세,고,118,35.69,230000,0,23.0,46C,,48430063,https://www.zigbang.com/home/apt/items/48430063
2026-06-07 06:20:25,잠실래미안아이파크,송파구,신천동,전세,저,118,35.69,235000,0,23.5,46B,,49216397,https://www.zigbang.com/home/apt/items/49216397
2026-06-07 06:20:25,잠실래미안아이파크,송파구,신천동,매매,12,43.73,13.23,237000,0,23.7,21,,48862085,https://www.zigbang.com/home/apt/items/48862085
2026-06-07 06:20:25,잠실래미안아이파크,송파구,신천동,전세,중,129.96,39.31,240000,0,24.0,50B,,48865669,https://www.zigbang.com/home/apt/items/48865669
2026-06-07 06:20:25,잠실래미안아이파크,송파구,신천동,매매,중,43.73,13.23,245000,0,24.5,21,,49011465,https://www.zigbang.com/home/apt/items/49011465
2026-06-07 06:20:25,잠실래미안아이파크,송파구,신천동,월세,고,157.92,47.77,250000,400,25.0,62B,,49118175,https://www.zigbang.com/home/apt/items/49118175
2026-06-07 06:20:25,잠실래미안아이파크,송파구,신천동,매매,중,43.73,13.23,255000,0,25.5,21,,48959056,https://www.zigbang.com/home/apt/items/48959056
2026-06-07 06:20:25,잠실래미안아이파크,송파구,신천동,전세,고,129.96,39.31,270000,0,27.0,50B,,49108362,https://www.zigbang.com/home/apt/items/49108362
2026-06-07 06:20:25,잠실래미안아이파크,송파구,신천동,전세,중,129.96,39.31,300000,0,30.0,50C,,49023702,https://www.zigbang.com/home/apt/items/49023702
2026-06-07 06:20:25,잠실래미안아이파크,송파구,신천동,전세,4,157.92,47.77,300000,0,30.0,62A,,48860265,https://www.zigbang.com/home/apt/items/48860265
2026-06-07 06:20:25,잠실래미안아이파크,송파구,신천동,매매,중,59.46,17.99,325000,0,32.5,27C,,48903357,https://www.zigbang.com/home/apt/items/48903357
2026-06-07 06:20:25,잠실래미안아이파크,송파구,신천동,전세,중,157.92,47.77,330000,0,33.0,62B,,48496222,https://www.zigbang.com/home/apt/items/48496222
2026-06-07 06:20:25,잠실래미안아이파크,송파구,신천동,전세,고,157.92,47.77,350000,0,35.0,62B,,49118163,https://www.zigbang.com/home/apt/items/49118163
2026-06-07 06:20:25,잠실래미안아이파크,송파구,신천동,매매,중,74.96,22.68,360000,0,36.0,32A,,49011468,https://www.zigbang.com/home/apt/items/49011468
2026-06-07 06:20:25,잠실래미안아이파크,송파구,신천동,매매,고,74.96,22.68,380000,0,38.0,32A,,49234884,https://www.zigbang.com/home/apt/items/49234884
2026-06-07 06:20:25,잠실래미안아이파크,송파구,신천동,매매,중,84.99,25.71,420000,0,42.0,34C,,49234847,https://www.zigbang.com/home/apt/items/49234847
2026-06-07 06:20:25,잠실래미안아이파크,송파구,신천동,매매,중,84.99,25.71,420000,0,42.0,34C,,48954004,https://www.zigbang.com/home/apt/items/48954004
2026-06-07 06:20:25,잠실래미안아이파크,송파구,신천동,매매,중,84.88,25.68,420000,0,42.0,34A,,48885708,https://www.zigbang.com/home/apt/items/48885708
2026-06-07 06:20:25,잠실래미안아이파크,송파구,신천동,매매,고,84.99,25.71,420000,0,42.0,34B,,48879467,https://www.zigbang.com/home/apt/items/48879467
2026-06-07 06:20:25,잠실래미안아이파크,송파구,신천동,매매,고,84.88,25.68,420000,0,42.0,34A,,48854966,https://www.zigbang.com/home/apt/items/48854966
2026-06-07 06:20:25,잠실래미안아이파크,송파구,신천동,매매,중,84.99,25.71,420000,0,42.0,34B,,49011474,https://www.zigbang.com/home/apt/items/49011474
2026-06-07 06:20:25,잠실래미안아이파크,송파구,신천동,매매,저,84.88,25.68,430000,0,43.0,34A,,48430051,https://www.zigbang.com/home/apt/items/48430051
2026-06-07 06:20:25,잠실래미안아이파크,송파구,신천동,매매,고,84.88,25.68,450000,0,45.0,34A,,48929366,https://www.zigbang.com/home/apt/items/48929366
2026-06-07 06:20:25,잠실래미안아이파크,송파구,신천동,매매,고,84.99,25.71,450000,0,45.0,34C,,48874881,https://www.zigbang.com/home/apt/items/48874881
2026-06-07 06:20:25,잠실래미안아이파크,송파구,신천동,매매,중,84.88,25.68,460000,0,46.0,34A,,49023801,https://www.zigbang.com/home/apt/items/49023801
2026-06-07 06:20:25,잠실래미안아이파크,송파구,신천동,매매,중,104.24,31.53,500000,0,50.0,41D,,48864461,https://www.zigbang.com/home/apt/items/48864461
2026-06-07 06:20:25,잠실래미안아이파크,송파구,신천동,매매,중,104.32,31.56,550000,0,55.0,41C,,49183902,https://www.zigbang.com/home/apt/items/49183902
2026-06-07 06:20:25,잠실래미안아이파크,송파구,신천동,매매,중,104.32,31.56,550000,0,55.0,41C,,49171260,https://www.zigbang.com/home/apt/items/49171260
2026-06-07 06:20:25,잠실래미안아이파크,송파구,신천동,매매,저,129.96,39.31,550000,0,55.0,50B,,48804014,https://www.zigbang.com/home/apt/items/48804014
2026-06-07 06:20:25,잠실래미안아이파크,송파구,신천동,매매,저,129.96,39.31,560000,0,56.0,50B,,49170172,https://www.zigbang.com/home/apt/items/49170172
2026-06-07 06:20:25,잠실래미안아이파크,송파구,신천동,매매,저,118,35.69,560000,0,56.0,46C,,49023750,https://www.zigbang.com/home/apt/items/49023750
2026-06-07 06:20:25,잠실래미안아이파크,송파구,신천동,매매,저,118,35.69,580000,0,58.0,46B,,48879197,https://www.zigbang.com/home/apt/items/48879197
2026-06-07 06:20:25,잠실래미안아이파크,송파구,신천동,매매,저,157.92,47.77,620000,0,62.0,62A,,49166874,https://www.zigbang.com/home/apt/items/49166874
2026-06-07 06:20:25,잠실래미안아이파크,송파구,신천동,매매,중,157.92,47.77,630000,0,63.0,62A,,47386979,https://www.zigbang.com/home/apt/items/47386979
2026-06-07 06:20:25,잠실래미안아이파크,송파구,신천동,매매,저,157.92,47.77,650000,0,65.0,62B,,49169884,https://www.zigbang.com/home/apt/items/49169884
2026-06-07 06:20:25,잠실래미안아이파크,송파구,신천동,매매,저,157.92,47.77,650000,0,65.0,62B,,48923619,https://www.zigbang.com/home/apt/items/48923619
2026-06-07 06:20:25,잠실래미안아이파크,송파구,신천동,매매,저,157.92,47.77,675000,0,67.5,62A,,49209603,https://www.zigbang.com/home/apt/items/49209603
2026-06-07 06:20:25,잠실래미안아이파크,송파구,신천동,매매,저,157.92,47.77,750000,0,75.0,62A,,49023672,https://www.zigbang.com/home/apt/items/49023672
2026-06-07 06:20:25,잠실래미안아이파크,송파구,신천동,매매,고,157.92,47.77,790000,0,79.0,62A,,48879079,https://www.zigbang.com/home/apt/items/48879079
2026-06-07 06:20:25,잠실래미안아이파크,송파구,신천동,매매,고,157.92,47.77,790000,0,79.0,62B,,49118142,https://www.zigbang.com/home/apt/items/49118142
2026-06-07 06:20:25,잠실롯데캐슬골드,송파구,신천동,월세,고,244.93,74.09,60000,600,6.0,95B,,49238267,https://www.zigbang.com/home/apt/items/49238267
2026-06-07 06:20:25,잠실롯데캐슬골드,송파구,신천동,월세,고,203.26,61.49,90000,540,9.0,79,,49213811,https://www.zigbang.com/home/apt/items/49213811
2026-06-07 06:20:25,잠실롯데캐슬골드,송파구,신천동,월세,고,209.4,63.34,90000,550,9.0,81A,,49211859,https://www.zigbang.com/home/apt/items/49211859
2026-06-07 06:20:25,잠실롯데캐슬골드,송파구,신천동,월세,고,170.24,51.5,100000,490,10.0,66,,49212471,https://www.zigbang.com/home/apt/items/49212471
2026-06-07 06:20:25,잠실롯데캐슬골드,송파구,신천동,전세,중,148.15,44.82,140000,0,14.0,57,,49182509,https://www.zigbang.com/home/apt/items/49182509
2026-06-07 06:20:25,잠실롯데캐슬골드,송파구,신천동,전세,중,166.7,50.43,149000,0,14.9,65A,,49182562,https://www.zigbang.com/home/apt/items/49182562
2026-06-07 06:20:25,잠실롯데캐슬골드,송파구,신천동,전세,중,166.7,50.43,150000,0,15.0,65A,,49061657,https://www.zigbang.com/home/apt/items/49061657
2026-06-07 06:20:25,잠실롯데캐슬골드,송파구,신천동,전세,고,243.4,73.63,450000,0,45.0,94,,47526595,https://www.zigbang.com/home/apt/items/47526595
2026-06-07 06:20:25,잠실롯데캐슬골드,송파구,신천동,매매,고,187.65,56.76,620000,0,62.0,73,,48346565,https://www.zigbang.com/home/apt/items/48346565
2026-06-07 06:20:25,잠실르엘,송파구,신천동,월세,중,59.87,18.11,10000,500,1.0,25A,,48835778,https://www.zigbang.com/home/apt/items/48835778
2026-06-07 06:20:25,잠실르엘,송파구,신천동,월세,저,106.82,32.31,10000,750,1.0,42,,46707767,https://www.zigbang.com/home/apt/items/46707767
2026-06-07 06:20:25,잠실르엘,송파구,신천동,월세,중,51.9095,15.7,15000,380,1.5,23,,48260807,https://www.zigbang.com/home/apt/items/48260807
2026-06-07 06:20:25,잠실르엘,송파구,신천동,월세,중,84.81,25.65,20000,680,2.0,33B,,49023832,https://www.zigbang.com/home/apt/items/49023832
2026-06-07 06:20:25,잠실르엘,송파구,신천동,월세,중,84.81,25.65,20000,630,2.0,33B,,48953426,https://www.zigbang.com/home/apt/items/48953426
2026-06-07 06:20:25,잠실르엘,송파구,신천동,월세,고,74.2804,22.47,20000,380,2.0,30B,,48360376,https://www.zigbang.com/home/apt/items/48360376
2026-06-07 06:20:25,잠실르엘,송파구,신천동,월세,중,95.07,28.76,20000,540,2.0,37,,47448052,https://www.zigbang.com/home/apt/items/47448052
2026-06-07 06:20:25,잠실르엘,송파구,신천동,월세,중,59.87,18.11,20000,340,2.0,25A,,47243097,https://www.zigbang.com/home/apt/items/47243097
2026-06-07 06:20:25,잠실르엘,송파구,신천동,월세,저,51.9095,15.7,30000,380,3.0,23,,49023880,https://www.zigbang.com/home/apt/items/49023880
2026-06-07 06:20:25,잠실르엘,송파구,신천동,월세,중,51.9095,15.7,30000,360,3.0,23,,48953240,https://www.zigbang.com/home/apt/items/48953240
2026-06-07 06:20:25,잠실르엘,송파구,신천동,월세,중,59.87,18.11,30000,360,3.0,25A,,47340391,https://www.zigbang.com/home/apt/items/47340391
2026-06-07 06:20:25,잠실르엘,송파구,신천동,월세,고,45.967,13.9,40000,250,4.0,20,,48173747,https://www.zigbang.com/home/apt/items/48173747
2026-06-07 06:20:25,잠실르엘,송파구,신천동,월세,중,95.07,28.76,50000,460,5.0,37,,48173735,https://www.zigbang.com/home/apt/items/48173735
2026-06-07 06:20:25,잠실르엘,송파구,신천동,월세,고,59.87,18.11,50000,240,5.0,25A,,47713718,https://www.zigbang.com/home/apt/items/47713718
2026-06-07 06:20:25,잠실르엘,송파구,신천동,월세,고,74.2804,22.47,50000,280,5.0,30B,,47340543,https://www.zigbang.com/home/apt/items/47340543
2026-06-07 06:20:25,잠실르엘,송파구,신천동,월세,중,84.87,25.67,50000,420,5.0,33A,,47340414,https://www.zigbang.com/home/apt/items/47340414
2026-06-07 06:20:25,잠실르엘,송파구,신천동,월세,중,59.8151,18.09,50000,320,5.0,25B,,46627990,https://www.zigbang.com/home/apt/items/46627990
2026-06-07 06:20:25,잠실르엘,송파구,신천동,월세,중,59.87,18.11,60000,260,6.0,25A,,47233171,https://www.zigbang.com/home/apt/items/47233171
2026-06-07 06:20:25,잠실르엘,송파구,신천동,월세,중,74.2804,22.47,60000,240,6.0,30B,,48260721,https://www.zigbang.com/home/apt/items/48260721
2026-06-07 06:20:25,잠실르엘,송파구,신천동,월세,중,59.87,18.11,60000,180,6.0,25A,,47340399,https://www.zigbang.com/home/apt/items/47340399
2026-06-07 06:20:25,잠실르엘,송파구,신천동,월세,저,59.87,18.11,70000,180,7.0,25A,,47815425,https://www.zigbang.com/home/apt/items/47815425
2026-06-07 06:20:25,잠실르엘,송파구,신천동,월세,중,84.83,25.66,70000,280,7.0,33C,,47604163,https://www.zigbang.com/home/apt/items/47604163
2026-06-07 06:20:25,잠실르엘,송파구,신천동,월세,고,74.2804,22.47,70000,300,7.0,30B,,47340440,https://www.zigbang.com/home/apt/items/47340440
2026-06-07 06:20:25,잠실르엘,송파구,신천동,월세,중,74.2804,22.47,90000,220,9.0,30B,,47901442,https://www.zigbang.com/home/apt/items/47901442
2026-06-07 06:20:25,잠실르엘,송파구,신천동,월세,저,59.87,18.11,90000,100,9.0,25A,,47815195,https://www.zigbang.com/home/apt/items/47815195
2026-06-07 06:20:25,잠실르엘,송파구,신천동,월세,저,84.83,25.66,100000,200,10.0,33C,,48990204,https://www.zigbang.com/home/apt/items/48990204
2026-06-07 06:20:25,잠실르엘,송파구,신천동,월세,저,84.83,25.66,100000,200,10.0,33C,,48929089,https://www.zigbang.com/home/apt/items/48929089
2026-06-07 06:20:25,잠실르엘,송파구,신천동,월세,중,74.2804,22.47,100000,220,10.0,30B,,49244941,https://www.zigbang.com/home/apt/items/49244941
2026-06-07 06:20:25,잠실르엘,송파구,신천동,월세,저,106.82,32.31,100000,250,10.0,42,,48173744,https://www.zigbang.com/home/apt/items/48173744
2026-06-07 06:20:25,잠실르엘,송파구,신천동,전세,중,59.87,18.11,108000,0,10.8,25A,,47384114,https://www.zigbang.com/home/apt/items/47384114
2026-06-07 06:20:25,잠실르엘,송파구,신천동,전세,중,51.9095,15.7,113000,0,11.3,23,,47870608,https://www.zigbang.com/home/apt/items/47870608
2026-06-07 06:20:25,잠실르엘,송파구,신천동,전세,중,51.9095,15.7,120000,0,12.0,23,,46940963,https://www.zigbang.com/home/apt/items/46940963
2026-06-07 06:20:25,잠실르엘,송파구,신천동,월세,중,84.83,25.66,120000,220,12.0,33C,,49136204,https://www.zigbang.com/home/apt/items/49136204
2026-06-07 06:20:25,잠실르엘,송파구,신천동,월세,저,106.82,32.31,130000,360,13.0,42,,47384072,https://www.zigbang.com/home/apt/items/47384072
2026-06-07 06:20:25,잠실르엘,송파구,신천동,전세,중,74.37,22.5,135000,0,13.5,30A,,48885786,https://www.zigbang.com/home/apt/items/48885786
2026-06-07 06:20:25,잠실르엘,송파구,신천동,전세,중,74.37,22.5,135000,0,13.5,30A,,48695471,https://www.zigbang.com/home/apt/items/48695471
2026-06-07 06:20:25,잠실르엘,송파구,신천동,전세,고,74.2804,22.47,135000,0,13.5,30B,,49023870,https://www.zigbang.com/home/apt/items/49023870
2026-06-07 06:20:25,잠실르엘,송파구,신천동,전세,중,59.87,18.11,135000,0,13.5,25A,,48948853,https://www.zigbang.com/home/apt/items/48948853
2026-06-07 06:20:25,잠실르엘,송파구,신천동,전세,중,84.87,25.67,137000,0,13.7,33A,,47926002,https://www.zigbang.com/home/apt/items/47926002
2026-06-07 06:20:25,잠실르엘,송파구,신천동,전세,중,84.83,25.66,137000,0,13.7,33C,,47604166,https://www.zigbang.com/home/apt/items/47604166
2026-06-07 06:20:25,잠실르엘,송파구,신천동,월세,고,84.83,25.66,140000,160,14.0,33C,,47192018,https://www.zigbang.com/home/apt/items/47192018
2026-06-07 06:20:25,잠실르엘,송파구,신천동,전세,중,74.2804,22.47,140000,0,14.0,30B,,49023864,https://www.zigbang.com/home/apt/items/49023864
2026-06-07 06:20:25,잠실르엘,송파구,신천동,전세,고,59.87,18.11,145000,0,14.5,25A,,49136486,https://www.zigbang.com/home/apt/items/49136486
2026-06-07 06:20:25,잠실르엘,송파구,신천동,전세,중,59.87,18.11,150000,0,15.0,25A,,49060220,https://www.zigbang.com/home/apt/items/49060220
2026-06-07 06:20:25,잠실르엘,송파구,신천동,전세,저,59.87,18.11,150000,0,15.0,25A,,49024003,https://www.zigbang.com/home/apt/items/49024003
2026-06-07 06:20:25,잠실르엘,송파구,신천동,월세,고,126.16,38.16,170000,520,17.0,50,,48993735,https://www.zigbang.com/home/apt/items/48993735
2026-06-07 06:20:25,잠실르엘,송파구,신천동,전세,저,95.07,28.76,170000,0,17.0,37,,48974160,https://www.zigbang.com/home/apt/items/48974160
2026-06-07 06:20:25,잠실르엘,송파구,신천동,전세,저,95.07,28.76,170000,0,17.0,37,,48953598,https://www.zigbang.com/home/apt/items/48953598
2026-06-07 06:20:25,잠실르엘,송파구,신천동,전세,고,84.87,25.67,170000,0,17.0,33A,,48940366,https://www.zigbang.com/home/apt/items/48940366
2026-06-07 06:20:25,잠실르엘,송파구,신천동,전세,저,84.83,25.66,170000,0,17.0,33C,,49155098,https://www.zigbang.com/home/apt/items/49155098
2026-06-07 06:20:25,잠실르엘,송파구,신천동,전세,중,84.83,25.66,175000,0,17.5,33C,,48940146,https://www.zigbang.com/home/apt/items/48940146
2026-06-07 06:20:25,잠실르엘,송파구,신천동,월세,중,95.07,28.76,180000,100,18.0,37,,48963350,https://www.zigbang.com/home/apt/items/48963350
2026-06-07 06:20:25,잠실르엘,송파구,신천동,월세,저,126.16,38.16,180000,320,18.0,50,,49216399,https://www.zigbang.com/home/apt/items/49216399
2026-06-07 06:20:25,잠실르엘,송파구,신천동,전세,고,84.83,25.66,185000,0,18.5,33C,,49238576,https://www.zigbang.com/home/apt/items/49238576
2026-06-07 06:20:25,잠실르엘,송파구,신천동,전세,중,84.81,25.65,190000,0,19.0,33B,,49222836,https://www.zigbang.com/home/apt/items/49222836
2026-06-07 06:20:25,잠실르엘,송파구,신천동,전세,중,84.81,25.65,190000,0,19.0,33B,,49069883,https://www.zigbang.com/home/apt/items/49069883
2026-06-07 06:20:25,잠실르엘,송파구,신천동,전세,고,95.07,28.76,195000,0,19.5,37,,48738010,https://www.zigbang.com/home/apt/items/48738010
2026-06-07 06:20:25,잠실르엘,송파구,신천동,월세,중,126.16,38.16,200000,400,20.0,50,,49246170,https://www.zigbang.com/home/apt/items/49246170
2026-06-07 06:20:25,잠실르엘,송파구,신천동,월세,중,126.16,38.16,200000,400,20.0,50,,49244977,https://www.zigbang.com/home/apt/items/49244977
2026-06-07 06:20:25,잠실르엘,송파구,신천동,전세,중,95.07,28.76,200000,0,20.0,37,,48921484,https://www.zigbang.com/home/apt/items/48921484
2026-06-07 06:20:25,잠실르엘,송파구,신천동,전세,고,145.55,44.03,220000,0,22.0,57,,48483361,https://www.zigbang.com/home/apt/items/48483361
2026-06-07 06:20:25,잠실르엘,송파구,신천동,전세,중,106.82,32.31,225000,0,22.5,42,,49023992,https://www.zigbang.com/home/apt/items/49023992
2026-06-07 06:20:25,잠실르엘,송파구,신천동,전세,중,84.83,25.66,230000,0,23.0,33C,,48953313,https://www.zigbang.com/home/apt/items/48953313
2026-06-07 06:20:25,잠실르엘,송파구,신천동,전세,중,126.16,38.16,230000,0,23.0,50,,47958154,https://www.zigbang.com/home/apt/items/47958154
2026-06-07 06:20:25,잠실르엘,송파구,신천동,전세,저,106.82,32.31,240000,0,24.0,42,,49246375,https://www.zigbang.com/home/apt/items/49246375
2026-06-07 06:20:25,잠실르엘,송파구,신천동,전세,저,106.82,32.31,240000,0,24.0,42,,49246233,https://www.zigbang.com/home/apt/items/49246233
2026-06-07 06:20:25,잠실르엘,송파구,신천동,전세,중,126.16,38.16,300000,0,30.0,50,,49094904,https://www.zigbang.com/home/apt/items/49094904
2026-06-07 06:20:25,잠실르엘,송파구,신천동,전세,고,126.16,38.16,300000,0,30.0,50,,49137824,https://www.zigbang.com/home/apt/items/49137824
2026-06-07 06:20:25,잠실르엘,송파구,신천동,전세,19,126.16,38.16,300000,0,30.0,50,,48986784,https://www.zigbang.com/home/apt/items/48986784
2026-06-07 06:20:25,잠실르엘,송파구,신천동,매매,중,51.9095,15.7,300000,0,30.0,23,,48765344,https://www.zigbang.com/home/apt/items/48765344
2026-06-07 06:20:25,잠실르엘,송파구,신천동,매매,저,59.8151,18.09,310000,0,31.0,25B,,49011441,https://www.zigbang.com/home/apt/items/49011441
2026-06-07 06:20:25,잠실르엘,송파구,신천동,매매,고,59.87,18.11,370000,0,37.0,25A,,48325398,https://www.zigbang.com/home/apt/items/48325398
2026-06-07 06:20:25,잠실르엘,송파구,신천동,매매,고,59.87,18.11,375000,0,37.5,25A,,49099066,https://www.zigbang.com/home/apt/items/49099066
2026-06-07 06:20:25,잠실르엘,송파구,신천동,전세,고,134.83,40.79,380000,0,38.0,53,,49139042,https://www.zigbang.com/home/apt/items/49139042
2026-06-07 06:20:25,잠실르엘,송파구,신천동,전세,고,129.6468,39.22,390000,0,39.0,52A,,49138334,https://www.zigbang.com/home/apt/items/49138334
2026-06-07 06:20:25,잠실르엘,송파구,신천동,매매,중,84.87,25.67,400000,0,40.0,33A,,48173741,https://www.zigbang.com/home/apt/items/48173741
2026-06-07 06:20:25,잠실르엘,송파구,신천동,매매,고,74.2804,22.47,410000,0,41.0,30B,,48799404,https://www.zigbang.com/home/apt/items/48799404
2026-06-07 06:20:25,잠실르엘,송파구,신천동,매매,고,74.2804,22.47,410000,0,41.0,30B,,49011445,https://www.zigbang.com/home/apt/items/49011445
2026-06-07 06:20:25,잠실르엘,송파구,신천동,매매,저,74.2804,22.47,430000,0,43.0,30B,,47782996,https://www.zigbang.com/home/apt/items/47782996
2026-06-07 06:20:25,잠실르엘,송파구,신천동,매매,고,84.83,25.66,440000,0,44.0,33C,,49011456,https://www.zigbang.com/home/apt/items/49011456
2026-06-07 06:20:25,잠실르엘,송파구,신천동,매매,중,84.83,25.66,450000,0,45.0,33C,,48861606,https://www.zigbang.com/home/apt/items/48861606
2026-06-07 06:20:25,잠실르엘,송파구,신천동,매매,중,84.87,25.67,465000,0,46.5,33A,,49141436,https://www.zigbang.com/home/apt/items/49141436
2026-06-07 06:20:25,잠실르엘,송파구,신천동,매매,중,84.87,25.67,470000,0,47.0,33A,,49208688,https://www.zigbang.com/home/apt/items/49208688
2026-06-07 06:20:25,잠실르엘,송파구,신천동,매매,중,84.87,25.67,470000,0,47.0,33A,,48433764,https://www.zigbang.com/home/apt/items/48433764
2026-06-07 06:20:25,잠실르엘,송파구,신천동,매매,저,84.81,25.65,480000,0,48.0,33B,,48749575,https://www.zigbang.com/home/apt/items/48749575
2026-06-07 06:20:25,잠실르엘,송파구,신천동,매매,저,106.82,32.31,485000,0,48.5,42,,49233265,https://www.zigbang.com/home/apt/items/49233265
2026-06-07 06:20:25,잠실르엘,송파구,신천동,매매,저,106.82,32.31,520000,0,52.0,42,,48861686,https://www.zigbang.com/home/apt/items/48861686
2026-06-07 06:20:25,잠실르엘,송파구,신천동,매매,저,106.82,32.31,520000,0,52.0,42,,48757198,https://www.zigbang.com/home/apt/items/48757198
2026-06-07 06:20:25,잠실르엘,송파구,신천동,매매,저,106.82,32.31,520000,0,52.0,42,,48666630,https://www.zigbang.com/home/apt/items/48666630
2026-06-07 06:20:25,잠실르엘,송파구,신천동,매매,고,84.83,25.66,520000,0,52.0,33C,,47793194,https://www.zigbang.com/home/apt/items/47793194
2026-06-07 06:20:25,잠실르엘,송파구,신천동,매매,중,84.81,25.65,530000,0,53.0,33B,,49182518,https://www.zigbang.com/home/apt/items/49182518
2026-06-07 06:20:25,잠실르엘,송파구,신천동,매매,저,106.82,32.31,540000,0,54.0,42,,48861968,https://www.zigbang.com/home/apt/items/48861968
2026-06-07 06:20:25,잠실르엘,송파구,신천동,월세,고,145.55,44.03,550000,200,55.0,57,,47984039,https://www.zigbang.com/home/apt/items/47984039
2026-06-07 06:20:25,잠실르엘,송파구,신천동,매매,고,95.07,28.76,600000,0,60.0,37,,49209776,https://www.zigbang.com/home/apt/items/49209776
2026-06-07 06:20:25,잠실르엘,송파구,신천동,매매,33,129.6468,39.22,950000,0,95.0,52A,,49119645,https://www.zigbang.com/home/apt/items/49119645
2026-06-07 06:20:25,잠실르엘,송파구,신천동,매매,고,134.83,40.79,1170000,0,117.0,53,,48765221,https://www.zigbang.com/home/apt/items/48765221
2026-06-07 06:20:25,장미1차,송파구,신천동,월세,10,71.2,21.54,10000,240,1.0,28,,49176577,https://www.zigbang.com/home/apt/items/49176577
2026-06-07 06:20:25,장미1차,송파구,신천동,월세,중,120,36.3,10000,400,1.0,45,,48909027,https://www.zigbang.com/home/apt/items/48909027
2026-06-07 06:20:25,장미1차,송파구,신천동,월세,중,120,36.3,10000,360,1.0,45,,48167288,https://www.zigbang.com/home/apt/items/48167288
2026-06-07 06:20:25,장미1차,송파구,신천동,월세,중,120,36.3,10000,390,1.0,45,,49150547,https://www.zigbang.com/home/apt/items/49150547
2026-06-07 06:20:25,장미1차,송파구,신천동,월세,고,71.2,21.54,30000,160,3.0,28,,49204241,https://www.zigbang.com/home/apt/items/49204241
2026-06-07 06:20:25,장미1차,송파구,신천동,월세,2,71.2,21.54,55000,100,5.5,28,,49245006,https://www.zigbang.com/home/apt/items/49245006
2026-06-07 06:20:25,장미1차,송파구,신천동,전세,중,120,36.3,90000,0,9.0,45,,49262555,https://www.zigbang.com/home/apt/items/49262555
2026-06-07 06:20:25,장미1차,송파구,신천동,매매,저,71.2,21.54,300000,0,30.0,28,,48908934,https://www.zigbang.com/home/apt/items/48908934
2026-06-07 06:20:25,장미1차,송파구,신천동,매매,고,71.2,21.54,305000,0,30.5,28,,49258829,https://www.zigbang.com/home/apt/items/49258829
2026-06-07 06:20:25,장미1차,송파구,신천동,매매,저,71.2,21.54,307000,0,30.7,28,,49258023,https://www.zigbang.com/home/apt/items/49258023
2026-06-07 06:20:25,장미1차,송파구,신천동,매매,고,71.2,21.54,310000,0,31.0,28,,49259519,https://www.zigbang.com/home/apt/items/49259519
2026-06-07 06:20:25,장미1차,송파구,신천동,매매,4,71.2,21.54,310000,0,31.0,28,,49259462,https://www.zigbang.com/home/apt/items/49259462
2026-06-07 06:20:25,장미1차,송파구,신천동,매매,고,71.2,21.54,310000,0,31.0,28,,49258497,https://www.zigbang.com/home/apt/items/49258497
2026-06-07 06:20:25,장미1차,송파구,신천동,매매,고,82.45,24.94,320000,0,32.0,33,,48884916,https://www.zigbang.com/home/apt/items/48884916
2026-06-07 06:20:25,장미1차,송파구,신천동,매매,저,82.45,24.94,325000,0,32.5,33,,49261909,https://www.zigbang.com/home/apt/items/49261909
2026-06-07 06:20:25,장미1차,송파구,신천동,매매,고,82.45,24.94,330000,0,33.0,33,,49000154,https://www.zigbang.com/home/apt/items/49000154
2026-06-07 06:20:25,장미1차,송파구,신천동,매매,8,82.45,24.94,330000,0,33.0,33,,49259585,https://www.zigbang.com/home/apt/items/49259585
2026-06-07 06:20:25,장미1차,송파구,신천동,매매,저,99,29.95,360000,0,36.0,38,,48908889,https://www.zigbang.com/home/apt/items/48908889
2026-06-07 06:20:25,장미1차,송파구,신천동,매매,저,120,36.3,365000,0,36.5,45,,49258357,https://www.zigbang.com/home/apt/items/49258357
2026-06-07 06:20:25,장미1차,송파구,신천동,매매,저,120,36.3,380000,0,38.0,45,,47806471,https://www.zigbang.com/home/apt/items/47806471
2026-06-07 06:20:25,장미1차,송파구,신천동,매매,저,196.76,59.52,420000,0,42.0,64,,49175067,https://www.zigbang.com/home/apt/items/49175067
2026-06-07 06:20:25,장미1차,송파구,신천동,매매,중,174.55,52.8,420000,0,42.0,56,,48167129,https://www.zigbang.com/home/apt/items/48167129
2026-06-07 06:20:25,장미1차,송파구,신천동,매매,저,174.55,52.8,420000,0,42.0,56,,49262717,https://www.zigbang.com/home/apt/items/49262717
2026-06-07 06:20:25,장미1차,송파구,신천동,매매,저,196.76,59.52,450000,0,45.0,64,,49175124,https://www.zigbang.com/home/apt/items/49175124
2026-06-07 06:20:25,장미1차,송파구,신천동,매매,저,196.76,59.52,450000,0,45.0,64,,49258760,https://www.zigbang.com/home/apt/items/49258760
2026-06-07 06:20:25,장미1차,송파구,신천동,매매,고,196.76,59.52,480000,0,48.0,64,,48908959,https://www.zigbang.com/home/apt/items/48908959
2026-06-07 06:20:25,장미1차,송파구,신천동,매매,고,174.55,52.8,480000,0,48.0,56,,48423324,https://www.zigbang.com/home/apt/items/48423324
2026-06-07 06:20:25,장미1차,송파구,신천동,매매,고,196.76,59.52,480000,0,48.0,64,,47806524,https://www.zigbang.com/home/apt/items/47806524
2026-06-07 06:20:25,장미1차,송파구,신천동,매매,중,196.76,59.52,500000,0,50.0,64,,49262825,https://www.zigbang.com/home/apt/items/49262825
2026-06-07 06:20:25,장미1차,송파구,신천동,매매,고,196.76,59.52,500000,0,50.0,64,,49258672,https://www.zigbang.com/home/apt/items/49258672
2026-06-07 06:20:25,장미2차,송파구,신천동,월세,중,86.25,26.09,10000,250,1.0,28A,,48590619,https://www.zigbang.com/home/apt/items/48590619
2026-06-07 06:20:25,장미2차,송파구,신천동,월세,중,86.25,26.09,10000,250,1.0,28A,,49150586,https://www.zigbang.com/home/apt/items/49150586
2026-06-07 06:20:25,장미2차,송파구,신천동,월세,저,101.98,30.85,60000,100,6.0,33B,,49144018,https://www.zigbang.com/home/apt/items/49144018
2026-06-07 06:20:25,장미2차,송파구,신천동,전세,저,101.98,30.85,80000,0,8.0,33B,,49268865,https://www.zigbang.com/home/apt/items/49268865
2026-06-07 06:20:25,장미2차,송파구,신천동,매매,13,86.41,26.14,300000,0,30.0,28B,,48855213,https://www.zigbang.com/home/apt/items/48855213
2026-06-07 06:20:25,장미2차,송파구,신천동,매매,3,101.02,30.56,325000,0,32.5,33A,,48901660,https://www.zigbang.com/home/apt/items/48901660
2026-06-07 06:20:25,장미2차,송파구,신천동,매매,7,101.02,30.56,330000,0,33.0,33A,,49267978,https://www.zigbang.com/home/apt/items/49267978
2026-06-07 06:20:25,장미2차,송파구,신천동,매매,저,101.02,30.56,330000,0,33.0,33A,,47821045,https://www.zigbang.com/home/apt/items/47821045
2026-06-07 06:20:25,장미2차,송파구,신천동,매매,고,118.41,35.82,340000,0,34.0,38B,,48167225,https://www.zigbang.com/home/apt/items/48167225
2026-06-07 06:20:25,장미2차,송파구,신천동,매매,저,119.57,36.17,350000,0,35.0,39A,,49262085,https://www.zigbang.com/home/apt/items/49262085
2026-06-07 06:20:25,장미2차,송파구,신천동,매매,저,122.08,36.93,355000,0,35.5,40,,49258638,https://www.zigbang.com/home/apt/items/49258638
2026-06-07 06:20:25,장미2차,송파구,신천동,매매,저,118.41,35.82,360000,0,36.0,38B,,47805621,https://www.zigbang.com/home/apt/items/47805621
2026-06-07 06:20:25,장미2차,송파구,신천동,매매,중,118.41,35.82,360000,0,36.0,38C,,49262551,https://www.zigbang.com/home/apt/items/49262551
2026-06-07 06:20:25,장미2차,송파구,신천동,매매,4,118.41,35.82,360000,0,36.0,38C,,49262433,https://www.zigbang.com/home/apt/items/49262433
2026-06-07 06:20:25,장미3차,송파구,신천동,매매,5,134.16,40.58,380000,0,38.0,47,,48933707,https://www.zigbang.com/home/apt/items/48933707
2026-06-07 06:20:25,장미3차,송파구,신천동,매매,고,134.16,40.58,400000,0,40.0,47,,49258580,https://www.zigbang.com/home/apt/items/49258580
2026-06-07 06:20:25,파크리오,송파구,신천동,월세,저,84.9,25.68,10000,440,1.0,33C,,49243239,https://www.zigbang.com/home/apt/items/49243239
2026-06-07 06:20:25,파크리오,송파구,신천동,월세,중,35.24,10.66,10000,160,1.0,16,,49237959,https://www.zigbang.com/home/apt/items/49237959
2026-06-07 06:20:25,파크리오,송파구,신천동,월세,저,84.9,25.68,10000,420,1.0,33C,,49113898,https://www.zigbang.com/home/apt/items/49113898
2026-06-07 06:20:25,파크리오,송파구,신천동,월세,저,35.24,10.66,10000,165,1.0,16,,49059982,https://www.zigbang.com/home/apt/items/49059982
2026-06-07 06:20:25,파크리오,송파구,신천동,월세,고,84.79,25.65,10000,400,1.0,33B,,47986427,https://www.zigbang.com/home/apt/items/47986427
2026-06-07 06:20:25,파크리오,송파구,신천동,월세,중,84.79,25.65,30000,360,3.0,33B,,49259954,https://www.zigbang.com/home/apt/items/49259954
2026-06-07 06:20:25,파크리오,송파구,신천동,월세,중,84.79,25.65,35000,340,3.5,33B,,49251905,https://www.zigbang.com/home/apt/items/49251905
2026-06-07 06:20:25,파크리오,송파구,신천동,월세,중,84.9,25.68,50000,280,5.0,33C,,49032348,https://www.zigbang.com/home/apt/items/49032348
2026-06-07 06:20:25,파크리오,송파구,신천동,전세,저,35.24,10.66,60000,0,6.0,16,,48919450,https://www.zigbang.com/home/apt/items/48919450
2026-06-07 06:20:25,파크리오,송파구,신천동,전세,저,35.24,10.66,60000,0,6.0,16,,48652755,https://www.zigbang.com/home/apt/items/48652755
2026-06-07 06:20:25,파크리오,송파구,신천동,전세,고,35.24,10.66,60000,0,6.0,16,,48173745,https://www.zigbang.com/home/apt/items/48173745
2026-06-07 06:20:25,파크리오,송파구,신천동,전세,중,35.24,10.66,67000,0,6.7,16,,49218689,https://www.zigbang.com/home/apt/items/49218689
2026-06-07 06:20:25,파크리오,송파구,신천동,월세,고,121.63,36.79,70000,330,7.0,45,,49255999,https://www.zigbang.com/home/apt/items/49255999
2026-06-07 06:20:25,파크리오,송파구,신천동,월세,저,84.79,25.65,80000,200,8.0,33B,,49232881,https://www.zigbang.com/home/apt/items/49232881
2026-06-07 06:20:25,파크리오,송파구,신천동,월세,고,59.86,18.11,80000,100,8.0,26B,,49218309,https://www.zigbang.com/home/apt/items/49218309
2026-06-07 06:20:25,파크리오,송파구,신천동,월세,저,84.79,25.65,90000,150,9.0,33B,,49255929,https://www.zigbang.com/home/apt/items/49255929
2026-06-07 06:20:25,파크리오,송파구,신천동,월세,중,84.9,25.68,90000,160,9.0,33C,,49070411,https://www.zigbang.com/home/apt/items/49070411
2026-06-07 06:20:25,파크리오,송파구,신천동,월세,고,144.77,43.79,90000,330,9.0,53,,48951800,https://www.zigbang.com/home/apt/items/48951800
2026-06-07 06:20:25,파크리오,송파구,신천동,전세,중,59.95,18.13,105000,0,10.5,26A,,49050743,https://www.zigbang.com/home/apt/items/49050743
2026-06-07 06:20:25,파크리오,송파구,신천동,전세,중,59.95,18.13,110000,0,11.0,26A,,49217777,https://www.zigbang.com/home/apt/items/49217777
2026-06-07 06:20:25,파크리오,송파구,신천동,전세,고,84.79,25.65,115000,0,11.5,33B,,49023982,https://www.zigbang.com/home/apt/items/49023982
2026-06-07 06:20:25,파크리오,송파구,신천동,전세,중,84.9,25.68,120000,0,12.0,33C,,49193917,https://www.zigbang.com/home/apt/items/49193917
2026-06-07 06:20:25,파크리오,송파구,신천동,전세,고,84.9,25.68,120000,0,12.0,33C,,49070445,https://www.zigbang.com/home/apt/items/49070445
2026-06-07 06:20:25,파크리오,송파구,신천동,전세,중,84.79,25.65,125000,0,12.5,33B,,49188377,https://www.zigbang.com/home/apt/items/49188377
2026-06-07 06:20:25,파크리오,송파구,신천동,전세,고,84.9,25.68,125000,0,12.5,33C,,49182359,https://www.zigbang.com/home/apt/items/49182359
2026-06-07 06:20:25,파크리오,송파구,신천동,전세,저,84.79,25.65,130000,0,13.0,33B,,49210250,https://www.zigbang.com/home/apt/items/49210250
2026-06-07 06:20:25,파크리오,송파구,신천동,전세,중,84.9,25.68,130000,0,13.0,33C,,49194255,https://www.zigbang.com/home/apt/items/49194255
2026-06-07 06:20:25,파크리오,송파구,신천동,전세,저,84.79,25.65,130000,0,13.0,33B,,49168963,https://www.zigbang.com/home/apt/items/49168963
2026-06-07 06:20:25,파크리오,송파구,신천동,전세,고,84.9,25.68,130000,0,13.0,33C,,49245333,https://www.zigbang.com/home/apt/items/49245333
2026-06-07 06:20:25,파크리오,송파구,신천동,월세,중,144.77,43.79,140000,100,14.0,53,,49128858,https://www.zigbang.com/home/apt/items/49128858
2026-06-07 06:20:25,파크리오,송파구,신천동,매매,중,35.24,10.66,140000,0,14.0,16,,49128374,https://www.zigbang.com/home/apt/items/49128374
2026-06-07 06:20:25,파크리오,송파구,신천동,매매,중,35.24,10.66,142000,0,14.2,16,,48878715,https://www.zigbang.com/home/apt/items/48878715
2026-06-07 06:20:25,파크리오,송파구,신천동,전세,중,121.63,36.79,160000,0,16.0,45,,49115418,https://www.zigbang.com/home/apt/items/49115418
2026-06-07 06:20:25,파크리오,송파구,신천동,전세,저,144.77,43.79,160000,0,16.0,53,,49105465,https://www.zigbang.com/home/apt/items/49105465
2026-06-07 06:20:25,파크리오,송파구,신천동,전세,고,144.77,43.79,165000,0,16.5,53,,49000373,https://www.zigbang.com/home/apt/items/49000373
2026-06-07 06:20:25,파크리오,송파구,신천동,매매,저,59.95,18.13,254000,0,25.4,26A,,48779985,https://www.zigbang.com/home/apt/items/48779985
2026-06-07 06:20:25,파크리오,송파구,신천동,매매,저,59.86,18.11,254000,0,25.4,26B,,48657135,https://www.zigbang.com/home/apt/items/48657135
2026-06-07 06:20:25,파크리오,송파구,신천동,매매,저,59.95,18.13,265000,0,26.5,26A,,48845664,https://www.zigbang.com/home/apt/items/48845664
2026-06-07 06:20:25,파크리오,송파구,신천동,매매,고,59.95,18.13,270000,0,27.0,26A,,49228808,https://www.zigbang.com/home/apt/items/49228808
2026-06-07 06:20:25,파크리오,송파구,신천동,매매,고,59.95,18.13,275000,0,27.5,26A,,49228745,https://www.zigbang.com/home/apt/items/49228745
2026-06-07 06:20:25,파크리오,송파구,신천동,매매,고,59.86,18.11,275000,0,27.5,26B,,49055610,https://www.zigbang.com/home/apt/items/49055610
2026-06-07 06:20:25,파크리오,송파구,신천동,매매,저,59.64,18.04,280000,0,28.0,26C,,49212037,https://www.zigbang.com/home/apt/items/49212037
2026-06-07 06:20:25,파크리오,송파구,신천동,매매,중,59.95,18.13,280000,0,28.0,26A,,49120322,https://www.zigbang.com/home/apt/items/49120322
2026-06-07 06:20:25,파크리오,송파구,신천동,매매,중,59.86,18.11,280000,0,28.0,26B,,48641806,https://www.zigbang.com/home/apt/items/48641806
2026-06-07 06:20:25,파크리오,송파구,신천동,매매,저,59.64,18.04,280000,0,28.0,26C,,47897911,https://www.zigbang.com/home/apt/items/47897911
2026-06-07 06:20:25,파크리오,송파구,신천동,매매,저,59.64,18.04,280000,0,28.0,26C,,49023935,https://www.zigbang.com/home/apt/items/49023935
2026-06-07 06:20:25,파크리오,송파구,신천동,매매,중,59.86,18.11,285000,0,28.5,26B,,49228828,https://www.zigbang.com/home/apt/items/49228828
2026-06-07 06:20:25,파크리오,송파구,신천동,매매,고,59.95,18.13,285000,0,28.5,26A,,49034915,https://www.zigbang.com/home/apt/items/49034915
2026-06-07 06:20:25,파크리오,송파구,신천동,매매,저,84.9,25.68,289000,0,28.9,33C,,49202608,https://www.zigbang.com/home/apt/items/49202608
2026-06-07 06:20:25,파크리오,송파구,신천동,매매,저,84.9,25.68,290000,0,29.0,33C,,49035010,https://www.zigbang.com/home/apt/items/49035010
2026-06-07 06:20:25,파크리오,송파구,신천동,매매,저,84.79,25.65,290000,0,29.0,33B,,49023955,https://www.zigbang.com/home/apt/items/49023955
2026-06-07 06:20:25,파크리오,송파구,신천동,매매,중,84.79,25.65,293000,0,29.3,33B,,49026507,https://www.zigbang.com/home/apt/items/49026507
2026-06-07 06:20:25,파크리오,송파구,신천동,매매,저,84.79,25.65,295000,0,29.5,33B,,49243298,https://www.zigbang.com/home/apt/items/49243298
2026-06-07 06:20:25,파크리오,송파구,신천동,매매,저,84.79,25.65,295000,0,29.5,33B,,49241637,https://www.zigbang.com/home/apt/items/49241637
2026-06-07 06:20:25,파크리오,송파구,신천동,매매,중,84.79,25.65,295000,0,29.5,33B,,49193586,https://www.zigbang.com/home/apt/items/49193586
2026-06-07 06:20:25,파크리오,송파구,신천동,매매,중,84.79,25.65,295000,0,29.5,33B,,49075008,https://www.zigbang.com/home/apt/items/49075008
2026-06-07 06:20:25,파크리오,송파구,신천동,매매,중,84.79,25.65,295000,0,29.5,33B,,49052702,https://www.zigbang.com/home/apt/items/49052702
2026-06-07 06:20:25,파크리오,송파구,신천동,매매,중,84.9,25.68,295000,0,29.5,33C,,49034994,https://www.zigbang.com/home/apt/items/49034994
2026-06-07 06:20:25,파크리오,송파구,신천동,매매,중,84.79,25.65,295000,0,29.5,33B,,49034981,https://www.zigbang.com/home/apt/items/49034981
2026-06-07 06:20:25,파크리오,송파구,신천동,매매,저,84.9,25.68,295000,0,29.5,33C,,49000093,https://www.zigbang.com/home/apt/items/49000093
2026-06-07 06:20:25,파크리오,송파구,신천동,매매,저,84.79,25.65,295000,0,29.5,33B,,48946042,https://www.zigbang.com/home/apt/items/48946042
2026-06-07 06:20:25,파크리오,송파구,신천동,매매,저,84.79,25.65,295000,0,29.5,33B,,49023915,https://www.zigbang.com/home/apt/items/49023915
2026-06-07 06:20:25,파크리오,송파구,신천동,매매,중,84.79,25.65,295000,0,29.5,33B,,48593348,https://www.zigbang.com/home/apt/items/48593348
2026-06-07 06:20:25,파크리오,송파구,신천동,매매,고,84.9,25.68,295000,0,29.5,33C,,48290791,https://www.zigbang.com/home/apt/items/48290791
2026-06-07 06:20:25,파크리오,송파구,신천동,매매,중,84.9,25.68,295000,0,29.5,33C,,48290640,https://www.zigbang.com/home/apt/items/48290640
2026-06-07 06:20:25,파크리오,송파구,신천동,매매,저,84.79,25.65,295000,0,29.5,33B,,48290174,https://www.zigbang.com/home/apt/items/48290174
2026-06-07 06:20:25,파크리오,송파구,신천동,매매,고,84.9,25.68,295000,0,29.5,33C,,47746523,https://www.zigbang.com/home/apt/items/47746523
2026-06-07 06:20:25,파크리오,송파구,신천동,매매,중,84.79,25.65,295000,0,29.5,33B,,48657091,https://www.zigbang.com/home/apt/items/48657091
2026-06-07 06:20:25,파크리오,송파구,신천동,매매,저,84.9,25.68,298000,0,29.8,33C,,49194279,https://www.zigbang.com/home/apt/items/49194279
2026-06-07 06:20:25,파크리오,송파구,신천동,매매,고,84.9,25.68,298000,0,29.8,33C,,48996579,https://www.zigbang.com/home/apt/items/48996579
2026-06-07 06:20:25,파크리오,송파구,신천동,매매,고,84.9,25.68,298000,0,29.8,33C,,48945564,https://www.zigbang.com/home/apt/items/48945564
2026-06-07 06:20:25,파크리오,송파구,신천동,매매,저,84.79,25.65,300000,0,30.0,33B,,49174166,https://www.zigbang.com/home/apt/items/49174166
2026-06-07 06:20:25,파크리오,송파구,신천동,매매,중,84.79,25.65,300000,0,30.0,33B,,49128343,https://www.zigbang.com/home/apt/items/49128343
2026-06-07 06:20:25,파크리오,송파구,신천동,매매,중,84.79,25.65,300000,0,30.0,33B,,49128315,https://www.zigbang.com/home/apt/items/49128315
2026-06-07 06:20:25,파크리오,송파구,신천동,매매,저,84.79,25.65,300000,0,30.0,33B,,49052903,https://www.zigbang.com/home/apt/items/49052903
2026-06-07 06:20:25,파크리오,송파구,신천동,매매,중,84.9,25.68,300000,0,30.0,33C,,49035259,https://www.zigbang.com/home/apt/items/49035259
2026-06-07 06:20:25,파크리오,송파구,신천동,매매,중,84.79,25.65,300000,0,30.0,33B,,49035063,https://www.zigbang.com/home/apt/items/49035063
2026-06-07 06:20:25,파크리오,송파구,신천동,매매,저,84.79,25.65,300000,0,30.0,33B,,49035046,https://www.zigbang.com/home/apt/items/49035046
2026-06-07 06:20:25,파크리오,송파구,신천동,매매,고,84.79,25.65,300000,0,30.0,33B,,49013190,https://www.zigbang.com/home/apt/items/49013190
2026-06-07 06:20:25,파크리오,송파구,신천동,매매,중,84.79,25.65,300000,0,30.0,33B,,48946008,https://www.zigbang.com/home/apt/items/48946008
2026-06-07 06:20:25,파크리오,송파구,신천동,매매,고,84.79,25.65,300000,0,30.0,33B,,48897246,https://www.zigbang.com/home/apt/items/48897246
2026-06-07 06:20:25,파크리오,송파구,신천동,매매,14,84.9,25.68,300000,0,30.0,33C,,231424,https://www.zigbang.com/home/apt/items/231424
2026-06-07 06:20:25,파크리오,송파구,신천동,매매,중,84.79,25.65,305000,0,30.5,33B,,49035280,https://www.zigbang.com/home/apt/items/49035280
2026-06-07 06:20:25,파크리오,송파구,신천동,전세,저,84.79,25.65,305000,0,30.5,33B,,49139515,https://www.zigbang.com/home/apt/items/49139515
2026-06-07 06:20:25,파크리오,송파구,신천동,매매,고,84.79,25.65,309000,0,30.9,33B,,48649733,https://www.zigbang.com/home/apt/items/48649733
2026-06-07 06:20:25,파크리오,송파구,신천동,매매,중,84.79,25.65,310000,0,31.0,33B1,,49081680,https://www.zigbang.com/home/apt/items/49081680
2026-06-07 06:20:25,파크리오,송파구,신천동,매매,고,84.79,25.65,310000,0,31.0,33B,,49079403,https://www.zigbang.com/home/apt/items/49079403
2026-06-07 06:20:25,파크리오,송파구,신천동,매매,고,84.79,25.65,310000,0,31.0,33B,,49053087,https://www.zigbang.com/home/apt/items/49053087
2026-06-07 06:20:25,파크리오,송파구,신천동,매매,저,84.79,25.65,310000,0,31.0,33B,,49013142,https://www.zigbang.com/home/apt/items/49013142
2026-06-07 06:20:25,파크리오,송파구,신천동,매매,중,84.79,25.65,310000,0,31.0,33B,,48564059,https://www.zigbang.com/home/apt/items/48564059
2026-06-07 06:20:25,파크리오,송파구,신천동,매매,고,84.97,25.7,310000,0,31.0,33A,,48563835,https://www.zigbang.com/home/apt/items/48563835
2026-06-07 06:20:25,파크리오,송파구,신천동,매매,중,84.97,25.7,310000,0,31.0,33A,,48484079,https://www.zigbang.com/home/apt/items/48484079
2026-06-07 06:20:25,파크리오,송파구,신천동,매매,저,84.97,25.7,315000,0,31.5,33A,,49215292,https://www.zigbang.com/home/apt/items/49215292
2026-06-07 06:20:25,파크리오,송파구,신천동,매매,고,84.9,25.68,320000,0,32.0,33C,,49080166,https://www.zigbang.com/home/apt/items/49080166
2026-06-07 06:20:25,파크리오,송파구,신천동,매매,저,121.63,36.79,335000,0,33.5,45,,46833274,https://www.zigbang.com/home/apt/items/46833274
2026-06-07 06:20:25,파크리오,송파구,신천동,매매,저,144.77,43.79,340000,0,34.0,53,,48779327,https://www.zigbang.com/home/apt/items/48779327
2026-06-07 06:20:25,파크리오,송파구,신천동,매매,저,144.77,43.79,345000,0,34.5,53,,49128788,https://www.zigbang.com/home/apt/items/49128788
2026-06-07 06:20:25,파크리오,송파구,신천동,매매,고,121.63,36.79,350000,0,35.0,45,,48779975,https://www.zigbang.com/home/apt/items/48779975
2026-06-07 06:20:25,파크리오,송파구,신천동,매매,중,121.63,36.79,355000,0,35.5,45,,49186435,https://www.zigbang.com/home/apt/items/49186435
2026-06-07 06:20:25,파크리오,송파구,신천동,매매,중,121.63,36.79,360000,0,36.0,45,,49167595,https://www.zigbang.com/home/apt/items/49167595
2026-06-07 06:20:25,파크리오,송파구,신천동,매매,중,144.77,43.79,360000,0,36.0,53,,49128707,https://www.zigbang.com/home/apt/items/49128707
2026-06-07 06:20:25,파크리오,송파구,신천동,매매,중,144.77,43.79,360000,0,36.0,53,,48996697,https://www.zigbang.com/home/apt/items/48996697
2026-06-07 06:20:25,파크리오,송파구,신천동,매매,저,121.63,36.79,360000,0,36.0,45,,48996659,https://www.zigbang.com/home/apt/items/48996659
2026-06-07 06:20:25,파크리오,송파구,신천동,매매,중,144.77,43.79,360000,0,36.0,53,,49023941,https://www.zigbang.com/home/apt/items/49023941
2026-06-07 06:20:25,파크리오,송파구,신천동,매매,중,121.63,36.79,360000,0,36.0,45,,48657122,https://www.zigbang.com/home/apt/items/48657122
2026-06-07 06:20:25,파크리오,송파구,신천동,매매,중,121.63,36.79,365000,0,36.5,45,,49167654,https://www.zigbang.com/home/apt/items/49167654
2026-06-07 06:20:25,파크리오,송파구,신천동,매매,저,121.63,36.79,365000,0,36.5,45,,49059306,https://www.zigbang.com/home/apt/items/49059306
2026-06-07 06:20:25,파크리오,송파구,신천동,매매,고,121.63,36.79,365000,0,36.5,45,,48946214,https://www.zigbang.com/home/apt/items/48946214
2026-06-07 06:20:25,파크리오,송파구,신천동,매매,저,121.63,36.79,370000,0,37.0,45,,49192467,https://www.zigbang.com/home/apt/items/49192467
2026-06-07 06:20:25,파크리오,송파구,신천동,매매,중,121.63,36.79,390000,0,39.0,45,,49035372,https://www.zigbang.com/home/apt/items/49035372
2026-06-07 06:20:25,파크리오,송파구,신천동,매매,13,144.77,43.79,420000,0,42.0,53,,49023964,https://www.zigbang.com/home/apt/items/49023964
2026-06-07 06:20:25,한신코아,송파구,신천동,월세,중,41.99,12.7,30000,70,3.0,18,,49093718,https://www.zigbang.com/home/apt/items/49093718
2026-06-07 06:20:25,한신코아,송파구,신천동,매매,중,41.99,12.7,148000,0,14.8,18,,49115672,https://www.zigbang.com/home/apt/items/49115672
2026-06-07 06:20:25,한신코아,송파구,신천동,매매,중,41.99,12.7,148000,0,14.8,18,,48953481,https://www.zigbang.com/home/apt/items/48953481
2026-06-07 06:20:25,한신코아,송파구,신천동,매매,저,52.51,15.88,183000,0,18.3,23,,49157179,https://www.zigbang.com/home/apt/items/49157179
2026-06-07 06:20:25,현대타워,송파구,신천동,월세,고,173.7,52.54,70000,110,7.0,68,,49222384,https://www.zigbang.com/home/apt/items/49222384
2026-06-07 06:20:25,현대타워,송파구,신천동,월세,중,173.7,52.54,80000,70,8.0,68,,49140051,https://www.zigbang.com/home/apt/items/49140051
2026-06-07 06:20:25,현대타워,송파구,신천동,월세,고,173.7,52.54,85000,100,8.5,68,,49119095,https://www.zigbang.com/home/apt/items/49119095
2026-06-07 06:20:25,현대타워,송파구,신천동,전세,고,173.7,52.54,101500,0,10.15,68,,49165295,https://www.zigbang.com/home/apt/items/49165295
2026-06-07 06:20:25,현대타워,송파구,신천동,전세,22,173.7,52.54,105000,0,10.5,68,,49119041,https://www.zigbang.com/home/apt/items/49119041
2026-06-07 06:20:25,대림,송파구,오금동,매매,저,84.91,25.69,230000,0,23.0,31,,49267242,https://www.zigbang.com/home/apt/items/49267242
2026-06-07 06:20:25,대림,송파구,오금동,매매,2,84.91,25.69,233000,0,23.3,31,,49267246,https://www.zigbang.com/home/apt/items/49267246
2026-06-07 06:20:25,대림,송파구,오금동,매매,1,84.91,25.69,235000,0,23.5,31,,227175,https://www.zigbang.com/home/apt/items/227175
2026-06-07 06:20:25,대림,송파구,오금동,매매,15,84.91,25.69,237000,0,23.7,31,,49267252,https://www.zigbang.com/home/apt/items/49267252
2026-06-07 06:20:25,대림,송파구,오금동,매매,9,84.91,25.69,238000,0,23.8,31,,49267254,https://www.zigbang.com/home/apt/items/49267254
2026-06-07 06:20:25,대림,송파구,오금동,매매,5,84.91,25.69,240000,0,24.0,31,,49267267,https://www.zigbang.com/home/apt/items/49267267
2026-06-07 06:20:25,대림,송파구,오금동,매매,고,84.91,25.69,240000,0,24.0,31,,49267256,https://www.zigbang.com/home/apt/items/49267256
2026-06-07 06:20:25,대림,송파구,오금동,매매,8,125.79,38.05,255000,0,25.5,44,,49267269,https://www.zigbang.com/home/apt/items/49267269
2026-06-07 06:20:25,대림,송파구,오금동,매매,3,125.79,38.05,260000,0,26.0,44,,49267277,https://www.zigbang.com/home/apt/items/49267277
2026-06-07 06:20:25,대림,송파구,오금동,매매,7,125.79,38.05,260000,0,26.0,44,,49267272,https://www.zigbang.com/home/apt/items/49267272
2026-06-07 06:20:25,르네상스빌,송파구,오금동,매매,8,170.37,51.54,180000,0,18.0,61,,49267578,https://www.zigbang.com/home/apt/items/49267578
2026-06-07 06:20:25,르네상스빌,송파구,오금동,매매,13,204.11,61.74,210000,0,21.0,73,,49267599,https://www.zigbang.com/home/apt/items/49267599
2026-06-07 06:20:25,르네상스빌,송파구,오금동,매매,15,204.11,61.74,210000,0,21.0,73,,49267590,https://www.zigbang.com/home/apt/items/49267590
2026-06-07 06:20:25,르네상스빌,송파구,오금동,매매,고,204.11,61.74,210000,0,21.0,73,,49267585,https://www.zigbang.com/home/apt/items/49267585
2026-06-07 06:20:25,송파더플래티넘,송파구,오금동,월세,저,106.23,32.13,1000,75,0.1,42B,,48964186,https://www.zigbang.com/home/apt/items/48964186
2026-06-07 06:20:25,송파더플래티넘,송파구,오금동,월세,고,106.23,32.13,1000,85,0.1,42B,,48955891,https://www.zigbang.com/home/apt/items/48955891
2026-06-07 06:20:25,송파더플래티넘,송파구,오금동,월세,고,106.23,32.13,1000,80,0.1,42A,,48498192,https://www.zigbang.com/home/apt/items/48498192
2026-06-07 06:20:25,송파더플래티넘,송파구,오금동,월세,저,106.23,32.13,1000,70,0.1,42A,,48436964,https://www.zigbang.com/home/apt/items/48436964
2026-06-07 06:20:25,송파더플래티넘,송파구,오금동,월세,중,106.23,32.13,1000,90,0.1,42A,,48436876,https://www.zigbang.com/home/apt/items/48436876
2026-06-07 06:20:25,송파더플래티넘,송파구,오금동,월세,고,106.23,32.13,20000,350,2.0,42A,,49225733,https://www.zigbang.com/home/apt/items/49225733
2026-06-07 06:20:25,송파더플래티넘,송파구,오금동,전세,고,106.23,32.13,105000,0,10.5,42A,,49257911,https://www.zigbang.com/home/apt/items/49257911
2026-06-07 06:20:25,송파더플래티넘,송파구,오금동,매매,14,52.6,15.91,138000,0,13.8,21A,,48222099,https://www.zigbang.com/home/apt/items/48222099
2026-06-07 06:20:25,송파더플래티넘,송파구,오금동,매매,저,52.6,15.91,138000,0,13.8,21A,,46912690,https://www.zigbang.com/home/apt/items/46912690
2026-06-07 06:20:25,송파더플래티넘,송파구,오금동,매매,중,66.94,20.25,147500,0,14.75,27C,,46912253,https://www.zigbang.com/home/apt/items/46912253
2026-06-07 06:20:25,송파더플래티넘,송파구,오금동,매매,중,66.91,20.24,149500,0,14.95,27B,,46912828,https://www.zigbang.com/home/apt/items/46912828
2026-06-07 06:20:25,송파더플래티넘,송파구,오금동,매매,9,65.33,19.76,150000,0,15.0,27,,237928,https://www.zigbang.com/home/apt/items/237928
2026-06-07 06:20:25,송파더플래티넘,송파구,오금동,매매,고,66.9,20.24,155000,0,15.5,28E,,46958840,https://www.zigbang.com/home/apt/items/46958840
2026-06-07 06:20:25,송파더플래티넘,송파구,오금동,매매,5,72.12,21.82,155000,0,15.5,28,,46915559,https://www.zigbang.com/home/apt/items/46915559
2026-06-07 06:20:25,송파더플래티넘,송파구,오금동,매매,중,66.91,20.24,160000,0,16.0,27B,,46912280,https://www.zigbang.com/home/apt/items/46912280
2026-06-07 06:20:25,송파더플래티넘,송파구,오금동,매매,중,66.94,20.25,162000,0,16.2,27A,,46912728,https://www.zigbang.com/home/apt/items/46912728
2026-06-07 06:20:25,송파더플래티넘,송파구,오금동,매매,중,89.07,26.94,173000,0,17.3,35B,,49090288,https://www.zigbang.com/home/apt/items/49090288
2026-06-07 06:20:25,송파더플래티넘,송파구,오금동,매매,6,89.07,26.94,180000,0,18.0,35B,,240308,https://www.zigbang.com/home/apt/items/240308
2026-06-07 06:20:25,송파더플래티넘,송파구,오금동,매매,저,106.23,32.13,195000,0,19.5,42C,,46912849,https://www.zigbang.com/home/apt/items/46912849
2026-06-07 06:20:25,송파더플래티넘,송파구,오금동,매매,고,106.23,32.13,199000,0,19.9,42C,,46915075,https://www.zigbang.com/home/apt/items/46915075
2026-06-07 06:20:25,송파더플래티넘,송파구,오금동,매매,중,106.23,32.13,200000,0,20.0,42B,,46912367,https://www.zigbang.com/home/apt/items/46912367
2026-06-07 06:20:25,송파더플래티넘,송파구,오금동,매매,9,106.23,32.13,245000,0,24.5,42A,,46912781,https://www.zigbang.com/home/apt/items/46912781
2026-06-07 06:20:25,송파두산위브,송파구,오금동,매매,11,84.9703,25.7,180000,0,18.0,34,,101803,https://www.zigbang.com/home/apt/items/101803
2026-06-07 06:20:25,송파레미니스1단지,송파구,오금동,전세,10,84.82,25.66,90000,0,9.0,38B,,49267348,https://www.zigbang.com/home/apt/items/49267348
2026-06-07 06:20:25,송파레미니스1단지,송파구,오금동,매매,15,59.85,18.1,170000,0,17.0,27A,,49267352,https://www.zigbang.com/home/apt/items/49267352
2026-06-07 06:20:25,송파레미니스1단지,송파구,오금동,매매,저,84.82,25.66,180000,0,18.0,38B,,49267356,https://www.zigbang.com/home/apt/items/49267356
2026-06-07 06:20:25,송파레미니스1단지,송파구,오금동,매매,중,84.94,25.69,195000,0,19.5,37CN,,49267358,https://www.zigbang.com/home/apt/items/49267358
2026-06-07 06:20:25,송파레미니스1단지,송파구,오금동,매매,10,84.94,25.69,200000,0,20.0,37C,,164361,https://www.zigbang.com/home/apt/items/164361
2026-06-07 06:20:25,송파레미니스2단지,송파구,오금동,전세,고,84.82,25.66,85000,0,8.5,38B,,49267375,https://www.zigbang.com/home/apt/items/49267375
2026-06-07 06:20:25,송파레미니스2단지,송파구,오금동,전세,중,84.94,25.69,90000,0,9.0,37CN,,49267378,https://www.zigbang.com/home/apt/items/49267378
2026-06-07 06:20:25,송파레미니스2단지,송파구,오금동,매매,6,84.82,25.66,174000,0,17.4,38B,,49267382,https://www.zigbang.com/home/apt/items/49267382
2026-06-07 06:20:25,송파레미니스2단지,송파구,오금동,매매,중,84.82,25.66,180000,0,18.0,38B,,49267387,https://www.zigbang.com/home/apt/items/49267387
2026-06-07 06:20:25,송파레미니스2단지,송파구,오금동,매매,고,84.94,25.69,180000,0,18.0,37C,,49267384,https://www.zigbang.com/home/apt/items/49267384
2026-06-07 06:20:25,송파레미니스2단지,송파구,오금동,매매,13,84.94,25.69,185000,0,18.5,37C,,238321,https://www.zigbang.com/home/apt/items/238321
2026-06-07 06:20:25,송파레미니스2단지,송파구,오금동,매매,고,84.94,25.69,200000,0,20.0,37C,,49267392,https://www.zigbang.com/home/apt/items/49267392
2026-06-07 06:20:25,송파호반베르디움더퍼스트,송파구,오금동,월세,17,101.4632,30.69,60000,200,6.0,39,,239823,https://www.zigbang.com/home/apt/items/239823
2026-06-07 06:20:25,영풍,송파구,오금동,매매,7,59.76,18.08,70000,0,7.0,24,,147964,https://www.zigbang.com/home/apt/items/147964
2026-06-07 06:20:25,오금쌍용스윗닷홈1차,송파구,오금동,매매,5,84.94,25.69,180000,0,18.0,32,,49267472,https://www.zigbang.com/home/apt/items/49267472
2026-06-07 06:20:25,오금우방,송파구,오금동,매매,5,84.95,25.7,125000,0,12.5,32,,49267483,https://www.zigbang.com/home/apt/items/49267483
2026-06-07 06:20:25,올림픽파크센트레빌,송파구,오금동,매매,4,84.37,25.52,170000,0,17.0,33B,,49267535,https://www.zigbang.com/home/apt/items/49267535
2026-06-07 06:20:25,올림픽파크센트레빌,송파구,오금동,매매,7,84.37,25.52,173000,0,17.3,33B,,49267542,https://www.zigbang.com/home/apt/items/49267542
2026-06-07 06:20:25,올림픽파크센트레빌,송파구,오금동,매매,고,84.68,25.62,185000,0,18.5,33C,,49267544,https://www.zigbang.com/home/apt/items/49267544
2026-06-07 06:20:25,현대,송파구,오금동,전세,14,84.98,25.71,82000,0,8.2,31,,49267184,https://www.zigbang.com/home/apt/items/49267184
2026-06-07 06:20:25,현대,송파구,오금동,전세,5,170.32,51.52,92000,0,9.2,58,,49267185,https://www.zigbang.com/home/apt/items/49267185
2026-06-07 06:20:25,현대,송파구,오금동,매매,고,84.98,25.71,280000,0,28.0,31,,49267187,https://www.zigbang.com/home/apt/items/49267187
2026-06-07 06:20:25,현대,송파구,오금동,매매,1,130.93,39.61,285000,0,28.5,46,,49267189,https://www.zigbang.com/home/apt/items/49267189
2026-06-07 06:20:25,현대,송파구,오금동,매매,2,130.93,39.61,298000,0,29.8,46,,49267194,https://www.zigbang.com/home/apt/items/49267194
2026-06-07 06:20:25,현대,송파구,오금동,매매,5,130.93,39.61,300000,0,30.0,46,,49267214,https://www.zigbang.com/home/apt/items/49267214
2026-06-07 06:20:25,현대,송파구,오금동,매매,5,130.93,39.61,300000,0,30.0,46,,49267212,https://www.zigbang.com/home/apt/items/49267212
2026-06-07 06:20:25,현대,송파구,오금동,매매,중,130.93,39.61,300000,0,30.0,46,,49267207,https://www.zigbang.com/home/apt/items/49267207
2026-06-07 06:20:25,현대,송파구,오금동,매매,중,130.93,39.61,300000,0,30.0,46,,49267204,https://www.zigbang.com/home/apt/items/49267204
2026-06-07 06:20:25,현대,송파구,오금동,매매,8,130.93,39.61,300000,0,30.0,46,,49267201,https://www.zigbang.com/home/apt/items/49267201
2026-06-07 06:20:25,현대,송파구,오금동,매매,9,130.93,39.61,300000,0,30.0,46,,49267199,https://www.zigbang.com/home/apt/items/49267199
2026-06-07 06:20:25,현대,송파구,오금동,매매,9,130.93,39.61,300000,0,30.0,46,,49267196,https://www.zigbang.com/home/apt/items/49267196
2026-06-07 06:20:25,현대,송파구,오금동,매매,11,130.93,39.61,300000,0,30.0,46,,49267195,https://www.zigbang.com/home/apt/items/49267195
2026-06-07 06:20:25,현대,송파구,오금동,매매,8,130.93,39.61,320000,0,32.0,46,,49267219,https://www.zigbang.com/home/apt/items/49267219
2026-06-07 06:20:25,현대,송파구,오금동,매매,10,170.32,51.52,335000,0,33.5,58,,49267221,https://www.zigbang.com/home/apt/items/49267221
2026-06-07 06:20:25,현대,송파구,오금동,매매,저,170.32,51.52,340000,0,34.0,58,,49267224,https://www.zigbang.com/home/apt/items/49267224
2026-06-07 06:20:25,현대,송파구,오금동,매매,3,170.32,51.52,350000,0,35.0,58,,49267228,https://www.zigbang.com/home/apt/items/49267228
2026-06-07 06:20:25,현대백조,송파구,오금동,매매,3,78.59,23.77,165000,0,16.5,31A,,49267289,https://www.zigbang.com/home/apt/items/49267289
2026-06-07 06:20:25,현대백조,송파구,오금동,매매,13,78.59,23.77,172000,0,17.2,31A,,49267292,https://www.zigbang.com/home/apt/items/49267292
2026-06-07 06:20:25,갤러리아팰리스,송파구,잠실동,전세,중,176.03,53.25,160000,0,16.0,68C1,,48420265,https://www.zigbang.com/home/apt/items/48420265
2026-06-07 06:20:25,갤러리아팰리스,송파구,잠실동,매매,중,151.99,45.98,320000,0,32.0,58C,,49222781,https://www.zigbang.com/home/apt/items/49222781
2026-06-07 06:20:25,레이크팰리스,송파구,잠실동,매매,10,59.97,18.14,295000,0,29.5,26A,,233613,https://www.zigbang.com/home/apt/items/233613
2026-06-07 06:20:25,레이크팰리스,송파구,잠실동,매매,중,135.82,41.09,360000,0,36.0,50A,,49145688,https://www.zigbang.com/home/apt/items/49145688
2026-06-07 06:20:25,레이크팰리스,송파구,잠실동,매매,13,135.82,41.09,420000,0,42.0,50A,,216670,https://www.zigbang.com/home/apt/items/216670
2026-06-07 06:20:25,리센츠,송파구,잠실동,매매,고,27.68,8.37,200000,0,20.0,13B,,49234294,https://www.zigbang.com/home/apt/items/49234294
2026-06-07 06:20:25,리센츠,송파구,잠실동,매매,고,59.99,18.15,325000,0,32.5,25B,,49234244,https://www.zigbang.com/home/apt/items/49234244
2026-06-07 06:20:25,리센츠,송파구,잠실동,매매,저,84.99,25.71,328000,0,32.8,33I,,49177727,https://www.zigbang.com/home/apt/items/49177727
2026-06-07 06:20:25,리센츠,송파구,잠실동,매매,중,84.99,25.71,329000,0,32.9,33J,,49222642,https://www.zigbang.com/home/apt/items/49222642
2026-06-07 06:20:25,"우성1,2,3차",송파구,잠실동,매매,고,80.39,24.32,320000,0,32.0,26B,,49234946,https://www.zigbang.com/home/apt/items/49234946
2026-06-07 06:20:25,우성4차,송파구,잠실동,월세,8,95.84,28.99,5000,200,0.5,32,,229787,https://www.zigbang.com/home/apt/items/229787
2026-06-07 06:20:25,우성4차,송파구,잠실동,매매,11,95.84,28.99,290000,0,29.0,32,,221358,https://www.zigbang.com/home/apt/items/221358
2026-06-07 06:20:25,잠실엘스,송파구,잠실동,월세,고,84.8,25.65,35000,330,3.5,34,,49208346,https://www.zigbang.com/home/apt/items/49208346
2026-06-07 06:20:25,잠실엘스,송파구,잠실동,매매,고,59.96,18.14,295000,0,29.5,25,,49264035,https://www.zigbang.com/home/apt/items/49264035
2026-06-07 06:20:25,잠실주공5단지,송파구,잠실동,매매,13,81.75,24.73,430000,0,43.0,35,,222709,https://www.zigbang.com/home/apt/items/222709
2026-06-07 06:20:25,현대,송파구,잠실동,매매,6,84.68,25.62,220000,0,22.0,31B,,212496,https://www.zigbang.com/home/apt/items/212496
2026-06-07 06:20:25,송파꿈에그린위례24단지,송파구,장지동,월세,중,51.77,15.66,20000,180,2.0,21A,,49113942,https://www.zigbang.com/home/apt/items/49113942
2026-06-07 06:20:25,송파꿈에그린위례24단지,송파구,장지동,월세,고,59.63,18.04,30000,190,3.0,25A,,49227797,https://www.zigbang.com/home/apt/items/49227797
2026-06-07 06:20:25,송파꿈에그린위례24단지,송파구,장지동,월세,고,51.77,15.66,30000,130,3.0,21A,,49054288,https://www.zigbang.com/home/apt/items/49054288
2026-06-07 06:20:25,송파꿈에그린위례24단지,송파구,장지동,월세,고,51.77,15.66,40000,100,4.0,21A,,49131107,https://www.zigbang.com/home/apt/items/49131107
2026-06-07 06:20:25,송파꿈에그린위례24단지,송파구,장지동,월세,18,59.85,18.1,50000,100,5.0,25C1,,48817610,https://www.zigbang.com/home/apt/items/48817610
2026-06-07 06:20:25,송파꿈에그린위례24단지,송파구,장지동,월세,저,75.97,22.98,55000,120,5.5,31A1,,48935310,https://www.zigbang.com/home/apt/items/48935310
2026-06-07 06:20:25,송파꿈에그린위례24단지,송파구,장지동,전세,고,51.77,15.66,63000,0,6.3,21A,,48787025,https://www.zigbang.com/home/apt/items/48787025
2026-06-07 06:20:25,송파꿈에그린위례24단지,송파구,장지동,전세,7,51.77,15.66,63000,0,6.3,21A,,48726346,https://www.zigbang.com/home/apt/items/48726346
2026-06-07 06:20:25,송파꿈에그린위례24단지,송파구,장지동,전세,고,51.77,15.66,65000,0,6.5,21A,,49131079,https://www.zigbang.com/home/apt/items/49131079
2026-06-07 06:20:25,송파꿈에그린위례24단지,송파구,장지동,전세,중,51.77,15.66,65000,0,6.5,21A,,49178065,https://www.zigbang.com/home/apt/items/49178065
2026-06-07 06:20:25,송파꿈에그린위례24단지,송파구,장지동,전세,중,51.77,15.66,65000,0,6.5,21A,,49012546,https://www.zigbang.com/home/apt/items/49012546
2026-06-07 06:20:25,송파꿈에그린위례24단지,송파구,장지동,전세,저,51.77,15.66,70000,0,7.0,21A,,48669831,https://www.zigbang.com/home/apt/items/48669831
2026-06-07 06:20:25,송파꿈에그린위례24단지,송파구,장지동,전세,17,59.63,18.04,75000,0,7.5,25A,,48965095,https://www.zigbang.com/home/apt/items/48965095
2026-06-07 06:20:25,송파꿈에그린위례24단지,송파구,장지동,전세,고,84.98,25.71,82000,0,8.2,35A1,,49113859,https://www.zigbang.com/home/apt/items/49113859
2026-06-07 06:20:25,송파꿈에그린위례24단지,송파구,장지동,전세,저,75.97,22.98,85000,0,8.5,31A1,,48986927,https://www.zigbang.com/home/apt/items/48986927
2026-06-07 06:20:25,송파꿈에그린위례24단지,송파구,장지동,전세,중,84.93,25.69,85000,0,8.5,35B,,49264051,https://www.zigbang.com/home/apt/items/49264051
2026-06-07 06:20:25,송파꿈에그린위례24단지,송파구,장지동,전세,고,84.93,25.69,85000,0,8.5,35C,,49108270,https://www.zigbang.com/home/apt/items/49108270
2026-06-07 06:20:25,송파꿈에그린위례24단지,송파구,장지동,전세,고,84.93,25.69,85000,0,8.5,35C,,49012367,https://www.zigbang.com/home/apt/items/49012367
2026-06-07 06:20:25,송파꿈에그린위례24단지,송파구,장지동,매매,고,51.77,15.66,163000,0,16.3,21A,,49262744,https://www.zigbang.com/home/apt/items/49262744
2026-06-07 06:20:25,송파꿈에그린위례24단지,송파구,장지동,매매,고,51.77,15.66,163000,0,16.3,21A,,49226331,https://www.zigbang.com/home/apt/items/49226331
2026-06-07 06:20:25,송파꿈에그린위례24단지,송파구,장지동,매매,중,51.77,15.66,163000,0,16.3,21A,,49077800,https://www.zigbang.com/home/apt/items/49077800
2026-06-07 06:20:25,송파꿈에그린위례24단지,송파구,장지동,매매,고,51.77,15.66,163000,0,16.3,21A,,49077746,https://www.zigbang.com/home/apt/items/49077746
2026-06-07 06:20:25,송파꿈에그린위례24단지,송파구,장지동,매매,고,51.77,15.66,165000,0,16.5,21A,,49262657,https://www.zigbang.com/home/apt/items/49262657
2026-06-07 06:20:25,송파꿈에그린위례24단지,송파구,장지동,매매,중,51.77,15.66,165000,0,16.5,21A,,49262597,https://www.zigbang.com/home/apt/items/49262597
2026-06-07 06:20:25,송파꿈에그린위례24단지,송파구,장지동,매매,중,59.66,18.05,187000,0,18.7,25C,,49272370,https://www.zigbang.com/home/apt/items/49272370
2026-06-07 06:20:25,송파꿈에그린위례24단지,송파구,장지동,매매,6,59.66,18.05,187000,0,18.7,25C,,49067045,https://www.zigbang.com/home/apt/items/49067045
2026-06-07 06:20:25,송파꿈에그린위례24단지,송파구,장지동,매매,중,59.85,18.1,190000,0,19.0,25C1,,49210497,https://www.zigbang.com/home/apt/items/49210497
2026-06-07 06:20:25,송파꿈에그린위례24단지,송파구,장지동,매매,중,59.63,18.04,190000,0,19.0,25A,,49135952,https://www.zigbang.com/home/apt/items/49135952
2026-06-07 06:20:25,송파꿈에그린위례24단지,송파구,장지동,매매,고,59.63,18.04,190000,0,19.0,25A,,48405248,https://www.zigbang.com/home/apt/items/48405248
2026-06-07 06:20:25,송파꿈에그린위례24단지,송파구,장지동,매매,중,59.63,18.04,192000,0,19.2,25A,,48441848,https://www.zigbang.com/home/apt/items/48441848
2026-06-07 06:20:25,송파꿈에그린위례24단지,송파구,장지동,매매,8,59.63,18.04,195000,0,19.5,25A,,48501921,https://www.zigbang.com/home/apt/items/48501921
2026-06-07 06:20:25,송파꿈에그린위례24단지,송파구,장지동,매매,중,59.63,18.04,195000,0,19.5,25A,,49044484,https://www.zigbang.com/home/apt/items/49044484
2026-06-07 06:20:25,송파꿈에그린위례24단지,송파구,장지동,매매,고,75.97,22.98,217500,0,21.75,31A,,48986843,https://www.zigbang.com/home/apt/items/48986843
2026-06-07 06:20:25,송파꿈에그린위례24단지,송파구,장지동,매매,고,75.97,22.98,217500,0,21.75,31A,,49040930,https://www.zigbang.com/home/apt/items/49040930
2026-06-07 06:20:25,송파꿈에그린위례24단지,송파구,장지동,매매,6,75.97,22.98,220000,0,22.0,31A1N,,238320,https://www.zigbang.com/home/apt/items/238320
2026-06-07 06:20:25,송파더센트레,송파구,장지동,월세,고,51.77,15.66,10000,220,1.0,22A,,48846973,https://www.zigbang.com/home/apt/items/48846973
2026-06-07 06:20:25,송파더센트레,송파구,장지동,월세,저,59.96,18.14,30000,180,3.0,26A,,49227709,https://www.zigbang.com/home/apt/items/49227709
2026-06-07 06:20:25,송파더센트레,송파구,장지동,월세,중,59.96,18.14,40000,120,4.0,26A,,49227539,https://www.zigbang.com/home/apt/items/49227539
2026-06-07 06:20:25,송파더센트레,송파구,장지동,월세,고,51.77,15.66,45000,100,4.5,22A,,49012193,https://www.zigbang.com/home/apt/items/49012193
2026-06-07 06:20:25,송파더센트레,송파구,장지동,월세,고,59.85,18.1,65000,40,6.5,26C,,49227613,https://www.zigbang.com/home/apt/items/49227613
2026-06-07 06:20:25,송파더센트레,송파구,장지동,전세,고,51.77,15.66,65000,0,6.5,22A,,49012299,https://www.zigbang.com/home/apt/items/49012299
2026-06-07 06:20:25,송파더센트레,송파구,장지동,전세,고,59.85,18.1,73000,0,7.3,26C,,49209770,https://www.zigbang.com/home/apt/items/49209770
2026-06-07 06:20:25,송파더센트레,송파구,장지동,매매,7,51.82,15.68,160000,0,16.0,22A1,,48513904,https://www.zigbang.com/home/apt/items/48513904
2026-06-07 06:20:25,송파더센트레,송파구,장지동,매매,고,51.77,15.66,165000,0,16.5,22A,,48428052,https://www.zigbang.com/home/apt/items/48428052
2026-06-07 06:20:25,송파더센트레,송파구,장지동,매매,중,59.96,18.14,180000,0,18.0,26A,,49257788,https://www.zigbang.com/home/apt/items/49257788
2026-06-07 06:20:25,송파더센트레,송파구,장지동,매매,고,59.85,18.1,180000,0,18.0,26C,,49110635,https://www.zigbang.com/home/apt/items/49110635
2026-06-07 06:20:25,송파더센트레,송파구,장지동,매매,고,59.85,18.1,180000,0,18.0,26C,,48899980,https://www.zigbang.com/home/apt/items/48899980
2026-06-07 06:20:25,송파와이즈더샵,송파구,장지동,월세,저,97.16,29.39,40000,240,4.0,38G,,48994710,https://www.zigbang.com/home/apt/items/48994710
2026-06-07 06:20:25,송파와이즈더샵,송파구,장지동,월세,고,96.76,29.27,50000,200,5.0,39D,,48654325,https://www.zigbang.com/home/apt/items/48654325
2026-06-07 06:20:25,송파와이즈더샵,송파구,장지동,월세,저,97.07,29.36,55000,200,5.5,39B,,48123824,https://www.zigbang.com/home/apt/items/48123824
2026-06-07 06:20:25,송파와이즈더샵,송파구,장지동,전세,중,97.16,29.39,95000,0,9.5,38G,,49265226,https://www.zigbang.com/home/apt/items/49265226
2026-06-07 06:20:25,송파와이즈더샵,송파구,장지동,전세,저,97.16,29.39,95000,0,9.5,38G,,48611092,https://www.zigbang.com/home/apt/items/48611092
2026-06-07 06:20:25,송파와이즈더샵,송파구,장지동,전세,중,97.19,29.4,100000,0,10.0,38D,,48655844,https://www.zigbang.com/home/apt/items/48655844
2026-06-07 06:20:25,송파와이즈더샵,송파구,장지동,매매,고,96.78,29.28,240000,0,24.0,38A,,48760589,https://www.zigbang.com/home/apt/items/48760589
2026-06-07 06:20:25,송파와이즈더샵,송파구,장지동,매매,고,96.75,29.27,290000,0,29.0,38B,,47684559,https://www.zigbang.com/home/apt/items/47684559
2026-06-07 06:20:25,송파파인타운3단지,송파구,장지동,매매,저,84.98,25.71,178000,0,17.8,32T2,,49141082,https://www.zigbang.com/home/apt/items/49141082
2026-06-07 06:20:25,송파파인타운3단지,송파구,장지동,매매,5,84.98,25.71,185000,0,18.5,32T2,,206085,https://www.zigbang.com/home/apt/items/206085
2026-06-07 06:20:25,송파파인타운5단지,송파구,장지동,매매,고,84.93,25.69,210000,0,21.0,33A,,48396145,https://www.zigbang.com/home/apt/items/48396145
2026-06-07 06:20:25,송파파인타운7단지,송파구,장지동,매매,중,84.94,25.69,191000,0,19.1,34A,,48396093,https://www.zigbang.com/home/apt/items/48396093
2026-06-07 06:20:25,위례2차아이파크,송파구,장지동,월세,중,115.64,34.98,60000,240,6.0,45A,,47777110,https://www.zigbang.com/home/apt/items/47777110
2026-06-07 06:20:25,위례2차아이파크,송파구,장지동,전세,저,90.29,27.31,90000,0,9.0,36B,,49038950,https://www.zigbang.com/home/apt/items/49038950
2026-06-07 06:20:25,위례2차아이파크,송파구,장지동,전세,고,90.05,27.24,95000,0,9.5,36A,,48991624,https://www.zigbang.com/home/apt/items/48991624
2026-06-07 06:20:25,위례2차아이파크,송파구,장지동,전세,고,90.88,27.49,100000,0,10.0,36C,,47819605,https://www.zigbang.com/home/apt/items/47819605
2026-06-07 06:20:25,위례2차아이파크,송파구,장지동,전세,저,115.64,34.98,110000,0,11.0,45A,,48271601,https://www.zigbang.com/home/apt/items/48271601
2026-06-07 06:20:25,위례송파푸르지오,송파구,장지동,매매,고,106.96,32.36,245000,0,24.5,42A,,47924633,https://www.zigbang.com/home/apt/items/47924633
2026-06-07 06:20:25,위례송파푸르지오,송파구,장지동,매매,중,107.63,32.56,250000,0,25.0,42B,,48387380,https://www.zigbang.com/home/apt/items/48387380
2026-06-07 06:20:25,위례아이파크,송파구,장지동,전세,중,87.83,26.57,95000,0,9.5,35C,,49031045,https://www.zigbang.com/home/apt/items/49031045
2026-06-07 06:20:25,위례아이파크,송파구,장지동,매매,14,87.83,26.57,235000,0,23.5,35C,,49151082,https://www.zigbang.com/home/apt/items/49151082
2026-06-07 06:20:25,위례중앙푸르지오1단지,송파구,장지동,월세,9,102.04,30.87,80000,120,8.0,41,,48823316,https://www.zigbang.com/home/apt/items/48823316
2026-06-07 06:20:25,위례중앙푸르지오1단지,송파구,장지동,전세,저,84.89,25.68,90000,0,9.0,34D,,48395411,https://www.zigbang.com/home/apt/items/48395411
2026-06-07 06:20:25,위례중앙푸르지오1단지,송파구,장지동,전세,9,102.04,30.87,106000,0,10.6,41,,234452,https://www.zigbang.com/home/apt/items/234452
2026-06-07 06:20:25,위례중앙푸르지오1단지,송파구,장지동,전세,중,110.22,33.34,110000,0,11.0,43E,,48904030,https://www.zigbang.com/home/apt/items/48904030
2026-06-07 06:20:25,위례중앙푸르지오1단지,송파구,장지동,매매,중,84.94,25.69,240000,0,24.0,33G,,48386044,https://www.zigbang.com/home/apt/items/48386044
2026-06-07 06:20:25,위례중앙푸르지오1단지,송파구,장지동,매매,중,110.22,33.34,270000,0,27.0,43E,,48387204,https://www.zigbang.com/home/apt/items/48387204
2026-06-07 06:20:25,위례중앙푸르지오2단지,송파구,장지동,전세,고,106.094,32.09,105000,0,10.5,42B,,49079635,https://www.zigbang.com/home/apt/items/49079635
2026-06-07 06:20:25,위례중앙푸르지오2단지,송파구,장지동,매매,저,84.78,25.65,225000,0,22.5,34,,48395266,https://www.zigbang.com/home/apt/items/48395266
2026-06-07 06:20:25,위례중앙푸르지오2단지,송파구,장지동,매매,고,161.198,48.76,440000,0,44.0,65,,49255690,https://www.zigbang.com/home/apt/items/49255690
2026-06-07 06:20:25,힐스테이트송파위례,송파구,장지동,월세,고,101.8,30.79,90000,40,9.0,39D,,49158041,https://www.zigbang.com/home/apt/items/49158041
2026-06-07 06:20:25,힐스테이트송파위례,송파구,장지동,전세,고,101.8,30.79,100000,0,10.0,39D,,49158065,https://www.zigbang.com/home/apt/items/49158065
2026-06-07 06:20:25,힐스테이트송파위례,송파구,장지동,전세,고,101.8,30.79,105000,0,10.5,39D,,49079460,https://www.zigbang.com/home/apt/items/49079460
2026-06-07 06:20:25,힐스테이트송파위례,송파구,장지동,전세,고,101.8,30.79,105000,0,10.5,39A,,47822840,https://www.zigbang.com/home/apt/items/47822840
2026-06-07 06:20:25,힐스테이트송파위례,송파구,장지동,매매,22,101.8,30.79,225000,0,22.5,39D,,48503130,https://www.zigbang.com/home/apt/items/48503130
2026-06-07 06:20:25,강변현대,송파구,풍납동,매매,저,83.19,25.16,167000,0,16.7,30,,49085282,https://www.zigbang.com/home/apt/items/49085282
2026-06-07 06:20:25,잠실올림픽공원아이파크,송파구,풍납동,전세,저,75.99,22.99,110000,0,11.0,31A,,48707468,https://www.zigbang.com/home/apt/items/48707468
2026-06-07 06:20:25,잠실올림픽공원아이파크,송파구,풍납동,전세,중,109.98,33.27,140000,0,14.0,44,,48022353,https://www.zigbang.com/home/apt/items/48022353
2026-06-07 06:20:25,잠실올림픽공원아이파크,송파구,풍납동,매매,고,75.91,22.96,240000,0,24.0,32T,,48705975,https://www.zigbang.com/home/apt/items/48705975
2026-06-07 06:20:25,잠실올림픽공원아이파크,송파구,풍납동,매매,저,75.91,22.96,270000,0,27.0,32T,,49244788,https://www.zigbang.com/home/apt/items/49244788
2026-06-07 06:20:25,잠실올림픽공원아이파크,송파구,풍납동,매매,중,84.99,25.71,270000,0,27.0,34T,,48712470,https://www.zigbang.com/home/apt/items/48712470
2026-06-07 06:20:25,잠실올림픽공원아이파크,송파구,풍납동,매매,중,75.99,22.99,270000,0,27.0,31A,,48707702,https://www.zigbang.com/home/apt/items/48707702
2026-06-07 06:20:25,잠실올림픽공원아이파크,송파구,풍납동,매매,중,84.99,25.71,290000,0,29.0,34T,,49244559,https://www.zigbang.com/home/apt/items/49244559
2026-06-07 06:20:25,잠실올림픽공원아이파크,송파구,풍납동,매매,중,109.98,33.27,330000,0,33.0,44,,48022334,https://www.zigbang.com/home/apt/items/48022334
2026-06-07 06:20:25,풍납극동,송파구,풍납동,매매,5,79.94,24.18,185000,0,18.5,29,,236823,https://www.zigbang.com/home/apt/items/236823
2026-06-07 06:20:25,현대리버빌2차,송파구,풍납동,매매,2,78.78,23.83,142000,0,14.2,31,,48548654,https://www.zigbang.com/home/apt/items/48548654
