수집시간,단지명,구,동,거래유형,층,면적(m2),평,보증금,월세,가격(억),타입,방향,매물ID,URL
2026-08-09 03:31:36,가락금호,송파구,가락동,매매,17,84.85,25.67,225000,0,22.5,32B,,49694413,https://www.zigbang.com/home/apt/items/49694413
2026-08-09 03:31:36,가락대림,송파구,가락동,매매,저,99.38,30.06,217000,0,21.7,36,,49428507,https://www.zigbang.com/home/apt/items/49428507
2026-08-09 03:31:36,가락대림,송파구,가락동,매매,저,120.96,36.59,220000,0,22.0,44,,49428334,https://www.zigbang.com/home/apt/items/49428334
2026-08-09 03:31:36,가락대림,송파구,가락동,매매,11,120.96,36.59,230000,0,23.0,44,,245523,https://www.zigbang.com/home/apt/items/245523
2026-08-09 03:31:36,가락대림,송파구,가락동,매매,12,120.96,36.59,230000,0,23.0,44,,242752,https://www.zigbang.com/home/apt/items/242752
2026-08-09 03:31:36,가락스타클래스,송파구,가락동,매매,10,84.98,25.71,165000,0,16.5,33D,,49982223,https://www.zigbang.com/home/apt/items/49982223
2026-08-09 03:31:36,가락스타클래스,송파구,가락동,매매,중,84.97,25.7,170000,0,17.0,33C,,49982236,https://www.zigbang.com/home/apt/items/49982236
2026-08-09 03:31:36,가락스타클래스,송파구,가락동,매매,고,84.93,25.69,170000,0,17.0,33B,,49982229,https://www.zigbang.com/home/apt/items/49982229
2026-08-09 03:31:36,가락쌍용1차,송파구,가락동,매매,2,84.69,25.62,240000,0,24.0,33,,207005,https://www.zigbang.com/home/apt/items/207005
2026-08-09 03:31:36,가락쌍용1차,송파구,가락동,매매,1,84.69,25.62,245000,0,24.5,33,,192136,https://www.zigbang.com/home/apt/items/192136
2026-08-09 03:31:36,가락쌍용1차,송파구,가락동,매매,고,84.69,25.62,255000,0,25.5,33,,49446864,https://www.zigbang.com/home/apt/items/49446864
2026-08-09 03:31:36,가락쌍용1차,송파구,가락동,매매,저,84.69,25.62,260000,0,26.0,33,,49446898,https://www.zigbang.com/home/apt/items/49446898
2026-08-09 03:31:36,가락쌍용1차,송파구,가락동,매매,20,84.69,25.62,270000,0,27.0,33,,253628,https://www.zigbang.com/home/apt/items/253628
2026-08-09 03:31:36,가락쌍용1차,송파구,가락동,매매,고,84.69,25.62,275000,0,27.5,33,,49870038,https://www.zigbang.com/home/apt/items/49870038
2026-08-09 03:31:36,가락쌍용2차,송파구,가락동,매매,중,84.42,25.54,200000,0,20.0,33,,49428485,https://www.zigbang.com/home/apt/items/49428485
2026-08-09 03:31:36,가락쌍용2차,송파구,가락동,매매,7,84.42,25.54,200000,0,20.0,33,,242553,https://www.zigbang.com/home/apt/items/242553
2026-08-09 03:31:36,더샵송파루미스타,송파구,가락동,전세,중,74.9753,22.68,90000,0,9.0,30,,49368368,https://www.zigbang.com/home/apt/items/49368368
2026-08-09 03:31:36,성원상떼빌,송파구,가락동,매매,중,90.7,27.44,129000,0,12.9,34,,49871324,https://www.zigbang.com/home/apt/items/49871324
2026-08-09 03:31:36,성원상떼빌,송파구,가락동,매매,9,101.52,30.71,140000,0,14.0,38,,236008,https://www.zigbang.com/home/apt/items/236008
2026-08-09 03:31:36,성원상떼빌,송파구,가락동,매매,저,101.52,30.71,143000,0,14.3,38,,49737223,https://www.zigbang.com/home/apt/items/49737223
2026-08-09 03:31:36,성원상떼빌,송파구,가락동,매매,저,103.96,31.45,145000,0,14.5,39,,49963973,https://www.zigbang.com/home/apt/items/49963973
2026-08-09 03:31:36,성원상떼빌,송파구,가락동,매매,중,118.85,35.95,152500,0,15.25,45,,49379712,https://www.zigbang.com/home/apt/items/49379712
2026-08-09 03:31:36,성원상떼빌,송파구,가락동,매매,7,117.16,35.44,165000,0,16.5,44,,243559,https://www.zigbang.com/home/apt/items/243559
2026-08-09 03:31:36,송파가락두산위브센티움,송파구,가락동,매매,10,33.1,10.01,27000,0,2.7,14B,,194494,https://www.zigbang.com/home/apt/items/194494
2026-08-09 03:31:36,한화오벨리스크,송파구,가락동,매매,20,25.32,7.66,18700,0,1.87,11,,213541,https://www.zigbang.com/home/apt/items/213541
2026-08-09 03:31:36,한화오벨리스크,송파구,가락동,매매,20,48.8,14.76,60000,0,6.0,21,,224644,https://www.zigbang.com/home/apt/items/224644
2026-08-09 03:31:36,헬리오시티,송파구,가락동,월세,중,99.6,30.13,10000,600,1.0,38,,49967246,https://www.zigbang.com/home/apt/items/49967246
2026-08-09 03:31:36,헬리오시티,송파구,가락동,월세,고,39.1,11.83,10000,280,1.0,18A,,49786351,https://www.zigbang.com/home/apt/items/49786351
2026-08-09 03:31:36,헬리오시티,송파구,가락동,월세,중,84.98,25.71,10000,460,1.0,33G,,49263617,https://www.zigbang.com/home/apt/items/49263617
2026-08-09 03:31:36,헬리오시티,송파구,가락동,월세,중,99.6,30.13,20000,550,2.0,38,,49967513,https://www.zigbang.com/home/apt/items/49967513
2026-08-09 03:31:36,헬리오시티,송파구,가락동,월세,저,84.99,25.71,20000,440,2.0,33D,,49819184,https://www.zigbang.com/home/apt/items/49819184
2026-08-09 03:31:36,헬리오시티,송파구,가락동,월세,중,99.6,30.13,20000,560,2.0,38,,49779385,https://www.zigbang.com/home/apt/items/49779385
2026-08-09 03:31:36,헬리오시티,송파구,가락동,월세,고,84.95,25.7,20000,440,2.0,33F,,49633181,https://www.zigbang.com/home/apt/items/49633181
2026-08-09 03:31:36,헬리오시티,송파구,가락동,월세,중,110.44,33.41,20000,550,2.0,43B,,49455805,https://www.zigbang.com/home/apt/items/49455805
2026-08-09 03:31:36,헬리오시티,송파구,가락동,월세,고,59.96,18.14,20000,350,2.0,25,,47770850,https://www.zigbang.com/home/apt/items/47770850
2026-08-09 03:31:36,헬리오시티,송파구,가락동,월세,중,84.99,25.71,30000,400,3.0,33D,,49794655,https://www.zigbang.com/home/apt/items/49794655
2026-08-09 03:31:36,헬리오시티,송파구,가락동,월세,저,84.99,25.71,30000,380,3.0,33D,,49767660,https://www.zigbang.com/home/apt/items/49767660
2026-08-09 03:31:36,헬리오시티,송파구,가락동,월세,중,110.66,33.47,30000,500,3.0,42A,,49736195,https://www.zigbang.com/home/apt/items/49736195
2026-08-09 03:31:36,헬리오시티,송파구,가락동,월세,중,84.99,25.71,30000,390,3.0,33D,,49711761,https://www.zigbang.com/home/apt/items/49711761
2026-08-09 03:31:36,헬리오시티,송파구,가락동,월세,고,110.66,33.47,30000,560,3.0,42A,,49415009,https://www.zigbang.com/home/apt/items/49415009
2026-08-09 03:31:36,헬리오시티,송파구,가락동,월세,저,59.96,18.14,30000,330,3.0,25,,49151572,https://www.zigbang.com/home/apt/items/49151572
2026-08-09 03:31:36,헬리오시티,송파구,가락동,월세,중,39.86,12.06,40000,180,4.0,19C,,49972052,https://www.zigbang.com/home/apt/items/49972052
2026-08-09 03:31:36,헬리오시티,송파구,가락동,월세,저,84.98,25.71,40000,350,4.0,33K,,49457597,https://www.zigbang.com/home/apt/items/49457597
2026-08-09 03:31:36,헬리오시티,송파구,가락동,월세,저,110.66,33.47,40000,500,4.0,42A,,48559300,https://www.zigbang.com/home/apt/items/48559300
2026-08-09 03:31:36,헬리오시티,송파구,가락동,월세,중,110.66,33.47,50000,440,5.0,42A,,49867458,https://www.zigbang.com/home/apt/items/49867458
2026-08-09 03:31:36,헬리오시티,송파구,가락동,월세,저,84.98,25.71,50000,320,5.0,33E,,49663243,https://www.zigbang.com/home/apt/items/49663243
2026-08-09 03:31:36,헬리오시티,송파구,가락동,월세,저,84.98,25.71,50000,320,5.0,33E,,49628952,https://www.zigbang.com/home/apt/items/49628952
2026-08-09 03:31:36,헬리오시티,송파구,가락동,월세,고,84.95,25.7,60000,280,6.0,33F,,49780031,https://www.zigbang.com/home/apt/items/49780031
2026-08-09 03:31:36,헬리오시티,송파구,가락동,월세,중,84.98,25.71,60000,260,6.0,32A,,49767765,https://www.zigbang.com/home/apt/items/49767765
2026-08-09 03:31:36,헬리오시티,송파구,가락동,월세,고,84.95,25.7,60000,300,6.0,33F,,49737293,https://www.zigbang.com/home/apt/items/49737293
2026-08-09 03:31:36,헬리오시티,송파구,가락동,월세,중,84.95,25.7,60000,300,6.0,33F,,49645319,https://www.zigbang.com/home/apt/items/49645319
2026-08-09 03:31:36,헬리오시티,송파구,가락동,월세,중,84.98,25.71,70000,240,7.0,33E,,49820223,https://www.zigbang.com/home/apt/items/49820223
2026-08-09 03:31:36,헬리오시티,송파구,가락동,월세,중,84.98,25.71,70000,240,7.0,33E,,49820189,https://www.zigbang.com/home/apt/items/49820189
2026-08-09 03:31:36,헬리오시티,송파구,가락동,월세,고,84.98,25.71,70000,240,7.0,32A,,49815754,https://www.zigbang.com/home/apt/items/49815754
2026-08-09 03:31:36,헬리오시티,송파구,가락동,월세,중,84.98,25.71,70000,240,7.0,33E,,49722781,https://www.zigbang.com/home/apt/items/49722781
2026-08-09 03:31:36,헬리오시티,송파구,가락동,월세,저,59.96,18.14,70000,165,7.0,25,,49722654,https://www.zigbang.com/home/apt/items/49722654
2026-08-09 03:31:36,헬리오시티,송파구,가락동,월세,중,59.96,18.14,70000,165,7.0,25,,49644655,https://www.zigbang.com/home/apt/items/49644655
2026-08-09 03:31:36,헬리오시티,송파구,가락동,월세,중,110.66,33.47,70000,400,7.0,42A,,49428742,https://www.zigbang.com/home/apt/items/49428742
2026-08-09 03:31:36,헬리오시티,송파구,가락동,월세,중,84.99,25.71,70000,240,7.0,33D,,48644184,https://www.zigbang.com/home/apt/items/48644184
2026-08-09 03:31:36,헬리오시티,송파구,가락동,월세,고,84.98,25.71,80000,200,8.0,32A,,49815633,https://www.zigbang.com/home/apt/items/49815633
2026-08-09 03:31:36,헬리오시티,송파구,가락동,월세,중,59.96,18.14,80000,140,8.0,25,,49227527,https://www.zigbang.com/home/apt/items/49227527
2026-08-09 03:31:36,헬리오시티,송파구,가락동,전세,중,39.1,11.83,83000,0,8.3,18A,,49926173,https://www.zigbang.com/home/apt/items/49926173
2026-08-09 03:31:36,헬리오시티,송파구,가락동,전세,중,39.86,12.06,85000,0,8.5,19C,,49795101,https://www.zigbang.com/home/apt/items/49795101
2026-08-09 03:31:36,헬리오시티,송파구,가락동,전세,중,39.86,12.06,85000,0,8.5,19C,,49751435,https://www.zigbang.com/home/apt/items/49751435
2026-08-09 03:31:36,헬리오시티,송파구,가락동,전세,중,39.12,11.83,85000,0,8.5,18B,,49751377,https://www.zigbang.com/home/apt/items/49751377
2026-08-09 03:31:36,헬리오시티,송파구,가락동,전세,고,39.1,11.83,85000,0,8.5,18A,,49723632,https://www.zigbang.com/home/apt/items/49723632
2026-08-09 03:31:36,헬리오시티,송파구,가락동,월세,중,84.95,25.7,100000,90,10.0,33F,,49885310,https://www.zigbang.com/home/apt/items/49885310
2026-08-09 03:31:36,헬리오시티,송파구,가락동,전세,고,59.96,18.14,105000,0,10.5,25,,49794871,https://www.zigbang.com/home/apt/items/49794871
2026-08-09 03:31:36,헬리오시티,송파구,가락동,전세,중,59.96,18.14,107000,0,10.7,25,,49570615,https://www.zigbang.com/home/apt/items/49570615
2026-08-09 03:31:36,헬리오시티,송파구,가락동,전세,고,59.96,18.14,108000,0,10.8,25,,49755305,https://www.zigbang.com/home/apt/items/49755305
2026-08-09 03:31:36,헬리오시티,송파구,가락동,전세,고,59.96,18.14,110000,0,11.0,25,,49113806,https://www.zigbang.com/home/apt/items/49113806
2026-08-09 03:31:36,헬리오시티,송파구,가락동,전세,중,84.95,25.7,120000,0,12.0,33F,,49885254,https://www.zigbang.com/home/apt/items/49885254
2026-08-09 03:31:36,헬리오시티,송파구,가락동,전세,중,84.95,25.7,125000,0,12.5,33F,,49818878,https://www.zigbang.com/home/apt/items/49818878
2026-08-09 03:31:36,헬리오시티,송파구,가락동,전세,중,84.95,25.7,125000,0,12.5,33F,,49785899,https://www.zigbang.com/home/apt/items/49785899
2026-08-09 03:31:36,헬리오시티,송파구,가락동,월세,저,110.44,33.41,130000,160,13.0,43B,,49895296,https://www.zigbang.com/home/apt/items/49895296
2026-08-09 03:31:36,헬리오시티,송파구,가락동,월세,13,110.66,33.47,130000,160,13.0,42A,,49816154,https://www.zigbang.com/home/apt/items/49816154
2026-08-09 03:31:36,헬리오시티,송파구,가락동,전세,중,84.98,25.71,130000,0,13.0,32A,,49786135,https://www.zigbang.com/home/apt/items/49786135
2026-08-09 03:31:36,헬리오시티,송파구,가락동,전세,중,84.95,25.7,130000,0,13.0,33F,,49724655,https://www.zigbang.com/home/apt/items/49724655
2026-08-09 03:31:36,헬리오시티,송파구,가락동,전세,중,84.98,25.71,130000,0,13.0,32A,,49722913,https://www.zigbang.com/home/apt/items/49722913
2026-08-09 03:31:36,헬리오시티,송파구,가락동,전세,중,84.98,25.71,130000,0,13.0,32A,,49716683,https://www.zigbang.com/home/apt/items/49716683
2026-08-09 03:31:36,헬리오시티,송파구,가락동,전세,고,84.99,25.71,130000,0,13.0,33C,,49675751,https://www.zigbang.com/home/apt/items/49675751
2026-08-09 03:31:36,헬리오시티,송파구,가락동,전세,저,84.99,25.71,133000,0,13.3,33D,,49642666,https://www.zigbang.com/home/apt/items/49642666
2026-08-09 03:31:36,헬리오시티,송파구,가락동,전세,저,84.98,25.71,133000,0,13.3,32A,,49060891,https://www.zigbang.com/home/apt/items/49060891
2026-08-09 03:31:36,헬리오시티,송파구,가락동,전세,고,84.98,25.71,134000,0,13.4,33E,,49716077,https://www.zigbang.com/home/apt/items/49716077
2026-08-09 03:31:36,헬리오시티,송파구,가락동,전세,중,84.95,25.7,135000,0,13.5,33F,,49634286,https://www.zigbang.com/home/apt/items/49634286
2026-08-09 03:31:36,헬리오시티,송파구,가락동,전세,고,84.95,25.7,135000,0,13.5,33F,,49621483,https://www.zigbang.com/home/apt/items/49621483
2026-08-09 03:31:36,헬리오시티,송파구,가락동,전세,고,99.6,30.13,150000,0,15.0,38,,49815992,https://www.zigbang.com/home/apt/items/49815992
2026-08-09 03:31:36,헬리오시티,송파구,가락동,전세,중,99.6,30.13,150000,0,15.0,38,,49591581,https://www.zigbang.com/home/apt/items/49591581
2026-08-09 03:31:36,헬리오시티,송파구,가락동,전세,중,110.44,33.41,152000,0,15.2,43B,,49980433,https://www.zigbang.com/home/apt/items/49980433
2026-08-09 03:31:36,헬리오시티,송파구,가락동,전세,저,99.6,30.13,155000,0,15.5,38,,49815587,https://www.zigbang.com/home/apt/items/49815587
2026-08-09 03:31:36,헬리오시티,송파구,가락동,전세,중,99.6,30.13,155000,0,15.5,38,,49799102,https://www.zigbang.com/home/apt/items/49799102
2026-08-09 03:31:36,헬리오시티,송파구,가락동,전세,중,99.6,30.13,155000,0,15.5,38,,49773852,https://www.zigbang.com/home/apt/items/49773852
2026-08-09 03:31:36,헬리오시티,송파구,가락동,전세,중,110.66,33.47,160000,0,16.0,42A,,49867155,https://www.zigbang.com/home/apt/items/49867155
2026-08-09 03:31:36,헬리오시티,송파구,가락동,전세,중,110.66,33.47,160000,0,16.0,42A,,49816036,https://www.zigbang.com/home/apt/items/49816036
2026-08-09 03:31:36,헬리오시티,송파구,가락동,전세,중,99.6,30.13,160000,0,16.0,38,,49675639,https://www.zigbang.com/home/apt/items/49675639
2026-08-09 03:31:36,헬리오시티,송파구,가락동,전세,중,110.66,33.47,165000,0,16.5,42A,,49816327,https://www.zigbang.com/home/apt/items/49816327
2026-08-09 03:31:36,헬리오시티,송파구,가락동,전세,중,110.44,33.41,170000,0,17.0,43B,,49671834,https://www.zigbang.com/home/apt/items/49671834
2026-08-09 03:31:36,헬리오시티,송파구,가락동,전세,10,110.44,33.41,170000,0,17.0,43B,,49826694,https://www.zigbang.com/home/apt/items/49826694
2026-08-09 03:31:36,헬리오시티,송파구,가락동,전세,27,110.44,33.41,170000,0,17.0,43B,,49379126,https://www.zigbang.com/home/apt/items/49379126
2026-08-09 03:31:36,헬리오시티,송파구,가락동,전세,저,110.44,33.41,170000,0,17.0,43B,,49306447,https://www.zigbang.com/home/apt/items/49306447
2026-08-09 03:31:36,헬리오시티,송파구,가락동,매매,중,39.1,11.83,200000,0,20.0,18A,,49948821,https://www.zigbang.com/home/apt/items/49948821
2026-08-09 03:31:36,헬리오시티,송파구,가락동,매매,중,39.1,11.83,201000,0,20.1,18A,,49949475,https://www.zigbang.com/home/apt/items/49949475
2026-08-09 03:31:36,헬리오시티,송파구,가락동,매매,중,39.1,11.83,201000,0,20.1,18A,,49796238,https://www.zigbang.com/home/apt/items/49796238
2026-08-09 03:31:36,헬리오시티,송파구,가락동,매매,중,39.12,11.83,205000,0,20.5,18B,,49949717,https://www.zigbang.com/home/apt/items/49949717
2026-08-09 03:31:36,헬리오시티,송파구,가락동,매매,고,39.1,11.83,205000,0,20.5,18A,,49949281,https://www.zigbang.com/home/apt/items/49949281
2026-08-09 03:31:36,헬리오시티,송파구,가락동,매매,중,39.1,11.83,205000,0,20.5,18A,,49723521,https://www.zigbang.com/home/apt/items/49723521
2026-08-09 03:31:36,헬리오시티,송파구,가락동,매매,중,39.1,11.83,205000,0,20.5,18A,,49670766,https://www.zigbang.com/home/apt/items/49670766
2026-08-09 03:31:36,헬리오시티,송파구,가락동,매매,중,39.12,11.83,206000,0,20.6,18B,,49736275,https://www.zigbang.com/home/apt/items/49736275
2026-08-09 03:31:36,헬리오시티,송파구,가락동,매매,중,39.1,11.83,210000,0,21.0,18A,,48698679,https://www.zigbang.com/home/apt/items/48698679
2026-08-09 03:31:36,헬리오시티,송파구,가락동,매매,고,39.86,12.06,215000,0,21.5,19C,,49429001,https://www.zigbang.com/home/apt/items/49429001
2026-08-09 03:31:36,헬리오시티,송파구,가락동,매매,중,49.19,14.88,248000,0,24.8,22A,,49398104,https://www.zigbang.com/home/apt/items/49398104
2026-08-09 03:31:36,헬리오시티,송파구,가락동,매매,중,49.32,14.92,249000,0,24.9,22B,,49778801,https://www.zigbang.com/home/apt/items/49778801
2026-08-09 03:31:36,헬리오시티,송파구,가락동,매매,중,49.32,14.92,250000,0,25.0,22B,,49711353,https://www.zigbang.com/home/apt/items/49711353
2026-08-09 03:31:36,헬리오시티,송파구,가락동,매매,고,49.32,14.92,250000,0,25.0,22B,,49393654,https://www.zigbang.com/home/apt/items/49393654
2026-08-09 03:31:36,헬리오시티,송파구,가락동,매매,중,84.98,25.71,270000,0,27.0,33E,,49966102,https://www.zigbang.com/home/apt/items/49966102
2026-08-09 03:31:36,헬리오시티,송파구,가락동,매매,저,59.96,18.14,275000,0,27.5,25,,49882542,https://www.zigbang.com/home/apt/items/49882542
2026-08-09 03:31:36,헬리오시티,송파구,가락동,매매,고,59.96,18.14,277000,0,27.7,25,,48488314,https://www.zigbang.com/home/apt/items/48488314
2026-08-09 03:31:36,헬리오시티,송파구,가락동,매매,고,59.96,18.14,280000,0,28.0,25,,49723101,https://www.zigbang.com/home/apt/items/49723101
2026-08-09 03:31:36,헬리오시티,송파구,가락동,매매,중,84.99,25.71,284000,0,28.4,33D,,49483717,https://www.zigbang.com/home/apt/items/49483717
2026-08-09 03:31:36,헬리오시티,송파구,가락동,매매,중,59.96,18.14,285000,0,28.5,25,,49783677,https://www.zigbang.com/home/apt/items/49783677
2026-08-09 03:31:36,헬리오시티,송파구,가락동,매매,고,84.99,25.71,288000,0,28.8,33D,,49723385,https://www.zigbang.com/home/apt/items/49723385
2026-08-09 03:31:36,헬리오시티,송파구,가락동,매매,고,84.96,25.7,288000,0,28.8,32J1,,49723223,https://www.zigbang.com/home/apt/items/49723223
2026-08-09 03:31:36,헬리오시티,송파구,가락동,매매,고,84.96,25.7,288000,0,28.8,32J1,,49209193,https://www.zigbang.com/home/apt/items/49209193
2026-08-09 03:31:36,헬리오시티,송파구,가락동,매매,1,84.96,25.7,290000,0,29.0,32J2,,255388,https://www.zigbang.com/home/apt/items/255388
2026-08-09 03:31:36,헬리오시티,송파구,가락동,매매,중,84.99,25.71,290000,0,29.0,33D,,49079198,https://www.zigbang.com/home/apt/items/49079198
2026-08-09 03:31:36,헬리오시티,송파구,가락동,매매,저,84.98,25.71,294000,0,29.4,33K,,49666786,https://www.zigbang.com/home/apt/items/49666786
2026-08-09 03:31:36,헬리오시티,송파구,가락동,매매,저,84.98,25.71,295000,0,29.5,33K,,49949617,https://www.zigbang.com/home/apt/items/49949617
2026-08-09 03:31:36,헬리오시티,송파구,가락동,매매,중,84.98,25.71,295000,0,29.5,33E,,49755621,https://www.zigbang.com/home/apt/items/49755621
2026-08-09 03:31:36,헬리오시티,송파구,가락동,매매,저,84.98,25.71,295000,0,29.5,33K,,49711822,https://www.zigbang.com/home/apt/items/49711822
2026-08-09 03:31:36,헬리오시티,송파구,가락동,매매,고,84.96,25.7,295000,0,29.5,32J2,,49084331,https://www.zigbang.com/home/apt/items/49084331
2026-08-09 03:31:36,헬리오시티,송파구,가락동,매매,중,84.98,25.71,295000,0,29.5,32A,,48440781,https://www.zigbang.com/home/apt/items/48440781
2026-08-09 03:31:36,헬리오시티,송파구,가락동,매매,고,84.96,25.7,296000,0,29.6,32J1,,49863584,https://www.zigbang.com/home/apt/items/49863584
2026-08-09 03:31:36,헬리오시티,송파구,가락동,매매,고,84.99,25.71,300000,0,30.0,33D,,49949490,https://www.zigbang.com/home/apt/items/49949490
2026-08-09 03:31:36,헬리오시티,송파구,가락동,매매,고,84.99,25.71,300000,0,30.0,33C,,49896382,https://www.zigbang.com/home/apt/items/49896382
2026-08-09 03:31:36,헬리오시티,송파구,가락동,매매,고,84.99,25.71,300000,0,30.0,33C,,49839693,https://www.zigbang.com/home/apt/items/49839693
2026-08-09 03:31:36,헬리오시티,송파구,가락동,매매,고,84.98,25.71,300000,0,30.0,33K,,49724558,https://www.zigbang.com/home/apt/items/49724558
2026-08-09 03:31:36,헬리오시티,송파구,가락동,매매,중,84.95,25.7,300000,0,30.0,33F,,49722566,https://www.zigbang.com/home/apt/items/49722566
2026-08-09 03:31:36,헬리오시티,송파구,가락동,매매,중,84.98,25.71,300000,0,30.0,32A,,48684451,https://www.zigbang.com/home/apt/items/48684451
2026-08-09 03:31:36,헬리오시티,송파구,가락동,매매,고,84.98,25.71,300000,0,30.0,33E,,47764035,https://www.zigbang.com/home/apt/items/47764035
2026-08-09 03:31:36,헬리오시티,송파구,가락동,매매,중,84.95,25.7,300000,0,30.0,33F,,47623531,https://www.zigbang.com/home/apt/items/47623531
2026-08-09 03:31:36,헬리오시티,송파구,가락동,매매,저,84.98,25.71,300000,0,30.0,33E,,47623477,https://www.zigbang.com/home/apt/items/47623477
2026-08-09 03:31:36,헬리오시티,송파구,가락동,매매,저,84.98,25.71,302000,0,30.2,33E,,49352561,https://www.zigbang.com/home/apt/items/49352561
2026-08-09 03:31:36,헬리오시티,송파구,가락동,매매,중,84.95,25.7,304000,0,30.4,33F,,49352602,https://www.zigbang.com/home/apt/items/49352602
2026-08-09 03:31:36,헬리오시티,송파구,가락동,매매,중,84.99,25.71,305000,0,30.5,33D,,49950747,https://www.zigbang.com/home/apt/items/49950747
2026-08-09 03:31:36,헬리오시티,송파구,가락동,매매,고,84.98,25.71,305000,0,30.5,32A,,49896030,https://www.zigbang.com/home/apt/items/49896030
2026-08-09 03:31:36,헬리오시티,송파구,가락동,매매,중,84.98,25.71,305000,0,30.5,33E,,49668542,https://www.zigbang.com/home/apt/items/49668542
2026-08-09 03:31:36,헬리오시티,송파구,가락동,매매,중,84.95,25.7,305000,0,30.5,33F,,49116042,https://www.zigbang.com/home/apt/items/49116042
2026-08-09 03:31:36,헬리오시티,송파구,가락동,매매,고,84.99,25.71,305000,0,30.5,33D,,47637625,https://www.zigbang.com/home/apt/items/47637625
2026-08-09 03:31:36,헬리오시티,송파구,가락동,매매,중,84.94,25.69,310000,0,31.0,32I,,49895535,https://www.zigbang.com/home/apt/items/49895535
2026-08-09 03:31:36,헬리오시티,송파구,가락동,매매,중,84.99,25.71,310000,0,31.0,33D,,49722313,https://www.zigbang.com/home/apt/items/49722313
2026-08-09 03:31:36,헬리오시티,송파구,가락동,매매,중,84.99,25.71,310000,0,31.0,33D,,49344299,https://www.zigbang.com/home/apt/items/49344299
2026-08-09 03:31:36,헬리오시티,송파구,가락동,매매,중,84.95,25.7,310000,0,31.0,33F,,48763084,https://www.zigbang.com/home/apt/items/48763084
2026-08-09 03:31:36,헬리오시티,송파구,가락동,매매,중,84.99,25.71,310000,0,31.0,33C,,48315019,https://www.zigbang.com/home/apt/items/48315019
2026-08-09 03:31:36,헬리오시티,송파구,가락동,매매,중,84.95,25.7,310000,0,31.0,33F,,47616320,https://www.zigbang.com/home/apt/items/47616320
2026-08-09 03:31:36,헬리오시티,송파구,가락동,매매,중,84.99,25.71,310000,0,31.0,33D,,47616240,https://www.zigbang.com/home/apt/items/47616240
2026-08-09 03:31:36,헬리오시티,송파구,가락동,매매,17,84.98,25.71,315000,0,31.5,33K,,49666824,https://www.zigbang.com/home/apt/items/49666824
2026-08-09 03:31:36,헬리오시티,송파구,가락동,매매,중,99.6,30.13,318000,0,31.8,38,,48292041,https://www.zigbang.com/home/apt/items/48292041
2026-08-09 03:31:36,헬리오시티,송파구,가락동,매매,21,84.95,25.7,318000,0,31.8,33F,,49742775,https://www.zigbang.com/home/apt/items/49742775
2026-08-09 03:31:36,헬리오시티,송파구,가락동,매매,중,99.6,30.13,320000,0,32.0,38,,48502942,https://www.zigbang.com/home/apt/items/48502942
2026-08-09 03:31:36,헬리오시티,송파구,가락동,매매,중,99.6,30.13,320000,0,32.0,38,,48292015,https://www.zigbang.com/home/apt/items/48292015
2026-08-09 03:31:36,헬리오시티,송파구,가락동,매매,중,84.99,25.71,330000,0,33.0,33D,,46815166,https://www.zigbang.com/home/apt/items/46815166
2026-08-09 03:31:36,헬리오시티,송파구,가락동,매매,저,110.66,33.47,335000,0,33.5,42A,,48988446,https://www.zigbang.com/home/apt/items/48988446
2026-08-09 03:31:36,헬리오시티,송파구,가락동,매매,저,110.44,33.41,340000,0,34.0,43B,,49708876,https://www.zigbang.com/home/apt/items/49708876
2026-08-09 03:31:36,헬리오시티,송파구,가락동,매매,중,99.6,30.13,340000,0,34.0,38,,49281701,https://www.zigbang.com/home/apt/items/49281701
2026-08-09 03:31:36,헬리오시티,송파구,가락동,매매,저,110.44,33.41,340000,0,34.0,43B,,48988558,https://www.zigbang.com/home/apt/items/48988558
2026-08-09 03:31:36,헬리오시티,송파구,가락동,매매,저,110.44,33.41,340000,0,34.0,43B,,47765234,https://www.zigbang.com/home/apt/items/47765234
2026-08-09 03:31:36,헬리오시티,송파구,가락동,매매,중,110.66,33.47,345000,0,34.5,42A,,49323400,https://www.zigbang.com/home/apt/items/49323400
2026-08-09 03:31:36,헬리오시티,송파구,가락동,매매,중,110.44,33.41,350000,0,35.0,43B,,49708771,https://www.zigbang.com/home/apt/items/49708771
2026-08-09 03:31:36,헬리오시티,송파구,가락동,매매,고,110.44,33.41,350000,0,35.0,43B,,49707097,https://www.zigbang.com/home/apt/items/49707097
2026-08-09 03:31:36,헬리오시티,송파구,가락동,매매,27,99.6,30.13,360000,0,36.0,38,,49826113,https://www.zigbang.com/home/apt/items/49826113
2026-08-09 03:31:36,헬리오시티,송파구,가락동,매매,29,150.09,45.4,550000,0,55.0,58C,,49826778,https://www.zigbang.com/home/apt/items/49826778
2026-08-09 03:31:36,e편한세상송파파크센트럴,송파구,거여동,월세,저,84.97,25.7,10000,340,1.0,34C,,49706395,https://www.zigbang.com/home/apt/items/49706395
2026-08-09 03:31:36,e편한세상송파파크센트럴,송파구,거여동,월세,저,84.95,25.7,50000,200,5.0,34F,,49577870,https://www.zigbang.com/home/apt/items/49577870
2026-08-09 03:31:36,e편한세상송파파크센트럴,송파구,거여동,월세,중,84.96,25.7,70000,120,7.0,34H,,49620875,https://www.zigbang.com/home/apt/items/49620875
2026-08-09 03:31:36,e편한세상송파파크센트럴,송파구,거여동,전세,16,59.96,18.14,85000,0,8.5,25A,,49783638,https://www.zigbang.com/home/apt/items/49783638
2026-08-09 03:31:36,e편한세상송파파크센트럴,송파구,거여동,전세,중,59.96,18.14,87000,0,8.7,25A,,49629299,https://www.zigbang.com/home/apt/items/49629299
2026-08-09 03:31:36,e편한세상송파파크센트럴,송파구,거여동,전세,14,84.96,25.7,100000,0,10.0,34H,,49784346,https://www.zigbang.com/home/apt/items/49784346
2026-08-09 03:31:36,e편한세상송파파크센트럴,송파구,거여동,전세,4,113.18,34.24,110000,0,11.0,41B,,49508433,https://www.zigbang.com/home/apt/items/49508433
2026-08-09 03:31:36,e편한세상송파파크센트럴,송파구,거여동,매매,5,59.94,18.13,180000,0,18.0,25B,,49664292,https://www.zigbang.com/home/apt/items/49664292
2026-08-09 03:31:36,e편한세상송파파크센트럴,송파구,거여동,매매,10,59.94,18.13,190000,0,19.0,25B,,48956706,https://www.zigbang.com/home/apt/items/48956706
2026-08-09 03:31:36,e편한세상송파파크센트럴,송파구,거여동,매매,중,84.97,25.7,200000,0,20.0,34C,,49731605,https://www.zigbang.com/home/apt/items/49731605
2026-08-09 03:31:36,e편한세상송파파크센트럴,송파구,거여동,매매,4,84.96,25.7,200000,0,20.0,34H,,49558097,https://www.zigbang.com/home/apt/items/49558097
2026-08-09 03:31:36,e편한세상송파파크센트럴,송파구,거여동,매매,중,84.95,25.7,200000,0,20.0,34F,,49073184,https://www.zigbang.com/home/apt/items/49073184
2026-08-09 03:31:36,e편한세상송파파크센트럴,송파구,거여동,매매,중,84.95,25.7,200000,0,20.0,34F,,48948646,https://www.zigbang.com/home/apt/items/48948646
2026-08-09 03:31:36,e편한세상송파파크센트럴,송파구,거여동,매매,7,84.96,25.7,205000,0,20.5,34A,,48993461,https://www.zigbang.com/home/apt/items/48993461
2026-08-09 03:31:36,e편한세상송파파크센트럴,송파구,거여동,매매,5,84.96,25.7,220000,0,22.0,34A,,49125194,https://www.zigbang.com/home/apt/items/49125194
2026-08-09 03:31:36,e편한세상송파파크센트럴,송파구,거여동,매매,13,113.18,34.24,225000,0,22.5,41B,,49666501,https://www.zigbang.com/home/apt/items/49666501
2026-08-09 03:31:36,거여2단지효성동아,송파구,거여동,매매,고,134.88,40.8,215000,0,21.5,48,,49982120,https://www.zigbang.com/home/apt/items/49982120
2026-08-09 03:31:36,보화2차,송파구,거여동,매매,고,40.38,12.21,130000,0,13.0,15A,,49976687,https://www.zigbang.com/home/apt/items/49976687
2026-08-09 03:31:36,송파레이크파크호반써밋1차,송파구,거여동,월세,중,108.8119,32.92,80000,100,8.0,41A,,49773941,https://www.zigbang.com/home/apt/items/49773941
2026-08-09 03:31:36,송파레이크파크호반써밋1차,송파구,거여동,전세,저,108.8119,32.92,110000,0,11.0,41A,,49079212,https://www.zigbang.com/home/apt/items/49079212
2026-08-09 03:31:36,송파레이크파크호반써밋1차,송파구,거여동,매매,중,108.8119,32.92,209000,0,20.9,41A,,49787150,https://www.zigbang.com/home/apt/items/49787150
2026-08-09 03:31:36,송파레이크파크호반써밋1차,송파구,거여동,매매,중,108.8119,32.92,209000,0,20.9,41A,,49665380,https://www.zigbang.com/home/apt/items/49665380
2026-08-09 03:31:36,송파레이크파크호반써밋1차,송파구,거여동,매매,저,108.8119,32.92,209000,0,20.9,41A,,48858350,https://www.zigbang.com/home/apt/items/48858350
2026-08-09 03:31:36,송파레이크파크호반써밋1차,송파구,거여동,매매,중,108.8119,32.92,210000,0,21.0,41A,,48404828,https://www.zigbang.com/home/apt/items/48404828
2026-08-09 03:31:36,송파레이크파크호반써밋1차,송파구,거여동,매매,고,108.8119,32.92,220000,0,22.0,41A,,49952393,https://www.zigbang.com/home/apt/items/49952393
2026-08-09 03:31:36,송파레이크파크호반써밋2차,송파구,거여동,월세,중,108.8119,32.92,100000,80,10.0,41A,,49658473,https://www.zigbang.com/home/apt/items/49658473
2026-08-09 03:31:36,송파레이크파크호반써밋2차,송파구,거여동,전세,저,110.8519,33.53,120000,0,12.0,42A,,49779216,https://www.zigbang.com/home/apt/items/49779216
2026-08-09 03:31:36,송파레이크파크호반써밋2차,송파구,거여동,전세,11,108.8119,32.92,120000,0,12.0,41A,,49782851,https://www.zigbang.com/home/apt/items/49782851
2026-08-09 03:31:36,송파레이크파크호반써밋2차,송파구,거여동,매매,중,108.8109,32.92,235000,0,23.5,41C,,49977811,https://www.zigbang.com/home/apt/items/49977811
2026-08-09 03:31:36,송파레이크파크호반써밋2차,송파구,거여동,매매,13,108.8119,32.92,240000,0,24.0,41A,,49391124,https://www.zigbang.com/home/apt/items/49391124
2026-08-09 03:31:36,송파레이크파크호반써밋2차,송파구,거여동,매매,중,108.8109,32.92,290000,0,29.0,41C,,46667888,https://www.zigbang.com/home/apt/items/46667888
2026-08-09 03:31:36,송파레이크힐,송파구,거여동,월세,5,84.92,25.69,20000,350,2.0,33C,,49679602,https://www.zigbang.com/home/apt/items/49679602
2026-08-09 03:31:36,송파레이크힐,송파구,거여동,월세,5,74.93,22.67,25000,240,2.5,29D,,207668,https://www.zigbang.com/home/apt/items/207668
2026-08-09 03:31:36,송파레이크힐,송파구,거여동,월세,중,74.9,22.66,25000,200,2.5,29E,,49712416,https://www.zigbang.com/home/apt/items/49712416
2026-08-09 03:31:36,송파레이크힐,송파구,거여동,월세,저,74.96,22.68,30000,250,3.0,29A,,49851017,https://www.zigbang.com/home/apt/items/49851017
2026-08-09 03:31:36,송파레이크힐,송파구,거여동,월세,고,84.92,25.69,35000,280,3.5,33C,,49978691,https://www.zigbang.com/home/apt/items/49978691
2026-08-09 03:31:36,송파레이크힐,송파구,거여동,월세,중,74.9,22.66,40000,190,4.0,29C,,49795934,https://www.zigbang.com/home/apt/items/49795934
2026-08-09 03:31:36,송파레이크힐,송파구,거여동,월세,중,74.9,22.66,40000,200,4.0,29C,,49178745,https://www.zigbang.com/home/apt/items/49178745
2026-08-09 03:31:36,송파레이크힐,송파구,거여동,전세,저,74.96,22.68,85000,0,8.5,29A,,49990554,https://www.zigbang.com/home/apt/items/49990554
2026-08-09 03:31:36,송파레이크힐,송파구,거여동,전세,저,74.9,22.66,85000,0,8.5,29E,,49930393,https://www.zigbang.com/home/apt/items/49930393
2026-08-09 03:31:36,송파레이크힐,송파구,거여동,전세,중,74.9,22.66,85000,0,8.5,29C,,49781976,https://www.zigbang.com/home/apt/items/49781976
2026-08-09 03:31:36,송파레이크힐,송파구,거여동,전세,2,74.96,22.68,85000,0,8.5,29A,,49625301,https://www.zigbang.com/home/apt/items/49625301
2026-08-09 03:31:36,송파레이크힐,송파구,거여동,전세,저,84.75,25.64,100000,0,10.0,33A,,49347429,https://www.zigbang.com/home/apt/items/49347429
2026-08-09 03:31:36,송파레이크힐,송파구,거여동,전세,고,84.75,25.64,100000,0,10.0,33A,,48765634,https://www.zigbang.com/home/apt/items/48765634
2026-08-09 03:31:36,송파레이크힐,송파구,거여동,매매,저,64.94,19.64,175000,0,17.5,25A,,49489943,https://www.zigbang.com/home/apt/items/49489943
2026-08-09 03:31:36,송파레이크힐,송파구,거여동,매매,중,64.94,19.64,180000,0,18.0,25A,,49938033,https://www.zigbang.com/home/apt/items/49938033
2026-08-09 03:31:36,송파레이크힐,송파구,거여동,매매,저,74.9,22.66,190000,0,19.0,29E,,49362815,https://www.zigbang.com/home/apt/items/49362815
2026-08-09 03:31:36,송파레이크힐,송파구,거여동,매매,저,74.96,22.68,200000,0,20.0,29A,,49851010,https://www.zigbang.com/home/apt/items/49851010
2026-08-09 03:31:36,송파레이크힐,송파구,거여동,매매,중,74.96,22.68,200000,0,20.0,29B,,49350405,https://www.zigbang.com/home/apt/items/49350405
2026-08-09 03:31:36,송파레이크힐,송파구,거여동,매매,저,74.9,22.66,200000,0,20.0,29E,,49051584,https://www.zigbang.com/home/apt/items/49051584
2026-08-09 03:31:36,송파레이크힐,송파구,거여동,매매,저,84.75,25.64,210000,0,21.0,33A,,49561855,https://www.zigbang.com/home/apt/items/49561855
2026-08-09 03:31:36,송파레이크힐,송파구,거여동,매매,5,84.75,25.64,220000,0,22.0,33A,,248427,https://www.zigbang.com/home/apt/items/248427
2026-08-09 03:31:36,송파레이크힐,송파구,거여동,매매,중,84.75,25.64,220000,0,22.0,33A,,49540387,https://www.zigbang.com/home/apt/items/49540387
2026-08-09 03:31:36,송파시그니처롯데캐슬,송파구,거여동,월세,저,84.98,25.71,35000,240,3.5,33B,,49815484,https://www.zigbang.com/home/apt/items/49815484
2026-08-09 03:31:36,송파시그니처롯데캐슬,송파구,거여동,월세,저,84.98,25.71,35000,260,3.5,33B,,49803782,https://www.zigbang.com/home/apt/items/49803782
2026-08-09 03:31:36,송파시그니처롯데캐슬,송파구,거여동,월세,저,84.98,25.71,60000,220,6.0,34,,49976496,https://www.zigbang.com/home/apt/items/49976496
2026-08-09 03:31:36,송파시그니처롯데캐슬,송파구,거여동,전세,1,59.98,18.14,80000,0,8.0,25,,49065139,https://www.zigbang.com/home/apt/items/49065139
2026-08-09 03:31:36,송파시그니처롯데캐슬,송파구,거여동,전세,저,84.98,25.71,90000,0,9.0,33B,,49308492,https://www.zigbang.com/home/apt/items/49308492
2026-08-09 03:31:36,송파시그니처롯데캐슬,송파구,거여동,전세,저,84.98,25.71,100000,0,10.0,33B,,49799241,https://www.zigbang.com/home/apt/items/49799241
2026-08-09 03:31:36,송파시그니처롯데캐슬,송파구,거여동,전세,2,84.98,25.71,100000,0,10.0,33B,,49065233,https://www.zigbang.com/home/apt/items/49065233
2026-08-09 03:31:36,송파시그니처롯데캐슬,송파구,거여동,전세,14,84.98,25.71,103000,0,10.3,34B,,243063,https://www.zigbang.com/home/apt/items/243063
2026-08-09 03:31:36,송파시그니처롯데캐슬,송파구,거여동,매매,6,59.98,18.14,185000,0,18.5,25,,49474753,https://www.zigbang.com/home/apt/items/49474753
2026-08-09 03:31:36,송파시그니처롯데캐슬,송파구,거여동,매매,7,59.98,18.14,190000,0,19.0,26B,,49474770,https://www.zigbang.com/home/apt/items/49474770
2026-08-09 03:31:36,송파시그니처롯데캐슬,송파구,거여동,매매,1,84.98,25.71,200000,0,20.0,33A,,49066189,https://www.zigbang.com/home/apt/items/49066189
2026-08-09 03:31:36,송파시그니처롯데캐슬,송파구,거여동,매매,14,84.98,25.71,205000,0,20.5,34C,,49018433,https://www.zigbang.com/home/apt/items/49018433
2026-08-09 03:31:36,송파시그니처롯데캐슬,송파구,거여동,매매,9,84.98,25.71,210000,0,21.0,34A,,49930271,https://www.zigbang.com/home/apt/items/49930271
2026-08-09 03:31:36,송파시그니처롯데캐슬,송파구,거여동,매매,10,84.98,25.71,210000,0,21.0,34A,,49930163,https://www.zigbang.com/home/apt/items/49930163
2026-08-09 03:31:36,송파시그니처롯데캐슬,송파구,거여동,매매,3,84.98,25.71,210000,0,21.0,33B,,49725135,https://www.zigbang.com/home/apt/items/49725135
2026-08-09 03:31:36,송파시그니처롯데캐슬,송파구,거여동,매매,13,84.98,25.71,210000,0,21.0,34A,,49084517,https://www.zigbang.com/home/apt/items/49084517
2026-08-09 03:31:36,송파시그니처롯데캐슬,송파구,거여동,매매,11,84.98,25.71,210000,0,21.0,34A,,49081704,https://www.zigbang.com/home/apt/items/49081704
2026-08-09 03:31:36,송파시그니처롯데캐슬,송파구,거여동,매매,11,84.98,25.71,210000,0,21.0,34B,,49066240,https://www.zigbang.com/home/apt/items/49066240
2026-08-09 03:31:36,송파시그니처롯데캐슬,송파구,거여동,매매,8,84.98,25.71,210000,0,21.0,33A,,49066115,https://www.zigbang.com/home/apt/items/49066115
2026-08-09 03:31:36,송파시그니처롯데캐슬,송파구,거여동,매매,22,84.98,25.71,220000,0,22.0,33A,,255762,https://www.zigbang.com/home/apt/items/255762
2026-08-09 03:31:36,송파시그니처롯데캐슬,송파구,거여동,매매,31,84.98,25.71,220000,0,22.0,33A,,49065489,https://www.zigbang.com/home/apt/items/49065489
2026-08-09 03:31:36,송파시그니처롯데캐슬,송파구,거여동,매매,9,84.98,25.71,227000,0,22.7,34,,49081357,https://www.zigbang.com/home/apt/items/49081357
2026-08-09 03:31:36,송파시그니처롯데캐슬,송파구,거여동,매매,15,84.98,25.71,230000,0,23.0,33A,,49066419,https://www.zigbang.com/home/apt/items/49066419
2026-08-09 03:31:36,송파시그니처롯데캐슬,송파구,거여동,매매,26,84.98,25.71,230000,0,23.0,33A,,49065572,https://www.zigbang.com/home/apt/items/49065572
2026-08-09 03:31:36,송파시그니처롯데캐슬,송파구,거여동,매매,9,84.98,25.71,230000,0,23.0,33A,,49018024,https://www.zigbang.com/home/apt/items/49018024
2026-08-09 03:31:36,송파시그니처롯데캐슬,송파구,거여동,매매,저,108.98,32.97,235000,0,23.5,41,,49557937,https://www.zigbang.com/home/apt/items/49557937
2026-08-09 03:31:36,송파시그니처롯데캐슬,송파구,거여동,매매,고,84.98,25.71,235000,0,23.5,33A,,49018671,https://www.zigbang.com/home/apt/items/49018671
2026-08-09 03:31:36,송파시그니처롯데캐슬,송파구,거여동,매매,13,84.98,25.71,235000,0,23.5,33A,,49018586,https://www.zigbang.com/home/apt/items/49018586
2026-08-09 03:31:36,송파시그니처롯데캐슬,송파구,거여동,매매,4,108.98,32.97,237000,0,23.7,41,,49018717,https://www.zigbang.com/home/apt/items/49018717
2026-08-09 03:31:36,송파시그니처롯데캐슬,송파구,거여동,매매,16,84.98,25.71,250000,0,25.0,34C,,49081734,https://www.zigbang.com/home/apt/items/49081734
2026-08-09 03:31:36,송파시그니처롯데캐슬,송파구,거여동,매매,11,84.98,25.71,250000,0,25.0,34,,49066380,https://www.zigbang.com/home/apt/items/49066380
2026-08-09 03:31:36,송파시그니처롯데캐슬,송파구,거여동,매매,30,84.98,25.71,250000,0,25.0,33B,,49065865,https://www.zigbang.com/home/apt/items/49065865
2026-08-09 03:31:36,송파시그니처롯데캐슬,송파구,거여동,매매,13,108.98,32.97,320000,0,32.0,41,,177300,https://www.zigbang.com/home/apt/items/177300
2026-08-09 03:31:36,송파위례리슈빌,송파구,거여동,전세,중,105.4624,31.9,115000,0,11.5,40,,49748155,https://www.zigbang.com/home/apt/items/49748155
2026-08-09 03:31:36,송파위례리슈빌,송파구,거여동,전세,저,105.4624,31.9,125000,0,12.5,40T,,49721389,https://www.zigbang.com/home/apt/items/49721389
2026-08-09 03:31:36,송파위례리슈빌,송파구,거여동,매매,중,105.4624,31.9,240000,0,24.0,40,,49395204,https://www.zigbang.com/home/apt/items/49395204
2026-08-09 03:31:36,송파위례리슈빌,송파구,거여동,매매,고,105.4624,31.9,250000,0,25.0,40,,49711474,https://www.zigbang.com/home/apt/items/49711474
2026-08-09 03:31:36,송파위례리슈빌,송파구,거여동,매매,5,116.6104,35.27,295000,0,29.5,44A,,49349598,https://www.zigbang.com/home/apt/items/49349598
2026-08-09 03:31:36,쌍용스윗닷홈거여역1차,송파구,거여동,매매,7,84.95,25.7,130000,0,13.0,31,,250237,https://www.zigbang.com/home/apt/items/250237
2026-08-09 03:31:36,포레나송파,송파구,거여동,월세,고,66.83,20.22,40000,170,4.0,26A,,49783984,https://www.zigbang.com/home/apt/items/49783984
2026-08-09 03:31:36,포레나송파,송파구,거여동,월세,중,80.57,24.37,50000,160,5.0,31E,,49779059,https://www.zigbang.com/home/apt/items/49779059
2026-08-09 03:31:36,포레나송파,송파구,거여동,월세,10,80.72,24.42,50000,180,5.0,31D,,49587965,https://www.zigbang.com/home/apt/items/49587965
2026-08-09 03:31:36,포레나송파,송파구,거여동,월세,저,75.6,22.87,50000,200,5.0,30B,,49572414,https://www.zigbang.com/home/apt/items/49572414
2026-08-09 03:31:36,포레나송파,송파구,거여동,월세,중,80.69,24.41,50000,160,5.0,31F,,49781074,https://www.zigbang.com/home/apt/items/49781074
2026-08-09 03:31:36,포레나송파,송파구,거여동,월세,중,80.72,24.42,70000,80,7.0,31D,,49237445,https://www.zigbang.com/home/apt/items/49237445
2026-08-09 03:31:36,포레나송파,송파구,거여동,월세,고,80.41,24.32,80000,30,8.0,31A,,49931782,https://www.zigbang.com/home/apt/items/49931782
2026-08-09 03:31:36,포레나송파,송파구,거여동,전세,저,66.83,20.22,80000,0,8.0,26A,,49819959,https://www.zigbang.com/home/apt/items/49819959
2026-08-09 03:31:36,포레나송파,송파구,거여동,월세,고,70.95,21.46,80000,30,8.0,28B,,49724380,https://www.zigbang.com/home/apt/items/49724380
2026-08-09 03:31:36,포레나송파,송파구,거여동,전세,중,70.95,21.46,80000,0,8.0,28B,,49980369,https://www.zigbang.com/home/apt/items/49980369
2026-08-09 03:31:36,포레나송파,송파구,거여동,전세,11,70.95,21.46,85000,0,8.5,28B,,49778797,https://www.zigbang.com/home/apt/items/49778797
2026-08-09 03:31:36,포레나송파,송파구,거여동,전세,중,70.99,21.47,85000,0,8.5,28D,,49635080,https://www.zigbang.com/home/apt/items/49635080
2026-08-09 03:31:36,포레나송파,송파구,거여동,전세,중,80.72,24.42,85000,0,8.5,31D,,49804217,https://www.zigbang.com/home/apt/items/49804217
2026-08-09 03:31:36,포레나송파,송파구,거여동,전세,중,80.72,24.42,85000,0,8.5,31D,,49129907,https://www.zigbang.com/home/apt/items/49129907
2026-08-09 03:31:36,포레나송파,송파구,거여동,전세,고,80.41,24.32,87000,0,8.7,31A,,49931781,https://www.zigbang.com/home/apt/items/49931781
2026-08-09 03:31:36,포레나송파,송파구,거여동,전세,중,84.6,25.59,87000,0,8.7,33B,,49907648,https://www.zigbang.com/home/apt/items/49907648
2026-08-09 03:31:36,포레나송파,송파구,거여동,전세,중,84.6,25.59,87000,0,8.7,33B,,49803389,https://www.zigbang.com/home/apt/items/49803389
2026-08-09 03:31:36,포레나송파,송파구,거여동,전세,고,80.72,24.42,88000,0,8.8,31D,,49884441,https://www.zigbang.com/home/apt/items/49884441
2026-08-09 03:31:36,포레나송파,송파구,거여동,전세,21,84.8,25.65,89000,0,8.9,33A,,49660602,https://www.zigbang.com/home/apt/items/49660602
2026-08-09 03:31:36,포레나송파,송파구,거여동,전세,10,80.72,24.42,90000,0,9.0,31D,,49587923,https://www.zigbang.com/home/apt/items/49587923
2026-08-09 03:31:36,포레나송파,송파구,거여동,전세,중,84.8,25.65,93000,0,9.3,33A,,49689611,https://www.zigbang.com/home/apt/items/49689611
2026-08-09 03:31:36,포레나송파,송파구,거여동,전세,중,80.57,24.37,95000,0,9.5,31E,,49779113,https://www.zigbang.com/home/apt/items/49779113
2026-08-09 03:31:36,포레나송파,송파구,거여동,매매,중,70.65,21.37,172000,0,17.2,28A,,49992006,https://www.zigbang.com/home/apt/items/49992006
2026-08-09 03:31:36,포레나송파,송파구,거여동,매매,저,66.83,20.22,175000,0,17.5,26A,,49967161,https://www.zigbang.com/home/apt/items/49967161
2026-08-09 03:31:36,포레나송파,송파구,거여동,매매,중,66.83,20.22,178000,0,17.8,26A,,49644766,https://www.zigbang.com/home/apt/items/49644766
2026-08-09 03:31:36,포레나송파,송파구,거여동,매매,저,66.83,20.22,180000,0,18.0,26A,,49819884,https://www.zigbang.com/home/apt/items/49819884
2026-08-09 03:31:36,포레나송파,송파구,거여동,매매,중,70.95,21.46,185000,0,18.5,28B,,49984853,https://www.zigbang.com/home/apt/items/49984853
2026-08-09 03:31:36,포레나송파,송파구,거여동,매매,중,70.95,21.46,188000,0,18.8,28B,,49935639,https://www.zigbang.com/home/apt/items/49935639
2026-08-09 03:31:36,포레나송파,송파구,거여동,매매,고,66.83,20.22,190000,0,19.0,26A,,49006956,https://www.zigbang.com/home/apt/items/49006956
2026-08-09 03:31:36,포레나송파,송파구,거여동,매매,중,70.95,21.46,190000,0,19.0,28B,,48502419,https://www.zigbang.com/home/apt/items/48502419
2026-08-09 03:31:36,포레나송파,송파구,거여동,매매,고,75.91,22.96,190000,0,19.0,29A,,49967027,https://www.zigbang.com/home/apt/items/49967027
2026-08-09 03:31:36,포레나송파,송파구,거여동,매매,고,80.41,24.32,195000,0,19.5,31A,,49109961,https://www.zigbang.com/home/apt/items/49109961
2026-08-09 03:31:36,포레나송파,송파구,거여동,매매,중,70.95,21.46,205000,0,20.5,28B,,49620830,https://www.zigbang.com/home/apt/items/49620830
2026-08-09 03:31:36,포레나송파,송파구,거여동,매매,8,80.36,24.31,210000,0,21.0,31C,,246644,https://www.zigbang.com/home/apt/items/246644
2026-08-09 03:31:36,포레나송파,송파구,거여동,매매,중,80.41,24.32,210000,0,21.0,31A,,49237538,https://www.zigbang.com/home/apt/items/49237538
2026-08-09 03:31:36,포레나송파,송파구,거여동,매매,중,80.41,24.32,210000,0,21.0,31A,,48837040,https://www.zigbang.com/home/apt/items/48837040
2026-08-09 03:31:36,포레나송파,송파구,거여동,매매,중,84.8,25.65,210000,0,21.0,33A,,49208656,https://www.zigbang.com/home/apt/items/49208656
2026-08-09 03:31:36,포레나송파,송파구,거여동,매매,고,84.8,25.65,215000,0,21.5,33A,,48918749,https://www.zigbang.com/home/apt/items/48918749
2026-08-09 03:31:36,포레나송파,송파구,거여동,매매,저,75.91,22.96,215000,0,21.5,29A,,48837369,https://www.zigbang.com/home/apt/items/48837369
2026-08-09 03:31:36,포레나송파,송파구,거여동,매매,고,75.91,22.96,215000,0,21.5,29A,,48121863,https://www.zigbang.com/home/apt/items/48121863
2026-08-09 03:31:36,포레나송파,송파구,거여동,매매,중,80.41,24.32,215000,0,21.5,31A,,49612320,https://www.zigbang.com/home/apt/items/49612320
2026-08-09 03:31:36,포레나송파,송파구,거여동,매매,중,80.57,24.37,219000,0,21.9,31E,,49562340,https://www.zigbang.com/home/apt/items/49562340
2026-08-09 03:31:36,포레나송파,송파구,거여동,매매,10,80.72,24.42,220000,0,22.0,31D,,49592460,https://www.zigbang.com/home/apt/items/49592460
2026-08-09 03:31:36,포레나송파,송파구,거여동,매매,고,84.6,25.59,230000,0,23.0,33B,,49067653,https://www.zigbang.com/home/apt/items/49067653
2026-08-09 03:31:36,포레나송파,송파구,거여동,매매,고,84.8,25.65,250000,0,25.0,33A,,49954182,https://www.zigbang.com/home/apt/items/49954182
2026-08-09 03:31:36,송파파크데일2단지,송파구,마천동,매매,7,84.86,25.67,150000,0,15.0,34B,,49597493,https://www.zigbang.com/home/apt/items/49597493
2026-08-09 03:31:36,송파파크데일2단지,송파구,마천동,매매,12,84.99,25.71,180000,0,18.0,34C,,252234,https://www.zigbang.com/home/apt/items/252234
2026-08-09 03:31:36,아남,송파구,마천동,매매,저,82.13,24.84,125000,0,12.5,32,,49790177,https://www.zigbang.com/home/apt/items/49790177
2026-08-09 03:31:36,건영,송파구,문정동,매매,7,77.68,23.5,178000,0,17.8,28,,246582,https://www.zigbang.com/home/apt/items/246582
2026-08-09 03:31:36,문정래미안,송파구,문정동,매매,저,84.96,25.7,205000,0,20.5,34,,49647443,https://www.zigbang.com/home/apt/items/49647443
2026-08-09 03:31:36,문정래미안,송파구,문정동,매매,중,133.29,40.32,220000,0,22.0,48,,49538346,https://www.zigbang.com/home/apt/items/49538346
2026-08-09 03:31:36,문정래미안,송파구,문정동,매매,저,120.97,36.59,220000,0,22.0,44,,47035159,https://www.zigbang.com/home/apt/items/47035159
2026-08-09 03:31:36,문정래미안,송파구,문정동,매매,2,133.29,40.32,235000,0,23.5,48,,239776,https://www.zigbang.com/home/apt/items/239776
2026-08-09 03:31:36,문정래미안,송파구,문정동,매매,중,133.29,40.32,240000,0,24.0,48,,49790822,https://www.zigbang.com/home/apt/items/49790822
2026-08-09 03:31:36,문정래미안,송파구,문정동,매매,16,84.96,25.7,240000,0,24.0,34,,187441,https://www.zigbang.com/home/apt/items/187441
2026-08-09 03:31:36,문정래미안,송파구,문정동,매매,8,133.29,40.32,280000,0,28.0,48,,98893,https://www.zigbang.com/home/apt/items/98893
2026-08-09 03:31:36,문정래미안,송파구,문정동,매매,7,133.29,40.32,300000,0,30.0,48,,193339,https://www.zigbang.com/home/apt/items/193339
2026-08-09 03:31:36,문정시영,송파구,문정동,월세,6,25.65,7.76,1500,100,0.15,11,,49218143,https://www.zigbang.com/home/apt/items/49218143
2026-08-09 03:31:36,문정시영,송파구,문정동,매매,중,25.65,7.76,78000,0,7.8,11,,49386646,https://www.zigbang.com/home/apt/items/49386646
2026-08-09 03:31:36,문정시영,송파구,문정동,매매,6,35.46,10.73,95000,0,9.5,16,,214702,https://www.zigbang.com/home/apt/items/214702
2026-08-09 03:31:36,문정시영,송파구,문정동,매매,중,39.69,12.01,119500,0,11.95,18,,49897123,https://www.zigbang.com/home/apt/items/49897123
2026-08-09 03:31:36,문정시영,송파구,문정동,매매,고,39.69,12.01,120000,0,12.0,18,,49053357,https://www.zigbang.com/home/apt/items/49053357
2026-08-09 03:31:36,문정시영,송파구,문정동,매매,중,46.26,13.99,149000,0,14.9,22,,48860863,https://www.zigbang.com/home/apt/items/48860863
2026-08-09 03:31:36,문정시영,송파구,문정동,매매,고,46.26,13.99,150000,0,15.0,22,,48705768,https://www.zigbang.com/home/apt/items/48705768
2026-08-09 03:31:36,문정푸르지오2차,송파구,문정동,매매,중,84.82,25.66,167000,0,16.7,34A,,49647348,https://www.zigbang.com/home/apt/items/49647348
2026-08-09 03:31:36,송파파크하비오푸르지오,송파구,문정동,매매,중,84.97,25.7,210000,0,21.0,35A,,49009772,https://www.zigbang.com/home/apt/items/49009772
2026-08-09 03:31:36,송파파크하비오푸르지오,송파구,문정동,매매,중,84.99,25.71,220000,0,22.0,35E,,47369385,https://www.zigbang.com/home/apt/items/47369385
2026-08-09 03:31:36,송파파크하비오푸르지오,송파구,문정동,매매,14,84.97,25.7,235000,0,23.5,35A,,170944,https://www.zigbang.com/home/apt/items/170944
2026-08-09 03:31:36,올림픽훼밀리타운,송파구,문정동,매매,저,158.7,48.01,330000,0,33.0,55,,49883518,https://www.zigbang.com/home/apt/items/49883518
2026-08-09 03:31:36,트윈팰리스,송파구,문정동,매매,3,84.78,25.65,112000,0,11.2,31A,,253662,https://www.zigbang.com/home/apt/items/253662
2026-08-09 03:31:36,트윈팰리스,송파구,문정동,매매,9,84.78,25.65,115000,0,11.5,31A,,212084,https://www.zigbang.com/home/apt/items/212084
2026-08-09 03:31:36,현대,송파구,문정동,매매,6,71.52,21.63,120000,0,12.0,27,,243374,https://www.zigbang.com/home/apt/items/243374
2026-08-09 03:31:36,현대,송파구,문정동,매매,고,84.03,25.42,125000,0,12.5,31,,49492178,https://www.zigbang.com/home/apt/items/49492178
2026-08-09 03:31:36,현대,송파구,문정동,매매,3,84.03,25.42,125000,0,12.5,31,,244349,https://www.zigbang.com/home/apt/items/244349
2026-08-09 03:31:36,현대,송파구,문정동,매매,고,84.03,25.42,132000,0,13.2,31,,49268342,https://www.zigbang.com/home/apt/items/49268342
2026-08-09 03:31:36,힐스테이트e편한세상문정,송파구,문정동,월세,고,74.95,22.67,50000,200,5.0,31B,,49634481,https://www.zigbang.com/home/apt/items/49634481
2026-08-09 03:31:36,힐스테이트e편한세상문정,송파구,문정동,월세,저,49.4,14.94,50000,100,5.0,20B,,49269101,https://www.zigbang.com/home/apt/items/49269101
2026-08-09 03:31:36,힐스테이트e편한세상문정,송파구,문정동,월세,고,74.43,22.51,70000,80,7.0,31C,,49784223,https://www.zigbang.com/home/apt/items/49784223
2026-08-09 03:31:36,힐스테이트e편한세상문정,송파구,문정동,전세,고,49.92,15.1,75000,0,7.5,21A,,49809033,https://www.zigbang.com/home/apt/items/49809033
2026-08-09 03:31:36,힐스테이트e편한세상문정,송파구,문정동,전세,중,59.87,18.11,87000,0,8.7,24B,,48721050,https://www.zigbang.com/home/apt/items/48721050
2026-08-09 03:31:36,힐스테이트e편한세상문정,송파구,문정동,전세,고,74.43,22.51,90000,0,9.0,31D,,49326577,https://www.zigbang.com/home/apt/items/49326577
2026-08-09 03:31:36,힐스테이트e편한세상문정,송파구,문정동,전세,고,74.43,22.51,94000,0,9.4,31C,,48700406,https://www.zigbang.com/home/apt/items/48700406
2026-08-09 03:31:36,힐스테이트e편한세상문정,송파구,문정동,매매,중,59.94,18.13,184000,0,18.4,25A,,49041612,https://www.zigbang.com/home/apt/items/49041612
2026-08-09 03:31:36,힐스테이트e편한세상문정,송파구,문정동,매매,중,59.94,18.13,185000,0,18.5,25A,,49041082,https://www.zigbang.com/home/apt/items/49041082
2026-08-09 03:31:36,힐스테이트e편한세상문정,송파구,문정동,매매,저,59.94,18.13,190000,0,19.0,25A,,49386806,https://www.zigbang.com/home/apt/items/49386806
2026-08-09 03:31:36,힐스테이트e편한세상문정,송파구,문정동,매매,중,59.94,18.13,190000,0,19.0,25A,,49386774,https://www.zigbang.com/home/apt/items/49386774
2026-08-09 03:31:36,힐스테이트e편한세상문정,송파구,문정동,매매,저,59.94,18.13,190000,0,19.0,25A,,48986238,https://www.zigbang.com/home/apt/items/48986238
2026-08-09 03:31:36,힐스테이트e편한세상문정,송파구,문정동,매매,저,59.94,18.13,190000,0,19.0,25A,,48971498,https://www.zigbang.com/home/apt/items/48971498
2026-08-09 03:31:36,힐스테이트e편한세상문정,송파구,문정동,매매,저,59.94,18.13,190000,0,19.0,25A,,48708784,https://www.zigbang.com/home/apt/items/48708784
2026-08-09 03:31:36,힐스테이트e편한세상문정,송파구,문정동,매매,중,59.94,18.13,210000,0,21.0,25A,,48231045,https://www.zigbang.com/home/apt/items/48231045
2026-08-09 03:31:36,힐스테이트e편한세상문정,송파구,문정동,매매,중,74.95,22.67,218000,0,21.8,31B,,49117037,https://www.zigbang.com/home/apt/items/49117037
2026-08-09 03:31:36,힐스테이트e편한세상문정,송파구,문정동,매매,중,74.95,22.67,218000,0,21.8,31B,,49095337,https://www.zigbang.com/home/apt/items/49095337
2026-08-09 03:31:36,힐스테이트e편한세상문정,송파구,문정동,매매,중,74.95,22.67,225000,0,22.5,31B,,49338819,https://www.zigbang.com/home/apt/items/49338819
2026-08-09 03:31:36,힐스테이트e편한세상문정,송파구,문정동,매매,고,74.43,22.51,225000,0,22.5,31D,,49037503,https://www.zigbang.com/home/apt/items/49037503
2026-08-09 03:31:36,힐스테이트e편한세상문정,송파구,문정동,매매,중,74.95,22.67,228000,0,22.8,31B,,49066975,https://www.zigbang.com/home/apt/items/49066975
2026-08-09 03:31:36,힐스테이트e편한세상문정,송파구,문정동,매매,저,74.95,22.67,230000,0,23.0,31B,,49728864,https://www.zigbang.com/home/apt/items/49728864
2026-08-09 03:31:36,힐스테이트e편한세상문정,송파구,문정동,매매,중,74.95,22.67,230000,0,23.0,31B,,48757261,https://www.zigbang.com/home/apt/items/48757261
2026-08-09 03:31:36,힐스테이트e편한세상문정,송파구,문정동,매매,13,74.95,22.67,235000,0,23.5,31B,,48434225,https://www.zigbang.com/home/apt/items/48434225
2026-08-09 03:31:36,힐스테이트e편한세상문정,송파구,문정동,매매,저,84.98,25.71,250000,0,25.0,35CD,,49728777,https://www.zigbang.com/home/apt/items/49728777
2026-08-09 03:31:36,대림,송파구,방이동,매매,6,84.91,25.69,270000,0,27.0,31,,49981975,https://www.zigbang.com/home/apt/items/49981975
2026-08-09 03:31:36,대림,송파구,방이동,매매,4,153.47,46.42,280000,0,28.0,53,,49981986,https://www.zigbang.com/home/apt/items/49981986
2026-08-09 03:31:36,대림,송파구,방이동,매매,10,125.07,37.83,280000,0,28.0,44,,49981981,https://www.zigbang.com/home/apt/items/49981981
2026-08-09 03:31:36,대림,송파구,방이동,매매,7,153.47,46.42,300000,0,30.0,53,,244096,https://www.zigbang.com/home/apt/items/244096
2026-08-09 03:31:36,동광팰리스,송파구,방이동,매매,15,23.02,6.96,39000,0,3.9,9B,,239577,https://www.zigbang.com/home/apt/items/239577
2026-08-09 03:31:36,방이금호어울림,송파구,방이동,매매,3,84.3,25.5,150000,0,15.0,32,,49615707,https://www.zigbang.com/home/apt/items/49615707
2026-08-09 03:31:36,방이금호어울림,송파구,방이동,매매,8,84.3,25.5,170000,0,17.0,32,,233324,https://www.zigbang.com/home/apt/items/233324
2026-08-09 03:31:36,신동아타워,송파구,방이동,매매,중,50.4,15.25,70000,0,7.0,21,,49463578,https://www.zigbang.com/home/apt/items/49463578
2026-08-09 03:31:36,신동아타워,송파구,방이동,매매,고,50.4,15.25,73000,0,7.3,21,,49463598,https://www.zigbang.com/home/apt/items/49463598
2026-08-09 03:31:36,신동아타워,송파구,방이동,매매,중,58.38,17.66,80000,0,8.0,24,,49463504,https://www.zigbang.com/home/apt/items/49463504
2026-08-09 03:31:36,신동아타워,송파구,방이동,매매,고,58.38,17.66,90000,0,9.0,24,,49463673,https://www.zigbang.com/home/apt/items/49463673
2026-08-09 03:31:36,신동아타워,송파구,방이동,매매,17,80.13,24.24,98000,0,9.8,33,,213286,https://www.zigbang.com/home/apt/items/213286
2026-08-09 03:31:36,신동아타워,송파구,방이동,매매,고,80.13,24.24,99000,0,9.9,33,,49463651,https://www.zigbang.com/home/apt/items/49463651
2026-08-09 03:31:36,신동아타워,송파구,방이동,매매,고,80.13,24.24,100000,0,10.0,33,,49463551,https://www.zigbang.com/home/apt/items/49463551
2026-08-09 03:31:36,신동아타워,송파구,방이동,매매,중,80.13,24.24,125000,0,12.5,33,,49464240,https://www.zigbang.com/home/apt/items/49464240
2026-08-09 03:31:36,올림픽선수기자촌,송파구,방이동,매매,중,100.82,30.5,300000,0,30.0,40B,,49961342,https://www.zigbang.com/home/apt/items/49961342
2026-08-09 03:31:36,올림픽선수기자촌,송파구,방이동,매매,12,100.82,30.5,310000,0,31.0,40B,,49982009,https://www.zigbang.com/home/apt/items/49982009
2026-08-09 03:31:36,올림픽선수기자촌,송파구,방이동,매매,3,83.06,25.13,310000,0,31.0,34,,49452124,https://www.zigbang.com/home/apt/items/49452124
2026-08-09 03:31:36,올림픽선수기자촌,송파구,방이동,매매,저,100.82,30.5,350000,0,35.0,40B,,49015195,https://www.zigbang.com/home/apt/items/49015195
2026-08-09 03:31:36,올림픽선수기자촌,송파구,방이동,매매,7,126.18,38.17,397000,0,39.7,49,,49982014,https://www.zigbang.com/home/apt/items/49982014
2026-08-09 03:31:36,잠실3차한양,송파구,방이동,매매,9,146.96,44.46,295000,0,29.5,51,,223206,https://www.zigbang.com/home/apt/items/223206
2026-08-09 03:31:36,코오롱,송파구,방이동,전세,8,84.95,25.7,90000,0,9.0,33,,49982024,https://www.zigbang.com/home/apt/items/49982024
2026-08-09 03:31:36,코오롱,송파구,방이동,전세,11,84.95,25.7,90000,0,9.0,33,,49982020,https://www.zigbang.com/home/apt/items/49982020
2026-08-09 03:31:36,코오롱,송파구,방이동,매매,9,84.95,25.7,220000,0,22.0,33,,49982042,https://www.zigbang.com/home/apt/items/49982042
2026-08-09 03:31:36,코오롱,송파구,방이동,매매,11,84.95,25.7,222000,0,22.2,33,,49982057,https://www.zigbang.com/home/apt/items/49982057
2026-08-09 03:31:36,코오롱,송파구,방이동,매매,15,84.95,25.7,222000,0,22.2,33,,49982047,https://www.zigbang.com/home/apt/items/49982047
2026-08-09 03:31:36,코오롱,송파구,방이동,매매,8,84.95,25.7,223000,0,22.3,33,,49982064,https://www.zigbang.com/home/apt/items/49982064
2026-08-09 03:31:36,코오롱,송파구,방이동,매매,10,84.95,25.7,225000,0,22.5,33,,49982073,https://www.zigbang.com/home/apt/items/49982073
2026-08-09 03:31:36,가락삼익맨숀,송파구,송파동,매매,3,84.82,25.66,270000,0,27.0,31,,49982095,https://www.zigbang.com/home/apt/items/49982095
2026-08-09 03:31:36,가락삼익맨숀,송파구,송파동,매매,7,84.82,25.66,270000,0,27.0,31,,49982092,https://www.zigbang.com/home/apt/items/49982092
2026-08-09 03:31:36,경남레이크파크,송파구,송파동,매매,고,149.89,45.34,220000,0,22.0,55,,49559543,https://www.zigbang.com/home/apt/items/49559543
2026-08-09 03:31:36,미성맨션,송파구,송파동,매매,14,84.95,25.7,245000,0,24.5,31,,49547934,https://www.zigbang.com/home/apt/items/49547934
2026-08-09 03:31:36,송파KCC,송파구,송파동,매매,저,84.7,25.62,170000,0,17.0,32,,49961211,https://www.zigbang.com/home/apt/items/49961211
2026-08-09 03:31:36,송파센텀레이크,송파구,송파동,매매,3,69.4109,21.0,180000,0,18.0,25A3,,194534,https://www.zigbang.com/home/apt/items/194534
2026-08-09 03:31:36,송파역마에스트로,송파구,송파동,매매,중,44.5364,13.47,115000,0,11.5,20,,49495292,https://www.zigbang.com/home/apt/items/49495292
2026-08-09 03:31:36,송파역마에스트로,송파구,송파동,매매,저,52.5039,15.88,118000,0,11.8,23,,49482967,https://www.zigbang.com/home/apt/items/49482967
2026-08-09 03:31:36,송파역마에스트로,송파구,송파동,매매,중,44.5364,13.47,120000,0,12.0,20,,49482227,https://www.zigbang.com/home/apt/items/49482227
2026-08-09 03:31:36,송파역마에스트로,송파구,송파동,매매,고,52.5039,15.88,135000,0,13.5,23,,49483738,https://www.zigbang.com/home/apt/items/49483738
2026-08-09 03:31:36,송파파밀리에더퍼스트,송파구,송파동,매매,중,84,25.41,210000,0,21.0,33A,,49897616,https://www.zigbang.com/home/apt/items/49897616
2026-08-09 03:31:36,송파파밀리에더퍼스트,송파구,송파동,매매,6,84,25.41,230000,0,23.0,33A,,243243,https://www.zigbang.com/home/apt/items/243243
2026-08-09 03:31:36,잠실더샵루벤,송파구,송파동,전세,중,106.8873,32.33,125000,0,12.5,40A,,49650717,https://www.zigbang.com/home/apt/items/49650717
2026-08-09 03:31:36,잠실더샵루벤,송파구,송파동,매매,저,106.8873,32.33,240000,0,24.0,40A,,49895812,https://www.zigbang.com/home/apt/items/49895812
2026-08-09 03:31:36,잠실더샵루벤,송파구,송파동,매매,중,106.8873,32.33,240000,0,24.0,40A,,49670662,https://www.zigbang.com/home/apt/items/49670662
2026-08-09 03:31:36,잠실더샵루벤,송파구,송파동,매매,저,106.8873,32.33,240000,0,24.0,40A,,49384633,https://www.zigbang.com/home/apt/items/49384633
2026-08-09 03:31:36,잠실더샵루벤,송파구,송파동,매매,6,106.8873,32.33,250000,0,25.0,40A,,49292050,https://www.zigbang.com/home/apt/items/49292050
2026-08-09 03:31:36,잠실더샵루벤,송파구,송파동,매매,저,106.8571,32.32,255000,0,25.5,40C,,49299063,https://www.zigbang.com/home/apt/items/49299063
2026-08-09 03:31:36,잠실더샵루벤,송파구,송파동,매매,중,106.8873,32.33,260000,0,26.0,40A,,49319688,https://www.zigbang.com/home/apt/items/49319688
2026-08-09 03:31:36,잠실더샵루벤,송파구,송파동,매매,중,106.9995,32.37,260000,0,26.0,40B,,49298753,https://www.zigbang.com/home/apt/items/49298753
2026-08-09 03:31:36,잠실더샵루벤,송파구,송파동,매매,12,106.8571,32.32,300000,0,30.0,40C,,49384493,https://www.zigbang.com/home/apt/items/49384493
2026-08-09 03:31:36,한양2차,송파구,송파동,매매,중,64.26,19.44,220000,0,22.0,26,,49819473,https://www.zigbang.com/home/apt/items/49819473
2026-08-09 03:31:36,한양2차,송파구,송파동,매매,고,84.92,25.69,240000,0,24.0,32,,49819534,https://www.zigbang.com/home/apt/items/49819534
2026-08-09 03:31:36,현대,송파구,송파동,매매,6,84.96,25.7,200000,0,20.0,33,,239406,https://www.zigbang.com/home/apt/items/239406
2026-08-09 03:31:36,잠실래미안아이파크,송파구,신천동,월세,중,84.88,25.68,5000,420,0.5,34A,,49517077,https://www.zigbang.com/home/apt/items/49517077
2026-08-09 03:31:36,잠실래미안아이파크,송파구,신천동,월세,중,43.73,13.23,10000,400,1.0,21,,49962624,https://www.zigbang.com/home/apt/items/49962624
2026-08-09 03:31:36,잠실래미안아이파크,송파구,신천동,월세,저,43.73,13.23,10000,400,1.0,21,,49954024,https://www.zigbang.com/home/apt/items/49954024
2026-08-09 03:31:36,잠실래미안아이파크,송파구,신천동,월세,저,129.96,39.31,20000,220,2.0,50B,,49436590,https://www.zigbang.com/home/apt/items/49436590
2026-08-09 03:31:36,잠실래미안아이파크,송파구,신천동,월세,중,129.96,39.31,45000,60,4.5,50B,,48992277,https://www.zigbang.com/home/apt/items/48992277
2026-08-09 03:31:36,잠실래미안아이파크,송파구,신천동,월세,저,84.99,25.71,50000,440,5.0,34C,,49023781,https://www.zigbang.com/home/apt/items/49023781
2026-08-09 03:31:36,잠실래미안아이파크,송파구,신천동,월세,고,104.32,31.56,50000,800,5.0,41B,,49436578,https://www.zigbang.com/home/apt/items/49436578
2026-08-09 03:31:36,잠실래미안아이파크,송파구,신천동,전세,중,129.96,39.31,70000,0,7.0,50B,,49781265,https://www.zigbang.com/home/apt/items/49781265
2026-08-09 03:31:36,잠실래미안아이파크,송파구,신천동,전세,고,129.96,39.31,70000,0,7.0,50B,,49519561,https://www.zigbang.com/home/apt/items/49519561
2026-08-09 03:31:36,잠실래미안아이파크,송파구,신천동,전세,고,129.96,39.31,75000,0,7.5,50B,,49806845,https://www.zigbang.com/home/apt/items/49806845
2026-08-09 03:31:36,잠실래미안아이파크,송파구,신천동,월세,저,43.73,13.23,75000,70,7.5,21,,47781694,https://www.zigbang.com/home/apt/items/47781694
2026-08-09 03:31:36,잠실래미안아이파크,송파구,신천동,전세,중,43.73,13.23,75000,0,7.5,21,,49706742,https://www.zigbang.com/home/apt/items/49706742
2026-08-09 03:31:36,잠실래미안아이파크,송파구,신천동,월세,고,84.96,25.7,90000,200,9.0,34D,,49436576,https://www.zigbang.com/home/apt/items/49436576
2026-08-09 03:31:36,잠실래미안아이파크,송파구,신천동,월세,중,129.96,39.31,100000,700,10.0,50C,,49109249,https://www.zigbang.com/home/apt/items/49109249
2026-08-09 03:31:36,잠실래미안아이파크,송파구,신천동,월세,고,84.99,25.71,100000,200,10.0,34C,,49023808,https://www.zigbang.com/home/apt/items/49023808
2026-08-09 03:31:36,잠실래미안아이파크,송파구,신천동,월세,고,129.97,39.32,100000,680,10.0,50A,,49569731,https://www.zigbang.com/home/apt/items/49569731
2026-08-09 03:31:36,잠실래미안아이파크,송파구,신천동,전세,중,43.73,13.23,105000,0,10.5,21,,49436579,https://www.zigbang.com/home/apt/items/49436579
2026-08-09 03:31:36,잠실래미안아이파크,송파구,신천동,전세,중,157.92,47.77,115000,0,11.5,62B,,49706716,https://www.zigbang.com/home/apt/items/49706716
2026-08-09 03:31:36,잠실래미안아이파크,송파구,신천동,전세,저,157.92,47.77,120000,0,12.0,62B,,49963694,https://www.zigbang.com/home/apt/items/49963694
2026-08-09 03:31:36,잠실래미안아이파크,송파구,신천동,월세,저,104.32,31.56,120000,320,12.0,41B,,48911516,https://www.zigbang.com/home/apt/items/48911516
2026-08-09 03:31:36,잠실래미안아이파크,송파구,신천동,전세,고,59.46,17.99,140000,0,14.0,27C,,49576765,https://www.zigbang.com/home/apt/items/49576765
2026-08-09 03:31:36,잠실래미안아이파크,송파구,신천동,전세,고,59.45,17.98,140000,0,14.0,26B,,49436580,https://www.zigbang.com/home/apt/items/49436580
2026-08-09 03:31:36,잠실래미안아이파크,송파구,신천동,전세,중,59.45,17.98,140000,0,14.0,26B,,47925996,https://www.zigbang.com/home/apt/items/47925996
2026-08-09 03:31:36,잠실래미안아이파크,송파구,신천동,전세,저,84.96,25.7,145000,0,14.5,34D,,49629391,https://www.zigbang.com/home/apt/items/49629391
2026-08-09 03:31:36,잠실래미안아이파크,송파구,신천동,전세,중,59.47,17.99,150000,0,15.0,27A,,49784251,https://www.zigbang.com/home/apt/items/49784251
2026-08-09 03:31:36,잠실래미안아이파크,송파구,신천동,전세,중,59.47,17.99,150000,0,15.0,27A,,49769721,https://www.zigbang.com/home/apt/items/49769721
2026-08-09 03:31:36,잠실래미안아이파크,송파구,신천동,전세,중,59.47,17.99,150000,0,15.0,27A,,49784887,https://www.zigbang.com/home/apt/items/49784887
2026-08-09 03:31:36,잠실래미안아이파크,송파구,신천동,전세,저,84.88,25.68,150000,0,15.0,34A,,49519420,https://www.zigbang.com/home/apt/items/49519420
2026-08-09 03:31:36,잠실래미안아이파크,송파구,신천동,전세,중,84.88,25.68,165000,0,16.5,34A,,49532257,https://www.zigbang.com/home/apt/items/49532257
2026-08-09 03:31:36,잠실래미안아이파크,송파구,신천동,전세,중,104.32,31.56,170000,0,17.0,41A,,48249538,https://www.zigbang.com/home/apt/items/48249538
2026-08-09 03:31:36,잠실래미안아이파크,송파구,신천동,전세,저,84.88,25.68,180000,0,18.0,34A,,49861630,https://www.zigbang.com/home/apt/items/49861630
2026-08-09 03:31:36,잠실래미안아이파크,송파구,신천동,전세,6,84.88,25.68,180000,0,18.0,34A,,49847235,https://www.zigbang.com/home/apt/items/49847235
2026-08-09 03:31:36,잠실래미안아이파크,송파구,신천동,전세,저,157.92,47.77,200000,0,20.0,62B,,49023793,https://www.zigbang.com/home/apt/items/49023793
2026-08-09 03:31:36,잠실래미안아이파크,송파구,신천동,전세,저,157.92,47.77,200000,0,20.0,62B,,49023789,https://www.zigbang.com/home/apt/items/49023789
2026-08-09 03:31:36,잠실래미안아이파크,송파구,신천동,전세,고,104.24,31.53,200000,0,20.0,41D,,49128806,https://www.zigbang.com/home/apt/items/49128806
2026-08-09 03:31:36,잠실래미안아이파크,송파구,신천동,전세,중,104.24,31.53,220000,0,22.0,41D,,49436584,https://www.zigbang.com/home/apt/items/49436584
2026-08-09 03:31:36,잠실래미안아이파크,송파구,신천동,전세,중,118,35.69,230000,0,23.0,46C,,49426470,https://www.zigbang.com/home/apt/items/49426470
2026-08-09 03:31:36,잠실래미안아이파크,송파구,신천동,전세,중,118,35.69,230000,0,23.0,46C,,49779330,https://www.zigbang.com/home/apt/items/49779330
2026-08-09 03:31:36,잠실래미안아이파크,송파구,신천동,전세,중,118,35.69,230000,0,23.0,46C,,49569678,https://www.zigbang.com/home/apt/items/49569678
2026-08-09 03:31:36,잠실래미안아이파크,송파구,신천동,전세,저,118,35.69,230000,0,23.0,46C,,49436586,https://www.zigbang.com/home/apt/items/49436586
2026-08-09 03:31:36,잠실래미안아이파크,송파구,신천동,매매,12,43.73,13.23,238000,0,23.8,21,,49629281,https://www.zigbang.com/home/apt/items/49629281
2026-08-09 03:31:36,잠실래미안아이파크,송파구,신천동,전세,4,157.92,47.77,290000,0,29.0,62A,,49023761,https://www.zigbang.com/home/apt/items/49023761
2026-08-09 03:31:36,잠실래미안아이파크,송파구,신천동,전세,중,157.92,47.77,330000,0,33.0,62B,,48496222,https://www.zigbang.com/home/apt/items/48496222
2026-08-09 03:31:36,잠실래미안아이파크,송파구,신천동,매매,중,74.96,22.68,360000,0,36.0,32A,,49011468,https://www.zigbang.com/home/apt/items/49011468
2026-08-09 03:31:36,잠실래미안아이파크,송파구,신천동,매매,고,74.96,22.68,375000,0,37.5,32A,,49234884,https://www.zigbang.com/home/apt/items/49234884
2026-08-09 03:31:36,잠실래미안아이파크,송파구,신천동,매매,저,84.99,25.71,410000,0,41.0,34C,,49460244,https://www.zigbang.com/home/apt/items/49460244
2026-08-09 03:31:36,잠실래미안아이파크,송파구,신천동,매매,저,84.96,25.7,420000,0,42.0,34D,,49548189,https://www.zigbang.com/home/apt/items/49548189
2026-08-09 03:31:36,잠실래미안아이파크,송파구,신천동,매매,17,84.99,25.71,420000,0,42.0,34C,,49234847,https://www.zigbang.com/home/apt/items/49234847
2026-08-09 03:31:36,잠실래미안아이파크,송파구,신천동,매매,중,84.99,25.71,420000,0,42.0,34B,,49738646,https://www.zigbang.com/home/apt/items/49738646
2026-08-09 03:31:36,잠실래미안아이파크,송파구,신천동,매매,중,84.99,25.71,420000,0,42.0,34C,,49560175,https://www.zigbang.com/home/apt/items/49560175
2026-08-09 03:31:36,잠실래미안아이파크,송파구,신천동,매매,중,84.88,25.68,430000,0,43.0,34A,,49767711,https://www.zigbang.com/home/apt/items/49767711
2026-08-09 03:31:36,잠실래미안아이파크,송파구,신천동,매매,저,84.88,25.68,435000,0,43.5,34A,,49532620,https://www.zigbang.com/home/apt/items/49532620
2026-08-09 03:31:36,잠실래미안아이파크,송파구,신천동,매매,중,84.96,25.7,439000,0,43.9,34D,,49720295,https://www.zigbang.com/home/apt/items/49720295
2026-08-09 03:31:36,잠실래미안아이파크,송파구,신천동,매매,고,84.99,25.71,450000,0,45.0,34C,,49548792,https://www.zigbang.com/home/apt/items/49548792
2026-08-09 03:31:36,잠실래미안아이파크,송파구,신천동,매매,고,84.99,25.71,450000,0,45.0,34C,,49460870,https://www.zigbang.com/home/apt/items/49460870
2026-08-09 03:31:36,잠실래미안아이파크,송파구,신천동,매매,31,84.99,25.71,450000,0,45.0,34C,,246536,https://www.zigbang.com/home/apt/items/246536
2026-08-09 03:31:36,잠실래미안아이파크,송파구,신천동,매매,고,84.99,25.71,450000,0,45.0,34C,,48874881,https://www.zigbang.com/home/apt/items/48874881
2026-08-09 03:31:36,잠실래미안아이파크,송파구,신천동,매매,중,84.88,25.68,460000,0,46.0,34A,,49023801,https://www.zigbang.com/home/apt/items/49023801
2026-08-09 03:31:36,잠실래미안아이파크,송파구,신천동,매매,고,104.32,31.56,530000,0,53.0,41C,,49666763,https://www.zigbang.com/home/apt/items/49666763
2026-08-09 03:31:36,잠실래미안아이파크,송파구,신천동,매매,중,104.32,31.56,550000,0,55.0,41C,,49966697,https://www.zigbang.com/home/apt/items/49966697
2026-08-09 03:31:36,잠실래미안아이파크,송파구,신천동,매매,중,104.32,31.56,550000,0,55.0,41C,,49780865,https://www.zigbang.com/home/apt/items/49780865
2026-08-09 03:31:36,잠실래미안아이파크,송파구,신천동,매매,중,104.32,31.56,550000,0,55.0,41C,,49183902,https://www.zigbang.com/home/apt/items/49183902
2026-08-09 03:31:36,잠실래미안아이파크,송파구,신천동,매매,저,118,35.69,550000,0,55.0,46C,,49962743,https://www.zigbang.com/home/apt/items/49962743
2026-08-09 03:31:36,잠실래미안아이파크,송파구,신천동,매매,저,129.96,39.31,550000,0,55.0,50B,,49873409,https://www.zigbang.com/home/apt/items/49873409
2026-08-09 03:31:36,잠실래미안아이파크,송파구,신천동,매매,저,118,35.69,550000,0,55.0,46B,,49349786,https://www.zigbang.com/home/apt/items/49349786
2026-08-09 03:31:36,잠실래미안아이파크,송파구,신천동,매매,중,157.92,47.77,630000,0,63.0,62A,,47386979,https://www.zigbang.com/home/apt/items/47386979
2026-08-09 03:31:36,잠실래미안아이파크,송파구,신천동,매매,저,157.92,47.77,650000,0,65.0,62B,,49873382,https://www.zigbang.com/home/apt/items/49873382
2026-08-09 03:31:36,잠실래미안아이파크,송파구,신천동,매매,저,157.92,47.77,675000,0,67.5,62A,,49977597,https://www.zigbang.com/home/apt/items/49977597
2026-08-09 03:31:36,잠실래미안아이파크,송파구,신천동,매매,저,157.92,47.77,750000,0,75.0,62A,,49579205,https://www.zigbang.com/home/apt/items/49579205
2026-08-09 03:31:36,잠실롯데캐슬골드,송파구,신천동,전세,중,166.7,50.43,160000,0,16.0,65A,,49880785,https://www.zigbang.com/home/apt/items/49880785
2026-08-09 03:31:36,잠실롯데캐슬골드,송파구,신천동,전세,고,243.4,73.63,450000,0,45.0,94,,47526595,https://www.zigbang.com/home/apt/items/47526595
2026-08-09 03:31:36,잠실르엘,송파구,신천동,월세,저,106.82,32.31,10000,750,1.0,42,,49436582,https://www.zigbang.com/home/apt/items/49436582
2026-08-09 03:31:36,잠실르엘,송파구,신천동,월세,중,84.81,25.65,20000,680,2.0,33B,,49023832,https://www.zigbang.com/home/apt/items/49023832
2026-08-09 03:31:36,잠실르엘,송파구,신천동,월세,저,51.9095,15.7,30000,380,3.0,23,,49023880,https://www.zigbang.com/home/apt/items/49023880
2026-08-09 03:31:36,잠실르엘,송파구,신천동,월세,고,59.87,18.11,40000,440,4.0,25A,,49954330,https://www.zigbang.com/home/apt/items/49954330
2026-08-09 03:31:36,잠실르엘,송파구,신천동,월세,중,51.9095,15.7,50000,400,5.0,23,,49620942,https://www.zigbang.com/home/apt/items/49620942
2026-08-09 03:31:36,잠실르엘,송파구,신천동,월세,중,74.2804,22.47,50000,460,5.0,30B,,49720258,https://www.zigbang.com/home/apt/items/49720258
2026-08-09 03:31:36,잠실르엘,송파구,신천동,월세,중,59.8151,18.09,70000,240,7.0,25B,,49436588,https://www.zigbang.com/home/apt/items/49436588
2026-08-09 03:31:36,잠실르엘,송파구,신천동,월세,중,74.2804,22.47,90000,220,9.0,30B,,47901442,https://www.zigbang.com/home/apt/items/47901442
2026-08-09 03:31:36,잠실르엘,송파구,신천동,월세,저,59.87,18.11,100000,240,10.0,25A,,49778833,https://www.zigbang.com/home/apt/items/49778833
2026-08-09 03:31:36,잠실르엘,송파구,신천동,월세,저,59.87,18.11,100000,240,10.0,25A,,49720187,https://www.zigbang.com/home/apt/items/49720187
2026-08-09 03:31:36,잠실르엘,송파구,신천동,월세,중,84.83,25.66,120000,220,12.0,33C,,49136204,https://www.zigbang.com/home/apt/items/49136204
2026-08-09 03:31:36,잠실르엘,송파구,신천동,전세,중,74.37,22.5,135000,0,13.5,30A,,48885786,https://www.zigbang.com/home/apt/items/48885786
2026-08-09 03:31:36,잠실르엘,송파구,신천동,전세,중,59.87,18.11,145000,0,14.5,25A,,49436581,https://www.zigbang.com/home/apt/items/49436581
2026-08-09 03:31:36,잠실르엘,송파구,신천동,전세,중,74.2804,22.47,159000,0,15.9,30B,,49729117,https://www.zigbang.com/home/apt/items/49729117
2026-08-09 03:31:36,잠실르엘,송파구,신천동,전세,저,74.2804,22.47,160000,0,16.0,30B,,49784065,https://www.zigbang.com/home/apt/items/49784065
2026-08-09 03:31:36,잠실르엘,송파구,신천동,전세,중,74.2804,22.47,160000,0,16.0,30B,,49715821,https://www.zigbang.com/home/apt/items/49715821
2026-08-09 03:31:36,잠실르엘,송파구,신천동,전세,중,74.2804,22.47,160000,0,16.0,30B,,49629189,https://www.zigbang.com/home/apt/items/49629189
2026-08-09 03:31:36,잠실르엘,송파구,신천동,전세,중,74.2804,22.47,160000,0,16.0,30B,,49463247,https://www.zigbang.com/home/apt/items/49463247
2026-08-09 03:31:36,잠실르엘,송파구,신천동,전세,저,74.2804,22.47,160000,0,16.0,30B,,49824431,https://www.zigbang.com/home/apt/items/49824431
2026-08-09 03:31:36,잠실르엘,송파구,신천동,월세,고,126.16,38.16,170000,520,17.0,50,,48993735,https://www.zigbang.com/home/apt/items/48993735
2026-08-09 03:31:36,잠실르엘,송파구,신천동,전세,저,95.07,28.76,170000,0,17.0,37,,48974160,https://www.zigbang.com/home/apt/items/48974160
2026-08-09 03:31:36,잠실르엘,송파구,신천동,전세,중,84.83,25.66,170000,0,17.0,33C,,49436585,https://www.zigbang.com/home/apt/items/49436585
2026-08-09 03:31:36,잠실르엘,송파구,신천동,전세,저,84.83,25.66,170000,0,17.0,33C,,49155098,https://www.zigbang.com/home/apt/items/49155098
2026-08-09 03:31:36,잠실르엘,송파구,신천동,월세,중,95.07,28.76,180000,200,18.0,37,,49732163,https://www.zigbang.com/home/apt/items/49732163
2026-08-09 03:31:36,잠실르엘,송파구,신천동,전세,중,84.81,25.65,190000,0,19.0,33B,,49069883,https://www.zigbang.com/home/apt/items/49069883
2026-08-09 03:31:36,잠실르엘,송파구,신천동,전세,고,95.07,28.76,190000,0,19.0,37,,49436587,https://www.zigbang.com/home/apt/items/49436587
2026-08-09 03:31:36,잠실르엘,송파구,신천동,전세,중,95.07,28.76,200000,0,20.0,37,,49023819,https://www.zigbang.com/home/apt/items/49023819
2026-08-09 03:31:36,잠실르엘,송파구,신천동,전세,고,145.55,44.03,220000,0,22.0,57,,48483361,https://www.zigbang.com/home/apt/items/48483361
2026-08-09 03:31:36,잠실르엘,송파구,신천동,전세,중,106.82,32.31,225000,0,22.5,42,,49023992,https://www.zigbang.com/home/apt/items/49023992
2026-08-09 03:31:36,잠실르엘,송파구,신천동,전세,중,126.16,38.16,230000,0,23.0,50,,49738647,https://www.zigbang.com/home/apt/items/49738647
2026-08-09 03:31:36,잠실르엘,송파구,신천동,전세,중,95.07,28.76,230000,0,23.0,37,,49500639,https://www.zigbang.com/home/apt/items/49500639
2026-08-09 03:31:36,잠실르엘,송파구,신천동,전세,고,126.16,38.16,300000,0,30.0,50,,49782798,https://www.zigbang.com/home/apt/items/49782798
2026-08-09 03:31:36,잠실르엘,송파구,신천동,매매,고,59.87,18.11,375000,0,37.5,25A,,49498587,https://www.zigbang.com/home/apt/items/49498587
2026-08-09 03:31:36,잠실르엘,송파구,신천동,매매,고,59.87,18.11,380000,0,38.0,25A,,49989412,https://www.zigbang.com/home/apt/items/49989412
2026-08-09 03:31:36,잠실르엘,송파구,신천동,매매,고,59.87,18.11,380000,0,38.0,25A,,49966541,https://www.zigbang.com/home/apt/items/49966541
2026-08-09 03:31:36,잠실르엘,송파구,신천동,전세,고,134.83,40.79,380000,0,38.0,53,,49873332,https://www.zigbang.com/home/apt/items/49873332
2026-08-09 03:31:36,잠실르엘,송파구,신천동,매매,고,59.87,18.11,380000,0,38.0,25A,,49448932,https://www.zigbang.com/home/apt/items/49448932
2026-08-09 03:31:36,잠실르엘,송파구,신천동,전세,33,129.6468,39.22,390000,0,39.0,52A,,49499805,https://www.zigbang.com/home/apt/items/49499805
2026-08-09 03:31:36,잠실르엘,송파구,신천동,매매,고,74.2804,22.47,410000,0,41.0,30B,,48799404,https://www.zigbang.com/home/apt/items/48799404
2026-08-09 03:31:36,잠실르엘,송파구,신천동,매매,고,74.2804,22.47,410000,0,41.0,30B,,49011445,https://www.zigbang.com/home/apt/items/49011445
2026-08-09 03:31:36,잠실르엘,송파구,신천동,매매,고,84.83,25.66,440000,0,44.0,33C,,49011456,https://www.zigbang.com/home/apt/items/49011456
2026-08-09 03:31:36,잠실르엘,송파구,신천동,매매,중,126.16,38.16,450000,0,45.0,50,,49407625,https://www.zigbang.com/home/apt/items/49407625
2026-08-09 03:31:36,잠실르엘,송파구,신천동,매매,중,84.87,25.67,450000,0,45.0,33A,,49532637,https://www.zigbang.com/home/apt/items/49532637
2026-08-09 03:31:36,잠실르엘,송파구,신천동,매매,중,84.87,25.67,470000,0,47.0,33A,,49781757,https://www.zigbang.com/home/apt/items/49781757
2026-08-09 03:31:36,잠실르엘,송파구,신천동,매매,중,84.87,25.67,470000,0,47.0,33A,,48433764,https://www.zigbang.com/home/apt/items/48433764
2026-08-09 03:31:36,잠실르엘,송파구,신천동,매매,고,84.81,25.65,480000,0,48.0,33B,,49967162,https://www.zigbang.com/home/apt/items/49967162
2026-08-09 03:31:36,잠실르엘,송파구,신천동,매매,고,84.81,25.65,480000,0,48.0,33B,,49932550,https://www.zigbang.com/home/apt/items/49932550
2026-08-09 03:31:36,잠실르엘,송파구,신천동,매매,고,84.83,25.66,480000,0,48.0,33C,,49843874,https://www.zigbang.com/home/apt/items/49843874
2026-08-09 03:31:36,잠실르엘,송파구,신천동,매매,중,84.83,25.66,500000,0,50.0,33C,,49597308,https://www.zigbang.com/home/apt/items/49597308
2026-08-09 03:31:36,잠실르엘,송파구,신천동,매매,고,84.83,25.66,500000,0,50.0,33C,,49597223,https://www.zigbang.com/home/apt/items/49597223
2026-08-09 03:31:36,잠실르엘,송파구,신천동,매매,고,84.83,25.66,510000,0,51.0,33C,,49672359,https://www.zigbang.com/home/apt/items/49672359
2026-08-09 03:31:36,잠실르엘,송파구,신천동,매매,저,106.82,32.31,520000,0,52.0,42,,48861686,https://www.zigbang.com/home/apt/items/48861686
2026-08-09 03:31:36,잠실르엘,송파구,신천동,매매,저,106.82,32.31,520000,0,52.0,42,,48666630,https://www.zigbang.com/home/apt/items/48666630
2026-08-09 03:31:36,잠실르엘,송파구,신천동,매매,고,84.83,25.66,520000,0,52.0,33C,,47793194,https://www.zigbang.com/home/apt/items/47793194
2026-08-09 03:31:36,잠실르엘,송파구,신천동,매매,저,106.82,32.31,540000,0,54.0,42,,49617055,https://www.zigbang.com/home/apt/items/49617055
2026-08-09 03:31:36,잠실르엘,송파구,신천동,매매,저,106.82,32.31,550000,0,55.0,42,,49023856,https://www.zigbang.com/home/apt/items/49023856
2026-08-09 03:31:36,잠실르엘,송파구,신천동,매매,고,106.82,32.31,600000,0,60.0,42,,49989100,https://www.zigbang.com/home/apt/items/49989100
2026-08-09 03:31:36,장미1차,송파구,신천동,월세,2,71.2,21.54,20000,220,2.0,28,,49893839,https://www.zigbang.com/home/apt/items/49893839
2026-08-09 03:31:36,장미1차,송파구,신천동,월세,중,99,29.95,20000,250,2.0,38,,49933916,https://www.zigbang.com/home/apt/items/49933916
2026-08-09 03:31:36,장미1차,송파구,신천동,월세,11,71.2,21.54,30000,160,3.0,28,,49584784,https://www.zigbang.com/home/apt/items/49584784
2026-08-09 03:31:36,장미1차,송파구,신천동,월세,고,71.2,21.54,30000,160,3.0,28,,49933702,https://www.zigbang.com/home/apt/items/49933702
2026-08-09 03:31:36,장미1차,송파구,신천동,월세,2,71.2,21.54,55000,100,5.5,28,,49506928,https://www.zigbang.com/home/apt/items/49506928
2026-08-09 03:31:36,장미1차,송파구,신천동,전세,중,120,36.3,128000,0,12.8,45,,49652783,https://www.zigbang.com/home/apt/items/49652783
2026-08-09 03:31:36,장미1차,송파구,신천동,매매,6,71.2,21.54,300000,0,30.0,28,,49584887,https://www.zigbang.com/home/apt/items/49584887
2026-08-09 03:31:36,장미1차,송파구,신천동,매매,고,71.2,21.54,300000,0,30.0,28,,49933983,https://www.zigbang.com/home/apt/items/49933983
2026-08-09 03:31:36,장미1차,송파구,신천동,매매,중,71.2,21.54,300000,0,30.0,28,,49932520,https://www.zigbang.com/home/apt/items/49932520
2026-08-09 03:31:36,장미1차,송파구,신천동,매매,고,71.2,21.54,303000,0,30.3,28,,49492767,https://www.zigbang.com/home/apt/items/49492767
2026-08-09 03:31:36,장미1차,송파구,신천동,매매,4,71.2,21.54,305000,0,30.5,28,,49769350,https://www.zigbang.com/home/apt/items/49769350
2026-08-09 03:31:36,장미1차,송파구,신천동,매매,14,71.2,21.54,305000,0,30.5,28,,49532705,https://www.zigbang.com/home/apt/items/49532705
2026-08-09 03:31:36,장미1차,송파구,신천동,매매,고,71.2,21.54,305000,0,30.5,28,,49934210,https://www.zigbang.com/home/apt/items/49934210
2026-08-09 03:31:36,장미1차,송파구,신천동,매매,4,71.2,21.54,310000,0,31.0,28,,49933918,https://www.zigbang.com/home/apt/items/49933918
2026-08-09 03:31:36,장미1차,송파구,신천동,매매,14,71.2,21.54,310000,0,31.0,28,,49933692,https://www.zigbang.com/home/apt/items/49933692
2026-08-09 03:31:36,장미1차,송파구,신천동,매매,10,82.45,24.94,350000,0,35.0,33,,49532661,https://www.zigbang.com/home/apt/items/49532661
2026-08-09 03:31:36,장미1차,송파구,신천동,매매,고,99,29.95,350000,0,35.0,38,,49489921,https://www.zigbang.com/home/apt/items/49489921
2026-08-09 03:31:36,장미1차,송파구,신천동,매매,10,82.45,24.94,350000,0,35.0,33,,49933812,https://www.zigbang.com/home/apt/items/49933812
2026-08-09 03:31:36,장미1차,송파구,신천동,매매,10,82.45,24.94,350000,0,35.0,33,,49933764,https://www.zigbang.com/home/apt/items/49933764
2026-08-09 03:31:36,장미1차,송파구,신천동,매매,저,99,29.95,370000,0,37.0,38,,49934109,https://www.zigbang.com/home/apt/items/49934109
2026-08-09 03:31:36,장미1차,송파구,신천동,매매,중,99,29.95,370000,0,37.0,38,,49934085,https://www.zigbang.com/home/apt/items/49934085
2026-08-09 03:31:36,장미1차,송파구,신천동,매매,중,120,36.3,380000,0,38.0,45,,49896717,https://www.zigbang.com/home/apt/items/49896717
2026-08-09 03:31:36,장미1차,송파구,신천동,매매,중,120,36.3,380000,0,38.0,45,,49741088,https://www.zigbang.com/home/apt/items/49741088
2026-08-09 03:31:36,장미1차,송파구,신천동,매매,12,120,36.3,380000,0,38.0,45,,49315879,https://www.zigbang.com/home/apt/items/49315879
2026-08-09 03:31:36,장미1차,송파구,신천동,매매,고,120,36.3,380000,0,38.0,45,,49932504,https://www.zigbang.com/home/apt/items/49932504
2026-08-09 03:31:36,장미1차,송파구,신천동,매매,14,120,36.3,390000,0,39.0,45,,49632096,https://www.zigbang.com/home/apt/items/49632096
2026-08-09 03:31:36,장미1차,송파구,신천동,매매,4,120,36.3,390000,0,39.0,45,,49314745,https://www.zigbang.com/home/apt/items/49314745
2026-08-09 03:31:36,장미1차,송파구,신천동,매매,저,120,36.3,390000,0,39.0,45,,49934059,https://www.zigbang.com/home/apt/items/49934059
2026-08-09 03:31:36,장미1차,송파구,신천동,매매,고,120,36.3,398000,0,39.8,45,,49934309,https://www.zigbang.com/home/apt/items/49934309
2026-08-09 03:31:36,장미1차,송파구,신천동,매매,고,196.76,59.52,510000,0,51.0,64,,49934020,https://www.zigbang.com/home/apt/items/49934020
2026-08-09 03:31:36,장미1차,송파구,신천동,매매,고,174.55,52.8,520000,0,52.0,56,,49632191,https://www.zigbang.com/home/apt/items/49632191
2026-08-09 03:31:36,장미2차,송파구,신천동,월세,7,86.41,26.14,20000,200,2.0,28B,,49652483,https://www.zigbang.com/home/apt/items/49652483
2026-08-09 03:31:36,장미2차,송파구,신천동,월세,고,101.06,30.57,30000,200,3.0,33A,,49933664,https://www.zigbang.com/home/apt/items/49933664
2026-08-09 03:31:36,장미2차,송파구,신천동,매매,중,86.41,26.14,320000,0,32.0,28B,,49933728,https://www.zigbang.com/home/apt/items/49933728
2026-08-09 03:31:36,장미2차,송파구,신천동,매매,저,101.98,30.85,335000,0,33.5,33B,,49850829,https://www.zigbang.com/home/apt/items/49850829
2026-08-09 03:31:36,장미2차,송파구,신천동,매매,고,101.98,30.85,335000,0,33.5,33B,,49934168,https://www.zigbang.com/home/apt/items/49934168
2026-08-09 03:31:36,장미2차,송파구,신천동,매매,14,101.02,30.56,340000,0,34.0,33A,,49315706,https://www.zigbang.com/home/apt/items/49315706
2026-08-09 03:31:36,장미2차,송파구,신천동,매매,중,101.06,30.57,350000,0,35.0,33A,,49933849,https://www.zigbang.com/home/apt/items/49933849
2026-08-09 03:31:36,장미2차,송파구,신천동,매매,중,101.06,30.57,350000,0,35.0,33A,,49739451,https://www.zigbang.com/home/apt/items/49739451
2026-08-09 03:31:36,장미2차,송파구,신천동,매매,3,118.41,35.82,370000,0,37.0,38B,,49315235,https://www.zigbang.com/home/apt/items/49315235
2026-08-09 03:31:36,장미2차,송파구,신천동,매매,3,118.41,35.82,370000,0,37.0,38B,,49934231,https://www.zigbang.com/home/apt/items/49934231
2026-08-09 03:31:36,장미2차,송파구,신천동,매매,저,122.08,36.93,370000,0,37.0,40,,49933943,https://www.zigbang.com/home/apt/items/49933943
2026-08-09 03:31:36,장미2차,송파구,신천동,매매,저,119.57,36.17,370000,0,37.0,39A,,49933878,https://www.zigbang.com/home/apt/items/49933878
2026-08-09 03:31:36,장미2차,송파구,신천동,매매,중,141.78,42.89,390000,0,39.0,46A,,49934287,https://www.zigbang.com/home/apt/items/49934287
2026-08-09 03:31:36,장미3차,송파구,신천동,전세,7,134.16,40.58,130000,0,13.0,47,,49714909,https://www.zigbang.com/home/apt/items/49714909
2026-08-09 03:31:36,장미3차,송파구,신천동,매매,중,134.16,40.58,420000,0,42.0,47,,49574256,https://www.zigbang.com/home/apt/items/49574256
2026-08-09 03:31:36,장미3차,송파구,신천동,매매,8,134.16,40.58,420000,0,42.0,47,,49314668,https://www.zigbang.com/home/apt/items/49314668
2026-08-09 03:31:36,파크리오,송파구,신천동,월세,중,35.24,10.66,5000,170,0.5,16,,49569802,https://www.zigbang.com/home/apt/items/49569802
2026-08-09 03:31:36,파크리오,송파구,신천동,월세,저,84.79,25.65,10000,420,1.0,33B,,49662337,https://www.zigbang.com/home/apt/items/49662337
2026-08-09 03:31:36,파크리오,송파구,신천동,월세,중,59.95,18.13,10000,400,1.0,26A,,49470509,https://www.zigbang.com/home/apt/items/49470509
2026-08-09 03:31:36,파크리오,송파구,신천동,월세,저,84.9,25.68,10000,420,1.0,33C,,49404157,https://www.zigbang.com/home/apt/items/49404157
2026-08-09 03:31:36,파크리오,송파구,신천동,월세,중,35.24,10.66,10000,160,1.0,16,,49237959,https://www.zigbang.com/home/apt/items/49237959
2026-08-09 03:31:36,파크리오,송파구,신천동,월세,중,84.97,25.7,10000,500,1.0,33A,,49822227,https://www.zigbang.com/home/apt/items/49822227
2026-08-09 03:31:36,파크리오,송파구,신천동,월세,중,84.9,25.68,10000,420,1.0,33C,,49656076,https://www.zigbang.com/home/apt/items/49656076
2026-08-09 03:31:36,파크리오,송파구,신천동,월세,중,59.95,18.13,20000,360,2.0,26A,,49668605,https://www.zigbang.com/home/apt/items/49668605
2026-08-09 03:31:36,파크리오,송파구,신천동,월세,저,84.9,25.68,20000,400,2.0,33C,,49738631,https://www.zigbang.com/home/apt/items/49738631
2026-08-09 03:31:36,파크리오,송파구,신천동,월세,저,35.24,10.66,20000,200,2.0,16,,49738624,https://www.zigbang.com/home/apt/items/49738624
2026-08-09 03:31:36,파크리오,송파구,신천동,월세,저,35.24,10.66,25000,150,2.5,16,,49297808,https://www.zigbang.com/home/apt/items/49297808
2026-08-09 03:31:36,파크리오,송파구,신천동,월세,저,84.9,25.68,30000,320,3.0,33C,,49627250,https://www.zigbang.com/home/apt/items/49627250
2026-08-09 03:31:36,파크리오,송파구,신천동,월세,고,84.9,25.68,30000,280,3.0,33C,,49436591,https://www.zigbang.com/home/apt/items/49436591
2026-08-09 03:31:36,파크리오,송파구,신천동,월세,고,84.79,25.65,40000,340,4.0,33B,,49791816,https://www.zigbang.com/home/apt/items/49791816
2026-08-09 03:31:36,파크리오,송파구,신천동,월세,중,59.95,18.13,40000,280,4.0,26A,,49778674,https://www.zigbang.com/home/apt/items/49778674
2026-08-09 03:31:36,파크리오,송파구,신천동,월세,저,84.9,25.68,40000,360,4.0,33C,,49703168,https://www.zigbang.com/home/apt/items/49703168
2026-08-09 03:31:36,파크리오,송파구,신천동,월세,중,59.95,18.13,45000,260,4.5,26A,,49740567,https://www.zigbang.com/home/apt/items/49740567
2026-08-09 03:31:36,파크리오,송파구,신천동,월세,중,35.24,10.66,45000,60,4.5,16,,49297706,https://www.zigbang.com/home/apt/items/49297706
2026-08-09 03:31:36,파크리오,송파구,신천동,월세,중,121.63,36.79,50000,500,5.0,45,,49987511,https://www.zigbang.com/home/apt/items/49987511
2026-08-09 03:31:36,파크리오,송파구,신천동,월세,중,59.95,18.13,50000,240,5.0,26A,,49871075,https://www.zigbang.com/home/apt/items/49871075
2026-08-09 03:31:36,파크리오,송파구,신천동,월세,고,84.9,25.68,50000,320,5.0,33C,,49678315,https://www.zigbang.com/home/apt/items/49678315
2026-08-09 03:31:36,파크리오,송파구,신천동,월세,저,35.24,10.66,50000,80,5.0,16,,49567496,https://www.zigbang.com/home/apt/items/49567496
2026-08-09 03:31:36,파크리오,송파구,신천동,월세,중,35.24,10.66,50000,80,5.0,16,,49509002,https://www.zigbang.com/home/apt/items/49509002
2026-08-09 03:31:36,파크리오,송파구,신천동,월세,중,35.24,10.66,50000,80,5.0,16,,49571537,https://www.zigbang.com/home/apt/items/49571537
2026-08-09 03:31:36,파크리오,송파구,신천동,월세,저,84.9,25.68,60000,240,6.0,33C,,49446866,https://www.zigbang.com/home/apt/items/49446866
2026-08-09 03:31:36,파크리오,송파구,신천동,월세,중,84.9,25.68,70000,230,7.0,33C,,49696359,https://www.zigbang.com/home/apt/items/49696359
2026-08-09 03:31:36,파크리오,송파구,신천동,월세,중,84.9,25.68,70000,230,7.0,33C,,49678124,https://www.zigbang.com/home/apt/items/49678124
2026-08-09 03:31:36,파크리오,송파구,신천동,전세,저,35.24,10.66,70000,0,7.0,16,,49567747,https://www.zigbang.com/home/apt/items/49567747
2026-08-09 03:31:36,파크리오,송파구,신천동,월세,중,84.79,25.65,70000,220,7.0,33B,,49738629,https://www.zigbang.com/home/apt/items/49738629
2026-08-09 03:31:36,파크리오,송파구,신천동,전세,중,35.24,10.66,70000,0,7.0,16,,49570791,https://www.zigbang.com/home/apt/items/49570791
2026-08-09 03:31:36,파크리오,송파구,신천동,월세,중,84.9,25.68,80000,200,8.0,33C,,49855322,https://www.zigbang.com/home/apt/items/49855322
2026-08-09 03:31:36,파크리오,송파구,신천동,월세,고,84.9,25.68,80000,160,8.0,33C,,49627208,https://www.zigbang.com/home/apt/items/49627208
2026-08-09 03:31:36,파크리오,송파구,신천동,월세,중,84.9,25.68,80000,170,8.0,33C,,49595437,https://www.zigbang.com/home/apt/items/49595437
2026-08-09 03:31:36,파크리오,송파구,신천동,월세,고,84.9,25.68,80000,200,8.0,33C,,49582869,https://www.zigbang.com/home/apt/items/49582869
2026-08-09 03:31:36,파크리오,송파구,신천동,월세,저,84.9,25.68,80000,200,8.0,33C,,49880398,https://www.zigbang.com/home/apt/items/49880398
2026-08-09 03:31:36,파크리오,송파구,신천동,월세,고,84.9,25.68,90000,160,9.0,33C,,49855419,https://www.zigbang.com/home/apt/items/49855419
2026-08-09 03:31:36,파크리오,송파구,신천동,월세,저,59.95,18.13,90000,90,9.0,26A,,49789612,https://www.zigbang.com/home/apt/items/49789612
2026-08-09 03:31:36,파크리오,송파구,신천동,월세,고,84.9,25.68,90000,150,9.0,33C,,49678392,https://www.zigbang.com/home/apt/items/49678392
2026-08-09 03:31:36,파크리오,송파구,신천동,월세,고,84.9,25.68,90000,160,9.0,33C,,49678101,https://www.zigbang.com/home/apt/items/49678101
2026-08-09 03:31:36,파크리오,송파구,신천동,월세,저,84.79,25.65,90000,150,9.0,33B,,49255929,https://www.zigbang.com/home/apt/items/49255929
2026-08-09 03:31:36,파크리오,송파구,신천동,월세,고,144.77,43.79,90000,330,9.0,53,,48951800,https://www.zigbang.com/home/apt/items/48951800
2026-08-09 03:31:36,파크리오,송파구,신천동,전세,중,59.95,18.13,110000,0,11.0,26A,,49298040,https://www.zigbang.com/home/apt/items/49298040
2026-08-09 03:31:36,파크리오,송파구,신천동,전세,중,59.95,18.13,110000,0,11.0,26A,,49217777,https://www.zigbang.com/home/apt/items/49217777
2026-08-09 03:31:36,파크리오,송파구,신천동,전세,저,59.64,18.04,115000,0,11.5,26C,,49738608,https://www.zigbang.com/home/apt/items/49738608
2026-08-09 03:31:36,파크리오,송파구,신천동,전세,중,84.79,25.65,117000,0,11.7,33B,,49781741,https://www.zigbang.com/home/apt/items/49781741
2026-08-09 03:31:36,파크리오,송파구,신천동,전세,고,84.79,25.65,119000,0,11.9,33B,,49747275,https://www.zigbang.com/home/apt/items/49747275
2026-08-09 03:31:36,파크리오,송파구,신천동,전세,저,84.79,25.65,120000,0,12.0,33B,,49987922,https://www.zigbang.com/home/apt/items/49987922
2026-08-09 03:31:36,파크리오,송파구,신천동,전세,고,84.9,25.68,120000,0,12.0,33C,,49843333,https://www.zigbang.com/home/apt/items/49843333
2026-08-09 03:31:36,파크리오,송파구,신천동,전세,고,84.9,25.68,125000,0,12.5,33C,,49849343,https://www.zigbang.com/home/apt/items/49849343
2026-08-09 03:31:36,파크리오,송파구,신천동,전세,고,84.9,25.68,128000,0,12.8,33C,,49566470,https://www.zigbang.com/home/apt/items/49566470
2026-08-09 03:31:36,파크리오,송파구,신천동,전세,저,84.79,25.65,130000,0,13.0,33B,,49958011,https://www.zigbang.com/home/apt/items/49958011
2026-08-09 03:31:36,파크리오,송파구,신천동,전세,고,84.79,25.65,130000,0,13.0,33B,,49790396,https://www.zigbang.com/home/apt/items/49790396
2026-08-09 03:31:36,파크리오,송파구,신천동,전세,저,84.9,25.68,130000,0,13.0,33C,,49843660,https://www.zigbang.com/home/apt/items/49843660
2026-08-09 03:31:36,파크리오,송파구,신천동,전세,중,84.9,25.68,130000,0,13.0,33C,,49652167,https://www.zigbang.com/home/apt/items/49652167
2026-08-09 03:31:36,파크리오,송파구,신천동,전세,저,84.79,25.65,130000,0,13.0,33B1,,49582658,https://www.zigbang.com/home/apt/items/49582658
2026-08-09 03:31:36,파크리오,송파구,신천동,전세,저,84.79,25.65,130000,0,13.0,33B,,49210250,https://www.zigbang.com/home/apt/items/49210250
2026-08-09 03:31:36,파크리오,송파구,신천동,전세,고,84.9,25.68,130000,0,13.0,33C,,49182359,https://www.zigbang.com/home/apt/items/49182359
2026-08-09 03:31:36,파크리오,송파구,신천동,전세,저,84.9,25.68,130000,0,13.0,33C,,49738612,https://www.zigbang.com/home/apt/items/49738612
2026-08-09 03:31:36,파크리오,송파구,신천동,전세,고,84.9,25.68,130000,0,13.0,33C,,49245333,https://www.zigbang.com/home/apt/items/49245333
2026-08-09 03:31:36,파크리오,송파구,신천동,전세,저,84.79,25.65,135000,0,13.5,33B,,49988012,https://www.zigbang.com/home/apt/items/49988012
2026-08-09 03:31:36,파크리오,송파구,신천동,전세,중,84.9,25.68,135000,0,13.5,33C,,49809597,https://www.zigbang.com/home/apt/items/49809597
2026-08-09 03:31:36,파크리오,송파구,신천동,전세,고,84.79,25.65,140000,0,14.0,33B,,49819448,https://www.zigbang.com/home/apt/items/49819448
2026-08-09 03:31:36,파크리오,송파구,신천동,매매,중,35.24,10.66,140000,0,14.0,16,,49531227,https://www.zigbang.com/home/apt/items/49531227
2026-08-09 03:31:36,파크리오,송파구,신천동,전세,저,144.77,43.79,145000,0,14.5,53,,49784457,https://www.zigbang.com/home/apt/items/49784457
2026-08-09 03:31:36,파크리오,송파구,신천동,매매,중,35.24,10.66,145000,0,14.5,16,,49738599,https://www.zigbang.com/home/apt/items/49738599
2026-08-09 03:31:36,파크리오,송파구,신천동,전세,중,144.77,43.79,150000,0,15.0,53,,49738622,https://www.zigbang.com/home/apt/items/49738622
2026-08-09 03:31:36,파크리오,송파구,신천동,전세,중,121.63,36.79,160000,0,16.0,45,,49115418,https://www.zigbang.com/home/apt/items/49115418
2026-08-09 03:31:36,파크리오,송파구,신천동,매매,고,59.95,18.13,270000,0,27.0,26A,,49228808,https://www.zigbang.com/home/apt/items/49228808
2026-08-09 03:31:36,파크리오,송파구,신천동,매매,고,59.95,18.13,273000,0,27.3,26A,,49407004,https://www.zigbang.com/home/apt/items/49407004
2026-08-09 03:31:36,파크리오,송파구,신천동,매매,고,59.95,18.13,274000,0,27.4,26A,,49681205,https://www.zigbang.com/home/apt/items/49681205
2026-08-09 03:31:36,파크리오,송파구,신천동,매매,고,59.64,18.04,275000,0,27.5,26C,,49681766,https://www.zigbang.com/home/apt/items/49681766
2026-08-09 03:31:36,파크리오,송파구,신천동,매매,고,59.86,18.11,275000,0,27.5,26B,,49349591,https://www.zigbang.com/home/apt/items/49349591
2026-08-09 03:31:36,파크리오,송파구,신천동,매매,고,59.95,18.13,275000,0,27.5,26A,,49349552,https://www.zigbang.com/home/apt/items/49349552
2026-08-09 03:31:36,파크리오,송파구,신천동,매매,고,59.86,18.11,275000,0,27.5,26B,,49055610,https://www.zigbang.com/home/apt/items/49055610
2026-08-09 03:31:36,파크리오,송파구,신천동,매매,고,59.86,18.11,278000,0,27.8,26B,,49681261,https://www.zigbang.com/home/apt/items/49681261
2026-08-09 03:31:36,파크리오,송파구,신천동,매매,중,59.95,18.13,278000,0,27.8,26A,,49574779,https://www.zigbang.com/home/apt/items/49574779
2026-08-09 03:31:36,파크리오,송파구,신천동,매매,고,59.64,18.04,278000,0,27.8,26C,,49519204,https://www.zigbang.com/home/apt/items/49519204
2026-08-09 03:31:36,파크리오,송파구,신천동,매매,저,59.95,18.13,280000,0,28.0,26A,,49846590,https://www.zigbang.com/home/apt/items/49846590
2026-08-09 03:31:36,파크리오,송파구,신천동,매매,고,59.95,18.13,280000,0,28.0,26A,,49681232,https://www.zigbang.com/home/apt/items/49681232
2026-08-09 03:31:36,파크리오,송파구,신천동,매매,고,59.64,18.04,280000,0,28.0,26C,,49416100,https://www.zigbang.com/home/apt/items/49416100
2026-08-09 03:31:36,파크리오,송파구,신천동,매매,저,59.64,18.04,280000,0,28.0,26C,,49349515,https://www.zigbang.com/home/apt/items/49349515
2026-08-09 03:31:36,파크리오,송파구,신천동,매매,중,59.95,18.13,280000,0,28.0,26A,,49291735,https://www.zigbang.com/home/apt/items/49291735
2026-08-09 03:31:36,파크리오,송파구,신천동,매매,저,59.64,18.04,280000,0,28.0,26C,,47897911,https://www.zigbang.com/home/apt/items/47897911
2026-08-09 03:31:36,파크리오,송파구,신천동,매매,저,59.64,18.04,280000,0,28.0,26C,,49023935,https://www.zigbang.com/home/apt/items/49023935
2026-08-09 03:31:36,파크리오,송파구,신천동,매매,고,59.86,18.11,285000,0,28.5,26B,,49531490,https://www.zigbang.com/home/apt/items/49531490
2026-08-09 03:31:36,파크리오,송파구,신천동,매매,저,84.9,25.68,288000,0,28.8,33C,,49202608,https://www.zigbang.com/home/apt/items/49202608
2026-08-09 03:31:36,파크리오,송파구,신천동,매매,고,59.95,18.13,290000,0,29.0,26A,,49806666,https://www.zigbang.com/home/apt/items/49806666
2026-08-09 03:31:36,파크리오,송파구,신천동,매매,중,84.79,25.65,290000,0,29.0,33B,,49798335,https://www.zigbang.com/home/apt/items/49798335
2026-08-09 03:31:36,파크리오,송파구,신천동,매매,저,84.79,25.65,294000,0,29.4,33B,,49694988,https://www.zigbang.com/home/apt/items/49694988
2026-08-09 03:31:36,파크리오,송파구,신천동,매매,저,84.79,25.65,295000,0,29.5,33B,,49653064,https://www.zigbang.com/home/apt/items/49653064
2026-08-09 03:31:36,파크리오,송파구,신천동,매매,중,84.79,25.65,295000,0,29.5,33B,,49619557,https://www.zigbang.com/home/apt/items/49619557
2026-08-09 03:31:36,파크리오,송파구,신천동,매매,저,84.79,25.65,295000,0,29.5,33B,,49532110,https://www.zigbang.com/home/apt/items/49532110
2026-08-09 03:31:36,파크리오,송파구,신천동,매매,저,84.79,25.65,295000,0,29.5,33B,,49243298,https://www.zigbang.com/home/apt/items/49243298
2026-08-09 03:31:36,파크리오,송파구,신천동,매매,중,84.79,25.65,295000,0,29.5,33B,,49193586,https://www.zigbang.com/home/apt/items/49193586
2026-08-09 03:31:36,파크리오,송파구,신천동,매매,저,84.79,25.65,295000,0,29.5,33B,,49023915,https://www.zigbang.com/home/apt/items/49023915
2026-08-09 03:31:36,파크리오,송파구,신천동,매매,저,84.9,25.68,298000,0,29.8,33C,,49194279,https://www.zigbang.com/home/apt/items/49194279
2026-08-09 03:31:36,파크리오,송파구,신천동,매매,중,84.79,25.65,298000,0,29.8,33B,,48946008,https://www.zigbang.com/home/apt/items/48946008
2026-08-09 03:31:36,파크리오,송파구,신천동,매매,저,84.9,25.68,300000,0,30.0,33C,,49988754,https://www.zigbang.com/home/apt/items/49988754
2026-08-09 03:31:36,파크리오,송파구,신천동,매매,저,84.9,25.68,300000,0,30.0,33C,,49703241,https://www.zigbang.com/home/apt/items/49703241
2026-08-09 03:31:36,파크리오,송파구,신천동,매매,중,84.9,25.68,300000,0,30.0,33C,,49680364,https://www.zigbang.com/home/apt/items/49680364
2026-08-09 03:31:36,파크리오,송파구,신천동,매매,고,84.79,25.65,300000,0,30.0,33B,,49332148,https://www.zigbang.com/home/apt/items/49332148
2026-08-09 03:31:36,파크리오,송파구,신천동,매매,중,84.79,25.65,300000,0,30.0,33B,,49331656,https://www.zigbang.com/home/apt/items/49331656
2026-08-09 03:31:36,파크리오,송파구,신천동,매매,중,84.79,25.65,300000,0,30.0,33B1,,49295653,https://www.zigbang.com/home/apt/items/49295653
2026-08-09 03:31:36,파크리오,송파구,신천동,매매,저,84.79,25.65,300000,0,30.0,33B1,,49291186,https://www.zigbang.com/home/apt/items/49291186
2026-08-09 03:31:36,파크리오,송파구,신천동,매매,저,84.9,25.68,300000,0,30.0,33C,,49291137,https://www.zigbang.com/home/apt/items/49291137
2026-08-09 03:31:36,파크리오,송파구,신천동,매매,8,84.79,25.65,300000,0,30.0,33B,,49291073,https://www.zigbang.com/home/apt/items/49291073
2026-08-09 03:31:36,파크리오,송파구,신천동,매매,중,84.79,25.65,300000,0,30.0,33B,,49075008,https://www.zigbang.com/home/apt/items/49075008
2026-08-09 03:31:36,파크리오,송파구,신천동,매매,고,84.79,25.65,300000,0,30.0,33B,,49053087,https://www.zigbang.com/home/apt/items/49053087
2026-08-09 03:31:36,파크리오,송파구,신천동,매매,저,84.79,25.65,300000,0,30.0,33B,,49052903,https://www.zigbang.com/home/apt/items/49052903
2026-08-09 03:31:36,파크리오,송파구,신천동,매매,중,84.79,25.65,300000,0,30.0,33B,,49035063,https://www.zigbang.com/home/apt/items/49035063
2026-08-09 03:31:36,파크리오,송파구,신천동,매매,중,84.79,25.65,300000,0,30.0,33B,,48657091,https://www.zigbang.com/home/apt/items/48657091
2026-08-09 03:31:36,파크리오,송파구,신천동,매매,중,84.9,25.68,300000,0,30.0,33C,,48290640,https://www.zigbang.com/home/apt/items/48290640
2026-08-09 03:31:36,파크리오,송파구,신천동,매매,저,84.79,25.65,300000,0,30.0,33B,,48290174,https://www.zigbang.com/home/apt/items/48290174
2026-08-09 03:31:36,파크리오,송파구,신천동,매매,고,84.79,25.65,302000,0,30.2,33B,,49013190,https://www.zigbang.com/home/apt/items/49013190
2026-08-09 03:31:36,파크리오,송파구,신천동,매매,중,84.79,25.65,305000,0,30.5,33B,,49348987,https://www.zigbang.com/home/apt/items/49348987
2026-08-09 03:31:36,파크리오,송파구,신천동,매매,저,84.79,25.65,310000,0,31.0,33B1,,49583230,https://www.zigbang.com/home/apt/items/49583230
2026-08-09 03:31:36,파크리오,송파구,신천동,매매,중,84.79,25.65,310000,0,31.0,33B,,49290970,https://www.zigbang.com/home/apt/items/49290970
2026-08-09 03:31:36,파크리오,송파구,신천동,매매,중,84.79,25.65,310000,0,31.0,33B,,49128343,https://www.zigbang.com/home/apt/items/49128343
2026-08-09 03:31:36,파크리오,송파구,신천동,매매,중,84.79,25.65,310000,0,31.0,33B1,,49081680,https://www.zigbang.com/home/apt/items/49081680
2026-08-09 03:31:36,파크리오,송파구,신천동,매매,저,84.79,25.65,310000,0,31.0,33B,,49013142,https://www.zigbang.com/home/apt/items/49013142
2026-08-09 03:31:36,파크리오,송파구,신천동,매매,고,84.79,25.65,310000,0,31.0,33B,,48897246,https://www.zigbang.com/home/apt/items/48897246
2026-08-09 03:31:36,파크리오,송파구,신천동,매매,중,84.79,25.65,310000,0,31.0,33B,,48564059,https://www.zigbang.com/home/apt/items/48564059
2026-08-09 03:31:36,파크리오,송파구,신천동,매매,중,84.79,25.65,310000,0,31.0,33B,,48593348,https://www.zigbang.com/home/apt/items/48593348
2026-08-09 03:31:36,파크리오,송파구,신천동,매매,고,84.97,25.7,310000,0,31.0,33A,,48563835,https://www.zigbang.com/home/apt/items/48563835
2026-08-09 03:31:36,파크리오,송파구,신천동,매매,중,84.9,25.68,310000,0,31.0,33C,,49738650,https://www.zigbang.com/home/apt/items/49738650
2026-08-09 03:31:36,파크리오,송파구,신천동,매매,고,59.86,18.11,318000,0,31.8,26B,,49874691,https://www.zigbang.com/home/apt/items/49874691
2026-08-09 03:31:36,파크리오,송파구,신천동,매매,고,84.79,25.65,320000,0,32.0,33B1,,49532200,https://www.zigbang.com/home/apt/items/49532200
2026-08-09 03:31:36,파크리오,송파구,신천동,매매,고,84.9,25.68,330000,0,33.0,33C,,49767596,https://www.zigbang.com/home/apt/items/49767596
2026-08-09 03:31:36,파크리오,송파구,신천동,매매,저,121.63,36.79,335000,0,33.5,45,,46833274,https://www.zigbang.com/home/apt/items/46833274
2026-08-09 03:31:36,파크리오,송파구,신천동,매매,저,144.77,43.79,345000,0,34.5,53,,49128788,https://www.zigbang.com/home/apt/items/49128788
2026-08-09 03:31:36,파크리오,송파구,신천동,매매,저,121.63,36.79,353000,0,35.3,45,,49531813,https://www.zigbang.com/home/apt/items/49531813
2026-08-09 03:31:36,파크리오,송파구,신천동,매매,중,121.63,36.79,355000,0,35.5,45,,49186435,https://www.zigbang.com/home/apt/items/49186435
2026-08-09 03:31:36,파크리오,송파구,신천동,매매,고,121.63,36.79,358000,0,35.8,45,,49729370,https://www.zigbang.com/home/apt/items/49729370
2026-08-09 03:31:36,파크리오,송파구,신천동,매매,저,121.63,36.79,360000,0,36.0,45,,49406877,https://www.zigbang.com/home/apt/items/49406877
2026-08-09 03:31:36,파크리오,송파구,신천동,매매,중,121.63,36.79,360000,0,36.0,45,,49382502,https://www.zigbang.com/home/apt/items/49382502
2026-08-09 03:31:36,파크리오,송파구,신천동,매매,저,121.63,36.79,360000,0,36.0,45,,49192467,https://www.zigbang.com/home/apt/items/49192467
2026-08-09 03:31:36,파크리오,송파구,신천동,매매,중,144.77,43.79,360000,0,36.0,53,,48996697,https://www.zigbang.com/home/apt/items/48996697
2026-08-09 03:31:36,파크리오,송파구,신천동,매매,중,144.77,43.79,360000,0,36.0,53,,49023941,https://www.zigbang.com/home/apt/items/49023941
2026-08-09 03:31:36,파크리오,송파구,신천동,매매,중,121.63,36.79,360000,0,36.0,45,,48657122,https://www.zigbang.com/home/apt/items/48657122
2026-08-09 03:31:36,파크리오,송파구,신천동,매매,중,121.63,36.79,365000,0,36.5,45,,49167654,https://www.zigbang.com/home/apt/items/49167654
2026-08-09 03:31:36,파크리오,송파구,신천동,매매,고,121.63,36.79,365000,0,36.5,45,,48779975,https://www.zigbang.com/home/apt/items/48779975
2026-08-09 03:31:36,파크리오,송파구,신천동,매매,고,121.63,36.79,370000,0,37.0,45,,48946214,https://www.zigbang.com/home/apt/items/48946214
2026-08-09 03:31:36,파크리오,송파구,신천동,매매,고,121.63,36.79,370000,0,37.0,45,,49783796,https://www.zigbang.com/home/apt/items/49783796
2026-08-09 03:31:36,파크리오,송파구,신천동,매매,고,144.77,43.79,370000,0,37.0,53,,49738651,https://www.zigbang.com/home/apt/items/49738651
2026-08-09 03:31:36,파크리오,송파구,신천동,매매,고,121.63,36.79,370000,0,37.0,45,,49532673,https://www.zigbang.com/home/apt/items/49532673
2026-08-09 03:31:36,파크리오,송파구,신천동,매매,고,144.77,43.79,380000,0,38.0,53,,49784616,https://www.zigbang.com/home/apt/items/49784616
2026-08-09 03:31:36,파크리오,송파구,신천동,매매,13,144.77,43.79,390000,0,39.0,53,,49023964,https://www.zigbang.com/home/apt/items/49023964
2026-08-09 03:31:36,파크리오,송파구,신천동,매매,중,121.63,36.79,400000,0,40.0,45,,49987533,https://www.zigbang.com/home/apt/items/49987533
2026-08-09 03:31:36,파크리오,송파구,신천동,매매,중,144.77,43.79,455000,0,45.5,53,,49532607,https://www.zigbang.com/home/apt/items/49532607
2026-08-09 03:31:36,한신코아,송파구,신천동,매매,중,41.99,12.7,148000,0,14.8,18,,49323229,https://www.zigbang.com/home/apt/items/49323229
2026-08-09 03:31:36,한신코아,송파구,신천동,매매,저,41.99,12.7,150000,0,15.0,18,,49872614,https://www.zigbang.com/home/apt/items/49872614
2026-08-09 03:31:36,한신코아,송파구,신천동,매매,저,41.99,12.7,160000,0,16.0,18,,49377680,https://www.zigbang.com/home/apt/items/49377680
2026-08-09 03:31:36,한신코아,송파구,신천동,매매,저,52.51,15.88,183000,0,18.3,23,,49460550,https://www.zigbang.com/home/apt/items/49460550
2026-08-09 03:31:36,현대타워,송파구,신천동,전세,중,173.7,52.54,109000,0,10.9,68,,49862957,https://www.zigbang.com/home/apt/items/49862957
2026-08-09 03:31:36,현대타워,송파구,신천동,전세,18,106.65,32.26,110000,0,11.0,42,,49536780,https://www.zigbang.com/home/apt/items/49536780
2026-08-09 03:31:36,대림,송파구,오금동,매매,저,84.91,25.69,220000,0,22.0,31,,49577165,https://www.zigbang.com/home/apt/items/49577165
2026-08-09 03:31:36,대림,송파구,오금동,매매,2,84.91,25.69,229000,0,22.9,31,,49574119,https://www.zigbang.com/home/apt/items/49574119
2026-08-09 03:31:36,대림,송파구,오금동,매매,2,84.91,25.69,233000,0,23.3,31,,49981934,https://www.zigbang.com/home/apt/items/49981934
2026-08-09 03:31:36,대림,송파구,오금동,매매,15,84.91,25.69,237000,0,23.7,31,,49981937,https://www.zigbang.com/home/apt/items/49981937
2026-08-09 03:31:36,대림,송파구,오금동,매매,9,84.91,25.69,238000,0,23.8,31,,49981939,https://www.zigbang.com/home/apt/items/49981939
2026-08-09 03:31:36,대림,송파구,오금동,매매,5,84.91,25.69,240000,0,24.0,31,,49981941,https://www.zigbang.com/home/apt/items/49981941
2026-08-09 03:31:36,대림,송파구,오금동,매매,고,84.91,25.69,240000,0,24.0,31,,49981940,https://www.zigbang.com/home/apt/items/49981940
2026-08-09 03:31:36,대림,송파구,오금동,매매,1,125.79,38.05,254000,0,25.4,44,,49990715,https://www.zigbang.com/home/apt/items/49990715
2026-08-09 03:31:36,대림,송파구,오금동,매매,8,125.79,38.05,255000,0,25.5,44,,49981946,https://www.zigbang.com/home/apt/items/49981946
2026-08-09 03:31:36,대림,송파구,오금동,매매,3,125.79,38.05,260000,0,26.0,44,,49981950,https://www.zigbang.com/home/apt/items/49981950
2026-08-09 03:31:36,르네상스빌,송파구,오금동,매매,8,170.37,51.54,180000,0,18.0,61,,49982199,https://www.zigbang.com/home/apt/items/49982199
2026-08-09 03:31:36,르네상스빌,송파구,오금동,매매,13,204.11,61.74,210000,0,21.0,73,,49982211,https://www.zigbang.com/home/apt/items/49982211
2026-08-09 03:31:36,르네상스빌,송파구,오금동,매매,고,204.11,61.74,210000,0,21.0,73,,49982204,https://www.zigbang.com/home/apt/items/49982204
2026-08-09 03:31:36,송파더플래티넘,송파구,오금동,매매,14,52.6,15.91,138000,0,13.8,21A,,222045,https://www.zigbang.com/home/apt/items/222045
2026-08-09 03:31:36,송파더플래티넘,송파구,오금동,매매,10,66.94,20.25,147000,0,14.7,27C,,49982158,https://www.zigbang.com/home/apt/items/49982158
2026-08-09 03:31:36,송파더플래티넘,송파구,오금동,매매,중,65.33,19.76,150000,0,15.0,27,,49618171,https://www.zigbang.com/home/apt/items/49618171
2026-08-09 03:31:36,송파더플래티넘,송파구,오금동,매매,13,66.94,20.25,170000,0,17.0,27C,,243950,https://www.zigbang.com/home/apt/items/243950
2026-08-09 03:31:36,송파더플래티넘,송파구,오금동,매매,6,89.07,26.94,180000,0,18.0,35B,,240308,https://www.zigbang.com/home/apt/items/240308
2026-08-09 03:31:36,송파두산위브,송파구,오금동,월세,1,84.9703,25.7,80000,30,8.0,34,,49982111,https://www.zigbang.com/home/apt/items/49982111
2026-08-09 03:31:36,송파두산위브,송파구,오금동,매매,10,59.9823,18.14,150000,0,15.0,25,,49982115,https://www.zigbang.com/home/apt/items/49982115
2026-08-09 03:31:36,송파두산위브,송파구,오금동,매매,중,59.9823,18.14,150000,0,15.0,25,,49982112,https://www.zigbang.com/home/apt/items/49982112
2026-08-09 03:31:36,송파두산위브,송파구,오금동,매매,8,59.9823,18.14,155000,0,15.5,25,,49982116,https://www.zigbang.com/home/apt/items/49982116
2026-08-09 03:31:36,송파두산위브,송파구,오금동,매매,중,84.9703,25.7,155000,0,15.5,34,,49538015,https://www.zigbang.com/home/apt/items/49538015
2026-08-09 03:31:36,송파두산위브,송파구,오금동,매매,저,84.9703,25.7,180000,0,18.0,34,,49432585,https://www.zigbang.com/home/apt/items/49432585
2026-08-09 03:31:36,송파두산위브,송파구,오금동,매매,11,84.9703,25.7,180000,0,18.0,34,,101803,https://www.zigbang.com/home/apt/items/101803
2026-08-09 03:31:36,송파레미니스1단지,송파구,오금동,전세,저,84.82,25.66,90000,0,9.0,38B,,49531818,https://www.zigbang.com/home/apt/items/49531818
2026-08-09 03:31:36,송파레미니스1단지,송파구,오금동,매매,15,59.85,18.1,170000,0,17.0,27A,,49347450,https://www.zigbang.com/home/apt/items/49347450
2026-08-09 03:31:36,송파레미니스1단지,송파구,오금동,매매,10,84.94,25.69,190000,0,19.0,37C,,164361,https://www.zigbang.com/home/apt/items/164361
2026-08-09 03:31:36,송파레미니스1단지,송파구,오금동,매매,중,84.94,25.69,195000,0,19.5,37CN,,49347435,https://www.zigbang.com/home/apt/items/49347435
2026-08-09 03:31:36,송파레미니스1단지,송파구,오금동,매매,고,84.82,25.66,210000,0,21.0,38B,,49352741,https://www.zigbang.com/home/apt/items/49352741
2026-08-09 03:31:36,송파레미니스1단지,송파구,오금동,매매,저,84.99,25.71,230000,0,23.0,37A,,49352772,https://www.zigbang.com/home/apt/items/49352772
2026-08-09 03:31:36,송파레미니스2단지,송파구,오금동,월세,고,84.82,25.66,15000,320,1.5,38B,,49774055,https://www.zigbang.com/home/apt/items/49774055
2026-08-09 03:31:36,송파레미니스2단지,송파구,오금동,전세,중,84.94,25.69,95000,0,9.5,37CN,,49982145,https://www.zigbang.com/home/apt/items/49982145
2026-08-09 03:31:36,송파레미니스2단지,송파구,오금동,매매,고,84.94,25.69,186000,0,18.6,37CN,,49555710,https://www.zigbang.com/home/apt/items/49555710
2026-08-09 03:31:36,송파레미니스2단지,송파구,오금동,매매,고,84.82,25.66,190000,0,19.0,38B,,49347426,https://www.zigbang.com/home/apt/items/49347426
2026-08-09 03:31:36,송파레미니스2단지,송파구,오금동,매매,고,84.82,25.66,200000,0,20.0,38B,,49982148,https://www.zigbang.com/home/apt/items/49982148
2026-08-09 03:31:36,송파레미니스2단지,송파구,오금동,매매,고,84.94,25.69,200000,0,20.0,37C,,49982147,https://www.zigbang.com/home/apt/items/49982147
2026-08-09 03:31:36,송파레미니스2단지,송파구,오금동,매매,중,84.94,25.69,200000,0,20.0,37CN,,49347456,https://www.zigbang.com/home/apt/items/49347456
2026-08-09 03:31:36,송파호반베르디움더퍼스트,송파구,오금동,전세,11,101.4632,30.69,105000,0,10.5,39,,49350253,https://www.zigbang.com/home/apt/items/49350253
2026-08-09 03:31:36,송파호반베르디움더퍼스트,송파구,오금동,매매,9,101.4632,30.69,180000,0,18.0,39,,253924,https://www.zigbang.com/home/apt/items/253924
2026-08-09 03:31:36,오금쌍용스윗닷홈1차,송파구,오금동,매매,5,84.94,25.69,180000,0,18.0,32,,49982189,https://www.zigbang.com/home/apt/items/49982189
2026-08-09 03:31:36,오금쌍용스윗닷홈1차,송파구,오금동,매매,10,84.94,25.69,180000,0,18.0,32,,49982182,https://www.zigbang.com/home/apt/items/49982182
2026-08-09 03:31:36,오금우방,송파구,오금동,매매,1,84.95,25.7,230000,0,23.0,32,,255333,https://www.zigbang.com/home/apt/items/255333
2026-08-09 03:31:36,올림픽파크센트레빌,송파구,오금동,매매,7,84.37,25.52,175000,0,17.5,33B,,49982169,https://www.zigbang.com/home/apt/items/49982169
2026-08-09 03:31:36,올림픽파크센트레빌,송파구,오금동,매매,고,84.68,25.62,185000,0,18.5,33C,,49982172,https://www.zigbang.com/home/apt/items/49982172
2026-08-09 03:31:36,현대,송파구,오금동,월세,4,84.98,25.71,30000,200,3.0,31,,49981888,https://www.zigbang.com/home/apt/items/49981888
2026-08-09 03:31:36,현대,송파구,오금동,전세,4,84.98,25.71,80000,0,8.0,31,,49981893,https://www.zigbang.com/home/apt/items/49981893
2026-08-09 03:31:36,현대,송파구,오금동,전세,저,170.32,51.52,120000,0,12.0,58,,49981895,https://www.zigbang.com/home/apt/items/49981895
2026-08-09 03:31:36,현대,송파구,오금동,매매,고,84.98,25.71,280000,0,28.0,31,,49981899,https://www.zigbang.com/home/apt/items/49981899
2026-08-09 03:31:36,현대,송파구,오금동,매매,고,84.98,25.71,280000,0,28.0,31,,49981897,https://www.zigbang.com/home/apt/items/49981897
2026-08-09 03:31:36,현대,송파구,오금동,매매,5,130.93,39.61,288000,0,28.8,46,,49981901,https://www.zigbang.com/home/apt/items/49981901
2026-08-09 03:31:36,현대,송파구,오금동,매매,9,130.93,39.61,295000,0,29.5,46,,49981904,https://www.zigbang.com/home/apt/items/49981904
2026-08-09 03:31:36,현대,송파구,오금동,매매,2,130.93,39.61,298000,0,29.8,46,,49981905,https://www.zigbang.com/home/apt/items/49981905
2026-08-09 03:31:36,현대,송파구,오금동,매매,중,130.93,39.61,300000,0,30.0,46,,49981919,https://www.zigbang.com/home/apt/items/49981919
2026-08-09 03:31:36,현대,송파구,오금동,매매,8,130.93,39.61,300000,0,30.0,46,,49981916,https://www.zigbang.com/home/apt/items/49981916
2026-08-09 03:31:36,현대,송파구,오금동,매매,8,130.93,39.61,300000,0,30.0,46,,49981915,https://www.zigbang.com/home/apt/items/49981915
2026-08-09 03:31:36,현대,송파구,오금동,매매,9,130.93,39.61,300000,0,30.0,46,,49981913,https://www.zigbang.com/home/apt/items/49981913
2026-08-09 03:31:36,현대,송파구,오금동,매매,저,170.32,51.52,340000,0,34.0,58,,49981923,https://www.zigbang.com/home/apt/items/49981923
2026-08-09 03:31:36,현대,송파구,오금동,매매,10,170.32,51.52,340000,0,34.0,58,,49981922,https://www.zigbang.com/home/apt/items/49981922
2026-08-09 03:31:36,현대,송파구,오금동,매매,4,170.32,51.52,350000,0,35.0,58,,49982280,https://www.zigbang.com/home/apt/items/49982280
2026-08-09 03:31:36,현대,송파구,오금동,매매,3,170.32,51.52,350000,0,35.0,58,,49981925,https://www.zigbang.com/home/apt/items/49981925
2026-08-09 03:31:36,현대백조,송파구,오금동,매매,저,31,9.38,90000,0,9.0,13,,49981996,https://www.zigbang.com/home/apt/items/49981996
2026-08-09 03:31:36,현대백조,송파구,오금동,매매,3,78.59,23.77,170000,0,17.0,31A,,49982001,https://www.zigbang.com/home/apt/items/49982001
2026-08-09 03:31:36,현대백조,송파구,오금동,매매,저,84.92,25.69,180000,0,18.0,33,,49982004,https://www.zigbang.com/home/apt/items/49982004
2026-08-09 03:31:36,갤러리아팰리스,송파구,잠실동,매매,중,163.93,49.59,420000,0,42.0,63C,,49616648,https://www.zigbang.com/home/apt/items/49616648
2026-08-09 03:31:36,레이크팰리스,송파구,잠실동,월세,중,84.82,25.66,40000,350,4.0,34,,49655467,https://www.zigbang.com/home/apt/items/49655467
2026-08-09 03:31:36,레이크팰리스,송파구,잠실동,매매,저,136.74,41.36,380000,0,38.0,51B,,49965880,https://www.zigbang.com/home/apt/items/49965880
2026-08-09 03:31:36,레이크팰리스,송파구,잠실동,매매,중,136.74,41.36,385000,0,38.5,51B,,49897484,https://www.zigbang.com/home/apt/items/49897484
2026-08-09 03:31:36,레이크팰리스,송파구,잠실동,매매,중,135.82,41.09,410000,0,41.0,50A,,49965753,https://www.zigbang.com/home/apt/items/49965753
2026-08-09 03:31:36,레이크팰리스,송파구,잠실동,매매,13,135.82,41.09,420000,0,42.0,50A,,216670,https://www.zigbang.com/home/apt/items/216670
2026-08-09 03:31:36,리센츠,송파구,잠실동,월세,저,27.68,8.37,30000,120,3.0,13A,,49977165,https://www.zigbang.com/home/apt/items/49977165
2026-08-09 03:31:36,리센츠,송파구,잠실동,월세,중,27.68,8.37,30000,140,3.0,13A,,49976090,https://www.zigbang.com/home/apt/items/49976090
2026-08-09 03:31:36,리센츠,송파구,잠실동,월세,중,84.99,25.71,30000,380,3.0,33J,,49342274,https://www.zigbang.com/home/apt/items/49342274
2026-08-09 03:31:36,리센츠,송파구,잠실동,월세,중,84.99,25.71,40000,450,4.0,33A,,49976051,https://www.zigbang.com/home/apt/items/49976051
2026-08-09 03:31:36,리센츠,송파구,잠실동,전세,저,27.68,8.37,52000,0,5.2,13A,,49976286,https://www.zigbang.com/home/apt/items/49976286
2026-08-09 03:31:36,리센츠,송파구,잠실동,전세,중,27.68,8.37,65000,0,6.5,13A,,49977242,https://www.zigbang.com/home/apt/items/49977242
2026-08-09 03:31:36,리센츠,송파구,잠실동,월세,저,124.22,37.58,70000,550,7.0,48B,,49976183,https://www.zigbang.com/home/apt/items/49976183
2026-08-09 03:31:36,리센츠,송파구,잠실동,월세,저,124.22,37.58,70000,440,7.0,48A,,49577444,https://www.zigbang.com/home/apt/items/49577444
2026-08-09 03:31:36,리센츠,송파구,잠실동,전세,중,27.68,8.37,70000,0,7.0,13A,,49554207,https://www.zigbang.com/home/apt/items/49554207
2026-08-09 03:31:36,리센츠,송파구,잠실동,월세,중,124.22,37.58,70000,450,7.0,48A,,49551873,https://www.zigbang.com/home/apt/items/49551873
2026-08-09 03:31:36,리센츠,송파구,잠실동,월세,8,124.22,37.58,70000,480,7.0,48B,,247824,https://www.zigbang.com/home/apt/items/247824
2026-08-09 03:31:36,리센츠,송파구,잠실동,월세,저,124.22,37.58,80000,450,8.0,48B,,49533756,https://www.zigbang.com/home/apt/items/49533756
2026-08-09 03:31:36,리센츠,송파구,잠실동,전세,중,84.99,25.71,140000,0,14.0,33F,,49977281,https://www.zigbang.com/home/apt/items/49977281
2026-08-09 03:31:36,리센츠,송파구,잠실동,월세,중,124.22,37.58,140000,160,14.0,48B,,49976439,https://www.zigbang.com/home/apt/items/49976439
2026-08-09 03:31:36,리센츠,송파구,잠실동,전세,중,84.99,25.71,145000,0,14.5,33J,,49976262,https://www.zigbang.com/home/apt/items/49976262
2026-08-09 03:31:36,리센츠,송파구,잠실동,매매,저,27.68,8.37,150000,0,15.0,13A,,49977315,https://www.zigbang.com/home/apt/items/49977315
2026-08-09 03:31:36,리센츠,송파구,잠실동,전세,저,84.99,25.71,150000,0,15.0,33A,,49977204,https://www.zigbang.com/home/apt/items/49977204
2026-08-09 03:31:36,리센츠,송파구,잠실동,전세,중,84.99,25.71,150000,0,15.0,33B,,49976384,https://www.zigbang.com/home/apt/items/49976384
2026-08-09 03:31:36,리센츠,송파구,잠실동,전세,저,84.99,25.71,155000,0,15.5,33A,,49716051,https://www.zigbang.com/home/apt/items/49716051
2026-08-09 03:31:36,리센츠,송파구,잠실동,매매,저,27.68,8.37,158000,0,15.8,13A,,49976232,https://www.zigbang.com/home/apt/items/49976232
2026-08-09 03:31:36,리센츠,송파구,잠실동,매매,저,27.68,8.37,163000,0,16.3,13B,,49553990,https://www.zigbang.com/home/apt/items/49553990
2026-08-09 03:31:36,리센츠,송파구,잠실동,매매,중,27.68,8.37,170000,0,17.0,13B,,49976331,https://www.zigbang.com/home/apt/items/49976331
2026-08-09 03:31:36,리센츠,송파구,잠실동,매매,중,27.68,8.37,170000,0,17.0,13C,,49975531,https://www.zigbang.com/home/apt/items/49975531
2026-08-09 03:31:36,리센츠,송파구,잠실동,매매,저,84.99,25.71,335000,0,33.5,33G,,49977110,https://www.zigbang.com/home/apt/items/49977110
2026-08-09 03:31:36,리센츠,송파구,잠실동,매매,중,84.99,25.71,335000,0,33.5,33C,,49976973,https://www.zigbang.com/home/apt/items/49976973
2026-08-09 03:31:36,리센츠,송파구,잠실동,매매,저,84.99,25.71,338000,0,33.8,33F,,49551094,https://www.zigbang.com/home/apt/items/49551094
2026-08-09 03:31:36,리센츠,송파구,잠실동,매매,저,84.99,25.71,340000,0,34.0,33A,,49977073,https://www.zigbang.com/home/apt/items/49977073
2026-08-09 03:31:36,리센츠,송파구,잠실동,매매,고,84.99,25.71,340000,0,34.0,33A,,49977030,https://www.zigbang.com/home/apt/items/49977030
2026-08-09 03:31:36,리센츠,송파구,잠실동,매매,고,84.99,25.71,340000,0,34.0,33B,,49976715,https://www.zigbang.com/home/apt/items/49976715
2026-08-09 03:31:36,리센츠,송파구,잠실동,매매,3,84.99,25.71,340000,0,34.0,33B,,49338150,https://www.zigbang.com/home/apt/items/49338150
2026-08-09 03:31:36,리센츠,송파구,잠실동,매매,고,84.99,25.71,350000,0,35.0,33B,,49976759,https://www.zigbang.com/home/apt/items/49976759
2026-08-09 03:31:36,리센츠,송파구,잠실동,매매,저,84.99,25.71,350000,0,35.0,33A,,49975663,https://www.zigbang.com/home/apt/items/49975663
2026-08-09 03:31:36,리센츠,송파구,잠실동,매매,저,124.22,37.58,400000,0,40.0,48B,,49975882,https://www.zigbang.com/home/apt/items/49975882
2026-08-09 03:31:36,리센츠,송파구,잠실동,매매,저,124.22,37.58,442000,0,44.2,48B,,49975828,https://www.zigbang.com/home/apt/items/49975828
2026-08-09 03:31:36,리센츠,송파구,잠실동,매매,중,124.22,37.58,450000,0,45.0,48B,,49975777,https://www.zigbang.com/home/apt/items/49975777
2026-08-09 03:31:36,리센츠,송파구,잠실동,매매,중,124.22,37.58,450000,0,45.0,48B,,49975734,https://www.zigbang.com/home/apt/items/49975734
2026-08-09 03:31:36,"우성1,2,3차",송파구,잠실동,매매,고,80.39,24.32,270000,0,27.0,26B,,49873637,https://www.zigbang.com/home/apt/items/49873637
2026-08-09 03:31:36,"우성1,2,3차",송파구,잠실동,매매,저,96.65,29.24,330000,0,33.0,31A,,49980733,https://www.zigbang.com/home/apt/items/49980733
2026-08-09 03:31:36,"우성1,2,3차",송파구,잠실동,매매,중,96.65,29.24,336000,0,33.6,31A,,49447338,https://www.zigbang.com/home/apt/items/49447338
2026-08-09 03:31:36,"우성1,2,3차",송파구,잠실동,매매,중,96.65,29.24,365000,0,36.5,31A,,49980778,https://www.zigbang.com/home/apt/items/49980778
2026-08-09 03:31:36,우성4차,송파구,잠실동,매매,고,81.14,24.54,240000,0,24.0,27,,49874055,https://www.zigbang.com/home/apt/items/49874055
2026-08-09 03:31:36,우성4차,송파구,잠실동,매매,저,81.14,24.54,245000,0,24.5,27,,49872385,https://www.zigbang.com/home/apt/items/49872385
2026-08-09 03:31:36,우성4차,송파구,잠실동,매매,8,81.14,24.54,270000,0,27.0,27,,253607,https://www.zigbang.com/home/apt/items/253607
2026-08-09 03:31:36,우성4차,송파구,잠실동,매매,고,95.84,28.99,275000,0,27.5,32,,49984095,https://www.zigbang.com/home/apt/items/49984095
2026-08-09 03:31:36,잠실엘스,송파구,잠실동,월세,중,59.96,18.14,10000,380,1.0,25,,49989001,https://www.zigbang.com/home/apt/items/49989001
2026-08-09 03:31:36,잠실엘스,송파구,잠실동,월세,중,59.96,18.14,10000,390,1.0,25,,49549370,https://www.zigbang.com/home/apt/items/49549370
2026-08-09 03:31:36,잠실엘스,송파구,잠실동,월세,저,59.96,18.14,55000,220,5.5,25,,49988944,https://www.zigbang.com/home/apt/items/49988944
2026-08-09 03:31:36,잠실엘스,송파구,잠실동,월세,중,84.8,25.65,80000,200,8.0,34,,49481182,https://www.zigbang.com/home/apt/items/49481182
2026-08-09 03:31:36,잠실엘스,송파구,잠실동,전세,중,59.96,18.14,120000,0,12.0,25,,49482432,https://www.zigbang.com/home/apt/items/49482432
2026-08-09 03:31:36,잠실엘스,송파구,잠실동,전세,중,84.8,25.65,130000,0,13.0,34,,49480450,https://www.zigbang.com/home/apt/items/49480450
2026-08-09 03:31:36,잠실엘스,송파구,잠실동,전세,중,84.8,25.65,135000,0,13.5,34,,49772039,https://www.zigbang.com/home/apt/items/49772039
2026-08-09 03:31:36,잠실엘스,송파구,잠실동,매매,저,59.96,18.14,285000,0,28.5,25,,49481264,https://www.zigbang.com/home/apt/items/49481264
2026-08-09 03:31:36,잠실엘스,송파구,잠실동,매매,중,59.96,18.14,295000,0,29.5,25,,49480065,https://www.zigbang.com/home/apt/items/49480065
2026-08-09 03:31:36,잠실엘스,송파구,잠실동,매매,고,84.97,25.7,338000,0,33.8,33B,,49482269,https://www.zigbang.com/home/apt/items/49482269
2026-08-09 03:31:36,잠실주공5단지,송파구,잠실동,매매,저,76.49,23.14,395000,0,39.5,34A,,49872987,https://www.zigbang.com/home/apt/items/49872987
2026-08-09 03:31:36,잠실주공5단지,송파구,잠실동,매매,중,76.49,23.14,410000,0,41.0,34B,,49779259,https://www.zigbang.com/home/apt/items/49779259
2026-08-09 03:31:36,잠실주공5단지,송파구,잠실동,매매,중,76.49,23.14,415000,0,41.5,34B,,49784532,https://www.zigbang.com/home/apt/items/49784532
2026-08-09 03:31:36,잠실주공5단지,송파구,잠실동,매매,중,76.49,23.14,415000,0,41.5,34B,,49691504,https://www.zigbang.com/home/apt/items/49691504
2026-08-09 03:31:36,잠실주공5단지,송파구,잠실동,매매,중,76.49,23.14,415000,0,41.5,34B,,49691256,https://www.zigbang.com/home/apt/items/49691256
2026-08-09 03:31:36,잠실주공5단지,송파구,잠실동,매매,중,81.75,24.73,415000,0,41.5,35,,49666242,https://www.zigbang.com/home/apt/items/49666242
2026-08-09 03:31:36,잠실주공5단지,송파구,잠실동,매매,중,76.49,23.14,420000,0,42.0,34B,,49691359,https://www.zigbang.com/home/apt/items/49691359
2026-08-09 03:31:36,트리지움,송파구,잠실동,월세,중,59.88,18.11,70000,160,7.0,25,,49655547,https://www.zigbang.com/home/apt/items/49655547
2026-08-09 03:31:36,트리지움,송파구,잠실동,월세,고,84.83,25.66,95000,140,9.5,33,,49482096,https://www.zigbang.com/home/apt/items/49482096
2026-08-09 03:31:36,트리지움,송파구,잠실동,전세,중,84.83,25.66,125000,0,12.5,33,,49481968,https://www.zigbang.com/home/apt/items/49481968
2026-08-09 03:31:36,트리지움,송파구,잠실동,매매,중,59.88,18.11,295000,0,29.5,25,,49481779,https://www.zigbang.com/home/apt/items/49481779
2026-08-09 03:31:36,트리지움,송파구,잠실동,매매,고,84.95,25.7,323000,0,32.3,33A,,49481871,https://www.zigbang.com/home/apt/items/49481871
2026-08-09 03:31:36,현대,송파구,잠실동,매매,6,84.68,25.62,220000,0,22.0,31B,,212496,https://www.zigbang.com/home/apt/items/212496
2026-08-09 03:31:36,송파꿈에그린위례24단지,송파구,장지동,월세,저,75.92,22.97,5000,270,0.5,31B,,49967794,https://www.zigbang.com/home/apt/items/49967794
2026-08-09 03:31:36,송파꿈에그린위례24단지,송파구,장지동,월세,중,51.77,15.66,10000,220,1.0,21A,,49754690,https://www.zigbang.com/home/apt/items/49754690
2026-08-09 03:31:36,송파꿈에그린위례24단지,송파구,장지동,월세,5,51.77,15.66,10000,240,1.0,21A,,49745606,https://www.zigbang.com/home/apt/items/49745606
2026-08-09 03:31:36,송파꿈에그린위례24단지,송파구,장지동,월세,4,84.93,25.69,10000,320,1.0,35B,,49459229,https://www.zigbang.com/home/apt/items/49459229
2026-08-09 03:31:36,송파꿈에그린위례24단지,송파구,장지동,월세,중,51.77,15.66,10000,220,1.0,21A,,49793050,https://www.zigbang.com/home/apt/items/49793050
2026-08-09 03:31:36,송파꿈에그린위례24단지,송파구,장지동,월세,중,51.77,15.66,20000,180,2.0,21A,,49797638,https://www.zigbang.com/home/apt/items/49797638
2026-08-09 03:31:36,송파꿈에그린위례24단지,송파구,장지동,월세,저,51.77,15.66,30000,150,3.0,21A,,49841150,https://www.zigbang.com/home/apt/items/49841150
2026-08-09 03:31:36,송파꿈에그린위례24단지,송파구,장지동,월세,저,75.97,22.98,55000,90,5.5,31A1,,49965474,https://www.zigbang.com/home/apt/items/49965474
2026-08-09 03:31:36,송파꿈에그린위례24단지,송파구,장지동,월세,15,51.77,15.66,65000,20,6.5,21A,,49876821,https://www.zigbang.com/home/apt/items/49876821
2026-08-09 03:31:36,송파꿈에그린위례24단지,송파구,장지동,전세,15,51.77,15.66,65000,0,6.5,21A,,49991065,https://www.zigbang.com/home/apt/items/49991065
2026-08-09 03:31:36,송파꿈에그린위례24단지,송파구,장지동,전세,저,51.77,15.66,66000,0,6.6,21A,,49826993,https://www.zigbang.com/home/apt/items/49826993
2026-08-09 03:31:36,송파꿈에그린위례24단지,송파구,장지동,전세,저,51.77,15.66,66000,0,6.6,21A,,49876887,https://www.zigbang.com/home/apt/items/49876887
2026-08-09 03:31:36,송파꿈에그린위례24단지,송파구,장지동,전세,중,51.77,15.66,68000,0,6.8,21A,,49851075,https://www.zigbang.com/home/apt/items/49851075
2026-08-09 03:31:36,송파꿈에그린위례24단지,송파구,장지동,전세,15,51.77,15.66,68000,0,6.8,21A,,49811103,https://www.zigbang.com/home/apt/items/49811103
2026-08-09 03:31:36,송파꿈에그린위례24단지,송파구,장지동,전세,4,51.77,15.66,68000,0,6.8,21A,,48669831,https://www.zigbang.com/home/apt/items/48669831
2026-08-09 03:31:36,송파꿈에그린위례24단지,송파구,장지동,전세,고,51.77,15.66,68000,0,6.8,21A,,49983061,https://www.zigbang.com/home/apt/items/49983061
2026-08-09 03:31:36,송파꿈에그린위례24단지,송파구,장지동,전세,중,51.77,15.66,68000,0,6.8,21AN,,49806254,https://www.zigbang.com/home/apt/items/49806254
2026-08-09 03:31:36,송파꿈에그린위례24단지,송파구,장지동,전세,15,51.77,15.66,70000,0,7.0,21A,,254629,https://www.zigbang.com/home/apt/items/254629
2026-08-09 03:31:36,송파꿈에그린위례24단지,송파구,장지동,전세,고,51.82,15.68,70000,0,7.0,21B,,49897606,https://www.zigbang.com/home/apt/items/49897606
2026-08-09 03:31:36,송파꿈에그린위례24단지,송파구,장지동,전세,7,51.77,15.66,70000,0,7.0,21AN,,49733000,https://www.zigbang.com/home/apt/items/49733000
2026-08-09 03:31:36,송파꿈에그린위례24단지,송파구,장지동,전세,저,75.97,22.98,75000,0,7.5,31A1,,49675242,https://www.zigbang.com/home/apt/items/49675242
2026-08-09 03:31:36,송파꿈에그린위례24단지,송파구,장지동,매매,1,51.77,15.66,150000,0,15.0,21A,,49624864,https://www.zigbang.com/home/apt/items/49624864
2026-08-09 03:31:36,송파꿈에그린위례24단지,송파구,장지동,매매,저,51.77,15.66,152000,0,15.2,21A,,49832156,https://www.zigbang.com/home/apt/items/49832156
2026-08-09 03:31:36,송파꿈에그린위례24단지,송파구,장지동,매매,저,51.77,15.66,160000,0,16.0,21A,,49965549,https://www.zigbang.com/home/apt/items/49965549
2026-08-09 03:31:36,송파꿈에그린위례24단지,송파구,장지동,매매,고,51.77,15.66,161000,0,16.1,21A,,49796544,https://www.zigbang.com/home/apt/items/49796544
2026-08-09 03:31:36,송파꿈에그린위례24단지,송파구,장지동,매매,고,51.77,15.66,163000,0,16.3,21A,,49756599,https://www.zigbang.com/home/apt/items/49756599
2026-08-09 03:31:36,송파꿈에그린위례24단지,송파구,장지동,매매,고,51.77,15.66,163000,0,16.3,21A,,49226331,https://www.zigbang.com/home/apt/items/49226331
2026-08-09 03:31:36,송파꿈에그린위례24단지,송파구,장지동,매매,중,51.77,15.66,163000,0,16.3,21A,,49077800,https://www.zigbang.com/home/apt/items/49077800
2026-08-09 03:31:36,송파꿈에그린위례24단지,송파구,장지동,매매,고,51.77,15.66,163000,0,16.3,21A,,49077746,https://www.zigbang.com/home/apt/items/49077746
2026-08-09 03:31:36,송파꿈에그린위례24단지,송파구,장지동,매매,13,51.77,15.66,165000,0,16.5,21A,,49910397,https://www.zigbang.com/home/apt/items/49910397
2026-08-09 03:31:36,송파꿈에그린위례24단지,송파구,장지동,매매,4,51.77,15.66,165000,0,16.5,21A,,49784913,https://www.zigbang.com/home/apt/items/49784913
2026-08-09 03:31:36,송파꿈에그린위례24단지,송파구,장지동,매매,저,51.77,15.66,165000,0,16.5,21A,,49561326,https://www.zigbang.com/home/apt/items/49561326
2026-08-09 03:31:36,송파꿈에그린위례24단지,송파구,장지동,매매,고,51.77,15.66,165000,0,16.5,21A,,49548881,https://www.zigbang.com/home/apt/items/49548881
2026-08-09 03:31:36,송파꿈에그린위례24단지,송파구,장지동,매매,중,51.77,15.66,165000,0,16.5,21A,,49444698,https://www.zigbang.com/home/apt/items/49444698
2026-08-09 03:31:36,송파꿈에그린위례24단지,송파구,장지동,매매,14,54.12,16.37,170000,0,17.0,22A,,49444565,https://www.zigbang.com/home/apt/items/49444565
2026-08-09 03:31:36,송파꿈에그린위례24단지,송파구,장지동,매매,저,59.63,18.04,185000,0,18.5,25A,,49910948,https://www.zigbang.com/home/apt/items/49910948
2026-08-09 03:31:36,송파꿈에그린위례24단지,송파구,장지동,매매,10,59.63,18.04,185000,0,18.5,25A,,49444419,https://www.zigbang.com/home/apt/items/49444419
2026-08-09 03:31:36,송파꿈에그린위례24단지,송파구,장지동,매매,중,59.63,18.04,188000,0,18.8,25A,,49925230,https://www.zigbang.com/home/apt/items/49925230
2026-08-09 03:31:36,송파꿈에그린위례24단지,송파구,장지동,매매,중,59.85,18.1,188000,0,18.8,25C1,,49853769,https://www.zigbang.com/home/apt/items/49853769
2026-08-09 03:31:36,송파꿈에그린위례24단지,송파구,장지동,매매,중,59.66,18.05,188000,0,18.8,25C,,49067045,https://www.zigbang.com/home/apt/items/49067045
2026-08-09 03:31:36,송파꿈에그린위례24단지,송파구,장지동,매매,중,59.63,18.04,189000,0,18.9,25A,,48441848,https://www.zigbang.com/home/apt/items/48441848
2026-08-09 03:31:36,송파꿈에그린위례24단지,송파구,장지동,매매,고,59.63,18.04,190000,0,19.0,25A,,48405248,https://www.zigbang.com/home/apt/items/48405248
2026-08-09 03:31:36,송파꿈에그린위례24단지,송파구,장지동,매매,저,59.96,18.14,200000,0,20.0,25A1N,,49444825,https://www.zigbang.com/home/apt/items/49444825
2026-08-09 03:31:36,송파꿈에그린위례24단지,송파구,장지동,매매,8,59.63,18.04,200000,0,20.0,25A,,49438616,https://www.zigbang.com/home/apt/items/49438616
2026-08-09 03:31:36,송파꿈에그린위례24단지,송파구,장지동,매매,고,59.63,18.04,200000,0,20.0,25A,,49912027,https://www.zigbang.com/home/apt/items/49912027
2026-08-09 03:31:36,송파꿈에그린위례24단지,송파구,장지동,매매,중,75.97,22.98,215000,0,21.5,31A,,49796372,https://www.zigbang.com/home/apt/items/49796372
2026-08-09 03:31:36,송파꿈에그린위례24단지,송파구,장지동,매매,고,75.97,22.98,215000,0,21.5,31A,,49486389,https://www.zigbang.com/home/apt/items/49486389
2026-08-09 03:31:36,송파꿈에그린위례24단지,송파구,장지동,매매,고,75.97,22.98,215000,0,21.5,31A,,49371806,https://www.zigbang.com/home/apt/items/49371806
2026-08-09 03:31:36,송파꿈에그린위례24단지,송파구,장지동,매매,고,75.97,22.98,217500,0,21.75,31A,,49853794,https://www.zigbang.com/home/apt/items/49853794
2026-08-09 03:31:36,송파꿈에그린위례24단지,송파구,장지동,매매,고,75.97,22.98,217500,0,21.75,31A,,49040930,https://www.zigbang.com/home/apt/items/49040930
2026-08-09 03:31:36,송파꿈에그린위례24단지,송파구,장지동,매매,6,75.97,22.98,220000,0,22.0,31A1N,,49438901,https://www.zigbang.com/home/apt/items/49438901
2026-08-09 03:31:36,송파꿈에그린위례24단지,송파구,장지동,매매,7,84.93,25.69,225000,0,22.5,35B,,49441824,https://www.zigbang.com/home/apt/items/49441824
2026-08-09 03:31:36,송파꿈에그린위례24단지,송파구,장지동,매매,중,84.93,25.69,225000,0,22.5,35B,,49572784,https://www.zigbang.com/home/apt/items/49572784
2026-08-09 03:31:36,송파꿈에그린위례24단지,송파구,장지동,매매,14,84.96,25.7,250000,0,25.0,35A,,49475132,https://www.zigbang.com/home/apt/items/49475132
2026-08-09 03:31:36,송파더센트레,송파구,장지동,월세,고,51.77,15.66,40000,140,4.0,22A,,49826402,https://www.zigbang.com/home/apt/items/49826402
2026-08-09 03:31:36,송파더센트레,송파구,장지동,월세,고,51.77,15.66,40000,140,4.0,22A,,49497043,https://www.zigbang.com/home/apt/items/49497043
2026-08-09 03:31:36,송파더센트레,송파구,장지동,월세,고,51.77,15.66,40000,140,4.0,22A,,49012193,https://www.zigbang.com/home/apt/items/49012193
2026-08-09 03:31:36,송파더센트레,송파구,장지동,월세,중,51.82,15.68,50000,60,5.0,22A1,,49873802,https://www.zigbang.com/home/apt/items/49873802
2026-08-09 03:31:36,송파더센트레,송파구,장지동,월세,고,59.73,18.07,50000,110,5.0,26B,,49832068,https://www.zigbang.com/home/apt/items/49832068
2026-08-09 03:31:36,송파더센트레,송파구,장지동,전세,중,51.77,15.66,65000,0,6.5,22A,,49877736,https://www.zigbang.com/home/apt/items/49877736
2026-08-09 03:31:36,송파더센트레,송파구,장지동,전세,중,51.77,15.66,65000,0,6.5,22A,,49850231,https://www.zigbang.com/home/apt/items/49850231
2026-08-09 03:31:36,송파더센트레,송파구,장지동,전세,중,51.77,15.66,67000,0,6.7,22A,,49826356,https://www.zigbang.com/home/apt/items/49826356
2026-08-09 03:31:36,송파더센트레,송파구,장지동,매매,저,51.77,15.66,158000,0,15.8,22A,,49913449,https://www.zigbang.com/home/apt/items/49913449
2026-08-09 03:31:36,송파더센트레,송파구,장지동,매매,1,51.77,15.66,158000,0,15.8,22A,,49913209,https://www.zigbang.com/home/apt/items/49913209
2026-08-09 03:31:36,송파더센트레,송파구,장지동,매매,중,51.77,15.66,158000,0,15.8,22A,,49789473,https://www.zigbang.com/home/apt/items/49789473
2026-08-09 03:31:36,송파더센트레,송파구,장지동,매매,25,51.82,15.68,160000,0,16.0,22A1,,49925465,https://www.zigbang.com/home/apt/items/49925465
2026-08-09 03:31:36,송파더센트레,송파구,장지동,매매,12,51.77,15.66,160000,0,16.0,22A,,49445885,https://www.zigbang.com/home/apt/items/49445885
2026-08-09 03:31:36,송파더센트레,송파구,장지동,매매,7,51.82,15.68,160000,0,16.0,22A1,,49876710,https://www.zigbang.com/home/apt/items/49876710
2026-08-09 03:31:36,송파더센트레,송파구,장지동,매매,14,51.77,15.66,161000,0,16.1,22A,,49913234,https://www.zigbang.com/home/apt/items/49913234
2026-08-09 03:31:36,송파더센트레,송파구,장지동,매매,중,51.77,15.66,163000,0,16.3,22A,,49913185,https://www.zigbang.com/home/apt/items/49913185
2026-08-09 03:31:36,송파더센트레,송파구,장지동,매매,고,51.77,15.66,165000,0,16.5,22A,,48428052,https://www.zigbang.com/home/apt/items/48428052
2026-08-09 03:31:36,송파더센트레,송파구,장지동,매매,고,59.85,18.1,190000,0,19.0,26C,,49913152,https://www.zigbang.com/home/apt/items/49913152
2026-08-09 03:31:36,송파와이즈더샵,송파구,장지동,월세,저,97.16,29.39,40000,240,4.0,38G,,48994710,https://www.zigbang.com/home/apt/items/48994710
2026-08-09 03:31:36,송파와이즈더샵,송파구,장지동,월세,중,96.53,29.2,80000,80,8.0,38C,,49467233,https://www.zigbang.com/home/apt/items/49467233
2026-08-09 03:31:36,송파와이즈더샵,송파구,장지동,전세,저,97.16,29.39,95000,0,9.5,38G,,48611092,https://www.zigbang.com/home/apt/items/48611092
2026-08-09 03:31:36,송파와이즈더샵,송파구,장지동,전세,12,97.19,29.4,98000,0,9.8,38D,,49527578,https://www.zigbang.com/home/apt/items/49527578
2026-08-09 03:31:36,송파와이즈더샵,송파구,장지동,전세,중,97.16,29.39,100000,0,10.0,39,,49858407,https://www.zigbang.com/home/apt/items/49858407
2026-08-09 03:31:36,송파와이즈더샵,송파구,장지동,전세,고,96.71,29.25,100000,0,10.0,38H,,49644897,https://www.zigbang.com/home/apt/items/49644897
2026-08-09 03:31:36,송파와이즈더샵,송파구,장지동,매매,10,97.07,29.36,240000,0,24.0,39B,,49479654,https://www.zigbang.com/home/apt/items/49479654
2026-08-09 03:31:36,송파와이즈더샵,송파구,장지동,매매,13,97.39,29.46,250000,0,25.0,39F,,255156,https://www.zigbang.com/home/apt/items/255156
2026-08-09 03:31:36,송파와이즈더샵,송파구,장지동,매매,고,96.75,29.27,290000,0,29.0,38B,,47684559,https://www.zigbang.com/home/apt/items/47684559
2026-08-09 03:31:36,송파파인타운3단지,송파구,장지동,매매,중,84.98,25.71,185000,0,18.5,32T2,,47078910,https://www.zigbang.com/home/apt/items/47078910
2026-08-09 03:31:36,송파파인타운3단지,송파구,장지동,매매,중,84.94,25.69,192000,0,19.2,32A,,49491503,https://www.zigbang.com/home/apt/items/49491503
2026-08-09 03:31:36,송파파인타운5단지,송파구,장지동,매매,고,84.93,25.69,210000,0,21.0,33A,,48396145,https://www.zigbang.com/home/apt/items/48396145
2026-08-09 03:31:36,위례2차아이파크,송파구,장지동,월세,중,90.05,27.24,65000,130,6.5,36A,,49976013,https://www.zigbang.com/home/apt/items/49976013
2026-08-09 03:31:36,위례2차아이파크,송파구,장지동,전세,고,90.88,27.49,95000,0,9.5,36C,,49719647,https://www.zigbang.com/home/apt/items/49719647
2026-08-09 03:31:36,위례2차아이파크,송파구,장지동,전세,3,90.88,27.49,95000,0,9.5,36C,,49659827,https://www.zigbang.com/home/apt/items/49659827
2026-08-09 03:31:36,위례2차아이파크,송파구,장지동,전세,고,90.88,27.49,100000,0,10.0,36C,,47819605,https://www.zigbang.com/home/apt/items/47819605
2026-08-09 03:31:36,위례2차아이파크,송파구,장지동,전세,고,90.05,27.24,110000,0,11.0,36A,,49567969,https://www.zigbang.com/home/apt/items/49567969
2026-08-09 03:31:36,위례2차아이파크,송파구,장지동,전세,저,115.64,34.98,110000,0,11.0,45A,,48271601,https://www.zigbang.com/home/apt/items/48271601
2026-08-09 03:31:36,위례2차아이파크,송파구,장지동,매매,고,90.88,27.49,235000,0,23.5,36C,,49595314,https://www.zigbang.com/home/apt/items/49595314
2026-08-09 03:31:36,위례송파푸르지오,송파구,장지동,매매,고,106.96,32.36,245000,0,24.5,42A,,47924633,https://www.zigbang.com/home/apt/items/47924633
2026-08-09 03:31:36,위례아이파크,송파구,장지동,월세,4,87.88,26.58,30000,280,3.0,35A,,49590796,https://www.zigbang.com/home/apt/items/49590796
2026-08-09 03:31:36,위례아이파크,송파구,장지동,월세,저,100.85,30.51,70000,160,7.0,40B,,49925531,https://www.zigbang.com/home/apt/items/49925531
2026-08-09 03:31:36,위례아이파크,송파구,장지동,전세,고,87.83,26.57,100000,0,10.0,35C,,49973792,https://www.zigbang.com/home/apt/items/49973792
2026-08-09 03:31:36,위례아이파크,송파구,장지동,전세,저,100.78,30.49,100000,0,10.0,40A,,49548459,https://www.zigbang.com/home/apt/items/49548459
2026-08-09 03:31:36,위례아이파크,송파구,장지동,전세,저,100.85,30.51,110000,0,11.0,40B,,49926813,https://www.zigbang.com/home/apt/items/49926813
2026-08-09 03:31:36,위례아이파크,송파구,장지동,전세,22,100.85,30.51,120000,0,12.0,40B,,49530554,https://www.zigbang.com/home/apt/items/49530554
2026-08-09 03:31:36,위례아이파크,송파구,장지동,매매,14,87.83,26.57,235000,0,23.5,35C,,49461283,https://www.zigbang.com/home/apt/items/49461283
2026-08-09 03:31:36,위례중앙푸르지오1단지,송파구,장지동,전세,저,110.22,33.34,107000,0,10.7,43E,,49705395,https://www.zigbang.com/home/apt/items/49705395
2026-08-09 03:31:36,위례중앙푸르지오1단지,송파구,장지동,전세,중,102.04,30.87,108000,0,10.8,41,,49467520,https://www.zigbang.com/home/apt/items/49467520
2026-08-09 03:31:36,위례중앙푸르지오1단지,송파구,장지동,전세,3,110.27,33.36,110000,0,11.0,43C,,49440680,https://www.zigbang.com/home/apt/items/49440680
2026-08-09 03:31:36,위례중앙푸르지오1단지,송파구,장지동,전세,10,110.22,33.34,110000,0,11.0,43E,,49446763,https://www.zigbang.com/home/apt/items/49446763
2026-08-09 03:31:36,위례중앙푸르지오1단지,송파구,장지동,매매,중,84.89,25.68,230000,0,23.0,34D,,49571742,https://www.zigbang.com/home/apt/items/49571742
2026-08-09 03:31:36,위례중앙푸르지오1단지,송파구,장지동,매매,12,110.27,33.36,260000,0,26.0,43C,,49532256,https://www.zigbang.com/home/apt/items/49532256
2026-08-09 03:31:36,위례중앙푸르지오1단지,송파구,장지동,매매,중,110.22,33.34,270000,0,27.0,43E,,48387204,https://www.zigbang.com/home/apt/items/48387204
2026-08-09 03:31:36,위례중앙푸르지오1단지,송파구,장지동,매매,19,195.98,59.28,430000,0,43.0,78,,49898344,https://www.zigbang.com/home/apt/items/49898344
2026-08-09 03:31:36,위례중앙푸르지오2단지,송파구,장지동,매매,고,84.736,25.63,215000,0,21.5,34D,,49574942,https://www.zigbang.com/home/apt/items/49574942
2026-08-09 03:31:36,위례중앙푸르지오2단지,송파구,장지동,매매,고,152.441,46.11,430000,0,43.0,61,,49849558,https://www.zigbang.com/home/apt/items/49849558
2026-08-09 03:31:36,힐스테이트송파위례,송파구,장지동,월세,중,101.8,30.79,75000,140,7.5,39D,,49912550,https://www.zigbang.com/home/apt/items/49912550
2026-08-09 03:31:36,힐스테이트송파위례,송파구,장지동,전세,중,101.8,30.79,100000,0,10.0,39D,,49715565,https://www.zigbang.com/home/apt/items/49715565
2026-08-09 03:31:36,힐스테이트송파위례,송파구,장지동,전세,고,101.8,30.79,105000,0,10.5,39A,,47822840,https://www.zigbang.com/home/apt/items/47822840
2026-08-09 03:31:36,힐스테이트송파위례,송파구,장지동,매매,24,101.38,30.67,235000,0,23.5,39C,,49776815,https://www.zigbang.com/home/apt/items/49776815
2026-08-09 03:31:36,힐스테이트송파위례,송파구,장지동,매매,29,101.38,30.67,250000,0,25.0,39G,,49530675,https://www.zigbang.com/home/apt/items/49530675
2026-08-09 03:31:36,강변현대,송파구,풍납동,매매,저,83.19,25.16,167000,0,16.7,30,,49085282,https://www.zigbang.com/home/apt/items/49085282
2026-08-09 03:31:36,대동,송파구,풍납동,매매,7,59.96,18.14,85000,0,8.5,25,,254244,https://www.zigbang.com/home/apt/items/254244
2026-08-09 03:31:36,동아한가람,송파구,풍납동,전세,1,84.38,25.52,66000,0,6.6,31A,,49612318,https://www.zigbang.com/home/apt/items/49612318
2026-08-09 03:31:36,신동아,송파구,풍납동,매매,중,59.36,17.96,82000,0,8.2,24,,49744927,https://www.zigbang.com/home/apt/items/49744927
2026-08-09 03:31:36,신동아,송파구,풍납동,매매,저,59.36,17.96,83000,0,8.3,24,,49520179,https://www.zigbang.com/home/apt/items/49520179
2026-08-09 03:31:36,신동아,송파구,풍납동,매매,고,59.36,17.96,85000,0,8.5,24,,49874440,https://www.zigbang.com/home/apt/items/49874440
2026-08-09 03:31:36,신동아,송파구,풍납동,매매,12,59.36,17.96,95000,0,9.5,24,,49520953,https://www.zigbang.com/home/apt/items/49520953
2026-08-09 03:31:36,잠실올림픽공원아이파크,송파구,풍납동,월세,중,59.97,18.14,50000,240,5.0,25A,,49808315,https://www.zigbang.com/home/apt/items/49808315
2026-08-09 03:31:36,잠실올림픽공원아이파크,송파구,풍납동,월세,10,75.99,22.99,65000,180,6.5,31B,,49807845,https://www.zigbang.com/home/apt/items/49807845
2026-08-09 03:31:36,잠실올림픽공원아이파크,송파구,풍납동,전세,저,75.99,22.99,105000,0,10.5,31A,,49746132,https://www.zigbang.com/home/apt/items/49746132
2026-08-09 03:31:36,잠실올림픽공원아이파크,송파구,풍납동,전세,저,75.99,22.99,110000,0,11.0,31A,,48707468,https://www.zigbang.com/home/apt/items/48707468
2026-08-09 03:31:36,잠실올림픽공원아이파크,송파구,풍납동,매매,저,75.99,22.99,235000,0,23.5,31B,,49746158,https://www.zigbang.com/home/apt/items/49746158
2026-08-09 03:31:36,잠실올림픽공원아이파크,송파구,풍납동,매매,중,84.99,25.71,270000,0,27.0,34T,,49616210,https://www.zigbang.com/home/apt/items/49616210
2026-08-09 03:31:36,잠실올림픽공원아이파크,송파구,풍납동,매매,저,75.91,22.96,270000,0,27.0,32T,,49244788,https://www.zigbang.com/home/apt/items/49244788
2026-08-09 03:31:36,잠실올림픽공원아이파크,송파구,풍납동,매매,중,84.99,25.71,270000,0,27.0,34T,,48712470,https://www.zigbang.com/home/apt/items/48712470
2026-08-09 03:31:36,잠실올림픽공원아이파크,송파구,풍납동,매매,중,75.99,22.99,270000,0,27.0,31A,,48707702,https://www.zigbang.com/home/apt/items/48707702
2026-08-09 03:31:36,잠실올림픽공원아이파크,송파구,풍납동,매매,중,84.99,25.71,290000,0,29.0,34T,,49244559,https://www.zigbang.com/home/apt/items/49244559
2026-08-09 03:31:36,한강극동,송파구,풍납동,매매,중,59.26,17.93,157000,0,15.7,24,,49747360,https://www.zigbang.com/home/apt/items/49747360
2026-08-09 03:31:36,한강극동,송파구,풍납동,매매,4,59.26,17.93,160000,0,16.0,24,,251085,https://www.zigbang.com/home/apt/items/251085
2026-08-09 03:31:36,현대리버빌2차,송파구,풍납동,매매,저,78.78,23.83,142000,0,14.2,31,,48548654,https://www.zigbang.com/home/apt/items/48548654
