수집시간,단지명,구,동,거래유형,층,면적(m2),평,보증금,월세,가격(억),타입,방향,매물ID,URL
2026-10-10 08:04:43,가락금호,송파구,가락동,매매,17,84.85,25.67,215000,0,21.5,32B,,49694413,https://www.zigbang.com/home/apt/items/49694413
2026-10-10 08:04:43,가락금호,송파구,가락동,매매,13,85,25.71,220000,0,22.0,33A,,50285003,https://www.zigbang.com/home/apt/items/50285003
2026-10-10 08:04:43,가락대림,송파구,가락동,전세,고,84.11,25.44,75000,0,7.5,31,,50460845,https://www.zigbang.com/home/apt/items/50460845
2026-10-10 08:04:43,가락대림,송파구,가락동,매매,11,120.96,36.59,230000,0,23.0,44,,245523,https://www.zigbang.com/home/apt/items/245523
2026-10-10 08:04:43,가락대림,송파구,가락동,매매,12,120.96,36.59,230000,0,23.0,44,,242752,https://www.zigbang.com/home/apt/items/242752
2026-10-10 08:04:43,가락스타클래스,송파구,가락동,매매,10,84.98,25.71,165000,0,16.5,33D,,50648838,https://www.zigbang.com/home/apt/items/50648838
2026-10-10 08:04:43,가락스타클래스,송파구,가락동,매매,중,84.97,25.7,170000,0,17.0,33C,,50648843,https://www.zigbang.com/home/apt/items/50648843
2026-10-10 08:04:43,가락스타클래스,송파구,가락동,매매,고,84.93,25.69,175000,0,17.5,33B,,50648851,https://www.zigbang.com/home/apt/items/50648851
2026-10-10 08:04:43,가락쌍용1차,송파구,가락동,전세,저,59.92,18.13,80000,0,8.0,25,,50214726,https://www.zigbang.com/home/apt/items/50214726
2026-10-10 08:04:43,가락쌍용1차,송파구,가락동,매매,중,59.92,18.13,195000,0,19.5,25,,50426068,https://www.zigbang.com/home/apt/items/50426068
2026-10-10 08:04:43,가락쌍용1차,송파구,가락동,매매,저,59.92,18.13,198000,0,19.8,25,,50214692,https://www.zigbang.com/home/apt/items/50214692
2026-10-10 08:04:43,가락쌍용1차,송파구,가락동,매매,저,84.69,25.62,209000,0,20.9,33,,50520453,https://www.zigbang.com/home/apt/items/50520453
2026-10-10 08:04:43,가락쌍용1차,송파구,가락동,매매,저,84.69,25.62,210000,0,21.0,33,,50337210,https://www.zigbang.com/home/apt/items/50337210
2026-10-10 08:04:43,가락쌍용1차,송파구,가락동,매매,4,84.69,25.62,215000,0,21.5,33,,50265427,https://www.zigbang.com/home/apt/items/50265427
2026-10-10 08:04:43,가락쌍용1차,송파구,가락동,매매,3,84.69,25.62,215000,0,21.5,33,,50265425,https://www.zigbang.com/home/apt/items/50265425
2026-10-10 08:04:43,가락쌍용1차,송파구,가락동,매매,12,84.69,25.62,217000,0,21.7,33,,50265432,https://www.zigbang.com/home/apt/items/50265432
2026-10-10 08:04:43,가락쌍용1차,송파구,가락동,매매,6,84.69,25.62,217000,0,21.7,33,,50265431,https://www.zigbang.com/home/apt/items/50265431
2026-10-10 08:04:43,가락쌍용1차,송파구,가락동,매매,2,84.69,25.62,217000,0,21.7,33,,50265428,https://www.zigbang.com/home/apt/items/50265428
2026-10-10 08:04:43,가락쌍용1차,송파구,가락동,매매,중,84.69,25.62,218000,0,21.8,33,,50517068,https://www.zigbang.com/home/apt/items/50517068
2026-10-10 08:04:43,가락쌍용1차,송파구,가락동,매매,저,84.69,25.62,223000,0,22.3,33,,50329955,https://www.zigbang.com/home/apt/items/50329955
2026-10-10 08:04:43,가락쌍용1차,송파구,가락동,매매,24,84.69,25.62,225000,0,22.5,33,,50193954,https://www.zigbang.com/home/apt/items/50193954
2026-10-10 08:04:43,가락쌍용1차,송파구,가락동,매매,중,84.69,25.62,240000,0,24.0,33,,50543122,https://www.zigbang.com/home/apt/items/50543122
2026-10-10 08:04:43,가락쌍용1차,송파구,가락동,매매,2,84.69,25.62,240000,0,24.0,33,,207005,https://www.zigbang.com/home/apt/items/207005
2026-10-10 08:04:43,가락쌍용1차,송파구,가락동,매매,1,84.69,25.62,245000,0,24.5,33,,192136,https://www.zigbang.com/home/apt/items/192136
2026-10-10 08:04:43,가락쌍용1차,송파구,가락동,매매,고,84.69,25.62,270000,0,27.0,33,,50525345,https://www.zigbang.com/home/apt/items/50525345
2026-10-10 08:04:43,가락쌍용1차,송파구,가락동,매매,20,84.69,25.62,270000,0,27.0,33,,253628,https://www.zigbang.com/home/apt/items/253628
2026-10-10 08:04:43,가락쌍용2차,송파구,가락동,매매,7,84.42,25.54,200000,0,20.0,33,,242553,https://www.zigbang.com/home/apt/items/242553
2026-10-10 08:04:43,가락현대6차,송파구,가락동,매매,중,84.8,25.65,167000,0,16.7,30,,50613286,https://www.zigbang.com/home/apt/items/50613286
2026-10-10 08:04:43,래미안파크팰리스,송파구,가락동,월세,16,59.96,18.14,25000,250,2.5,26,,50603633,https://www.zigbang.com/home/apt/items/50603633
2026-10-10 08:04:43,래미안파크팰리스,송파구,가락동,월세,18,114.75,34.71,90000,165,9.0,43,,50603496,https://www.zigbang.com/home/apt/items/50603496
2026-10-10 08:04:43,래미안파크팰리스,송파구,가락동,전세,13,59.96,18.14,95000,0,9.5,26,,50605437,https://www.zigbang.com/home/apt/items/50605437
2026-10-10 08:04:43,래미안파크팰리스,송파구,가락동,전세,10,59.96,18.14,95000,0,9.5,26,,50603578,https://www.zigbang.com/home/apt/items/50603578
2026-10-10 08:04:43,래미안파크팰리스,송파구,가락동,매매,12,59.96,18.14,230000,0,23.0,26,,50603724,https://www.zigbang.com/home/apt/items/50603724
2026-10-10 08:04:43,래미안파크팰리스,송파구,가락동,매매,20,84.88,25.68,247000,0,24.7,32C,,50603791,https://www.zigbang.com/home/apt/items/50603791
2026-10-10 08:04:43,래미안파크팰리스,송파구,가락동,매매,6,84.92,25.69,252000,0,25.2,32A,,50603928,https://www.zigbang.com/home/apt/items/50603928
2026-10-10 08:04:43,래미안파크팰리스,송파구,가락동,매매,8,84.88,25.68,253000,0,25.3,32C,,50624486,https://www.zigbang.com/home/apt/items/50624486
2026-10-10 08:04:43,래미안파크팰리스,송파구,가락동,매매,14,114.75,34.71,277000,0,27.7,43,,50624691,https://www.zigbang.com/home/apt/items/50624691
2026-10-10 08:04:43,래미안파크팰리스,송파구,가락동,매매,8,114.75,34.71,277000,0,27.7,43,,50603843,https://www.zigbang.com/home/apt/items/50603843
2026-10-10 08:04:43,성원상떼빌,송파구,가락동,매매,저,103.96,31.45,145000,0,14.5,39,,50312984,https://www.zigbang.com/home/apt/items/50312984
2026-10-10 08:04:43,성원상떼빌,송파구,가락동,매매,9,101.52,30.71,160000,0,16.0,38,,236008,https://www.zigbang.com/home/apt/items/236008
2026-10-10 08:04:43,성원상떼빌,송파구,가락동,매매,7,117.16,35.44,165000,0,16.5,44,,243559,https://www.zigbang.com/home/apt/items/243559
2026-10-10 08:04:43,성원상떼빌,송파구,가락동,매매,중,136.24,41.21,172000,0,17.2,51,,50019631,https://www.zigbang.com/home/apt/items/50019631
2026-10-10 08:04:43,송파가락두산위브센티움,송파구,가락동,매매,10,33.1,10.01,27000,0,2.7,14B,,194494,https://www.zigbang.com/home/apt/items/194494
2026-10-10 08:04:43,한화오벨리스크,송파구,가락동,매매,20,25.32,7.66,18700,0,1.87,11,,213541,https://www.zigbang.com/home/apt/items/213541
2026-10-10 08:04:43,한화오벨리스크,송파구,가락동,매매,20,48.8,14.76,60000,0,6.0,21,,224644,https://www.zigbang.com/home/apt/items/224644
2026-10-10 08:04:43,헬리오시티,송파구,가락동,월세,고,39.17,11.85,5000,300,0.5,18D,,50656068,https://www.zigbang.com/home/apt/items/50656068
2026-10-10 08:04:43,헬리오시티,송파구,가락동,월세,중,84.95,25.7,10000,480,1.0,33F,,50614138,https://www.zigbang.com/home/apt/items/50614138
2026-10-10 08:04:43,헬리오시티,송파구,가락동,월세,저,59.96,18.14,10000,400,1.0,25,,50580250,https://www.zigbang.com/home/apt/items/50580250
2026-10-10 08:04:43,헬리오시티,송파구,가락동,월세,중,39.1,11.83,10000,270,1.0,18A,,50579899,https://www.zigbang.com/home/apt/items/50579899
2026-10-10 08:04:43,헬리오시티,송파구,가락동,월세,중,59.96,18.14,10000,420,1.0,25,,50578596,https://www.zigbang.com/home/apt/items/50578596
2026-10-10 08:04:43,헬리오시티,송파구,가락동,월세,중,39.1,11.83,10000,300,1.0,18A,,50347934,https://www.zigbang.com/home/apt/items/50347934
2026-10-10 08:04:43,헬리오시티,송파구,가락동,월세,중,39.1,11.83,10000,290,1.0,18A,,50293563,https://www.zigbang.com/home/apt/items/50293563
2026-10-10 08:04:43,헬리오시티,송파구,가락동,월세,중,39.1,11.83,10000,280,1.0,18A,,50227331,https://www.zigbang.com/home/apt/items/50227331
2026-10-10 08:04:43,헬리오시티,송파구,가락동,월세,중,39.1,11.83,10000,290,1.0,18A,,50198766,https://www.zigbang.com/home/apt/items/50198766
2026-10-10 08:04:43,헬리오시티,송파구,가락동,월세,저,39.86,12.06,10000,270,1.0,19C,,50169928,https://www.zigbang.com/home/apt/items/50169928
2026-10-10 08:04:43,헬리오시티,송파구,가락동,월세,저,39.1,11.83,10000,270,1.0,18A,,50327020,https://www.zigbang.com/home/apt/items/50327020
2026-10-10 08:04:43,헬리오시티,송파구,가락동,월세,고,49.22,14.89,15000,340,1.5,22D,,50633248,https://www.zigbang.com/home/apt/items/50633248
2026-10-10 08:04:43,헬리오시티,송파구,가락동,월세,저,84.98,25.71,20000,460,2.0,32A,,50646414,https://www.zigbang.com/home/apt/items/50646414
2026-10-10 08:04:43,헬리오시티,송파구,가락동,월세,고,84.96,25.7,20000,480,2.0,32J2,,50618916,https://www.zigbang.com/home/apt/items/50618916
2026-10-10 08:04:43,헬리오시티,송파구,가락동,월세,저,84.99,25.71,20000,440,2.0,33D,,50548460,https://www.zigbang.com/home/apt/items/50548460
2026-10-10 08:04:43,헬리오시티,송파구,가락동,월세,저,84.98,25.71,20000,450,2.0,32A,,50548319,https://www.zigbang.com/home/apt/items/50548319
2026-10-10 08:04:43,헬리오시티,송파구,가락동,월세,3,84.98,25.71,20000,450,2.0,32A,,50543822,https://www.zigbang.com/home/apt/items/50543822
2026-10-10 08:04:43,헬리오시티,송파구,가락동,월세,중,84.98,25.71,20000,460,2.0,33G,,50523704,https://www.zigbang.com/home/apt/items/50523704
2026-10-10 08:04:43,헬리오시티,송파구,가락동,월세,중,39.1,11.83,26000,220,2.6,18A,,50629804,https://www.zigbang.com/home/apt/items/50629804
2026-10-10 08:04:43,헬리오시티,송파구,가락동,월세,중,49.29,14.91,30000,300,3.0,22C,,50633424,https://www.zigbang.com/home/apt/items/50633424
2026-10-10 08:04:43,헬리오시티,송파구,가락동,월세,중,84.98,25.71,30000,420,3.0,32A,,50565727,https://www.zigbang.com/home/apt/items/50565727
2026-10-10 08:04:43,헬리오시티,송파구,가락동,월세,중,49.29,14.91,30000,290,3.0,22C,,50646938,https://www.zigbang.com/home/apt/items/50646938
2026-10-10 08:04:43,헬리오시티,송파구,가락동,월세,중,59.96,18.14,30000,320,3.0,25,,50457324,https://www.zigbang.com/home/apt/items/50457324
2026-10-10 08:04:43,헬리오시티,송파구,가락동,월세,고,84.98,25.71,30000,420,3.0,33G,,50246895,https://www.zigbang.com/home/apt/items/50246895
2026-10-10 08:04:43,헬리오시티,송파구,가락동,월세,저,84.96,25.7,30000,420,3.0,32J2,,50180822,https://www.zigbang.com/home/apt/items/50180822
2026-10-10 08:04:43,헬리오시티,송파구,가락동,월세,고,110.66,33.47,30000,500,3.0,42A,,50149848,https://www.zigbang.com/home/apt/items/50149848
2026-10-10 08:04:43,헬리오시티,송파구,가락동,월세,중,110.66,33.47,30000,500,3.0,42A,,50138412,https://www.zigbang.com/home/apt/items/50138412
2026-10-10 08:04:43,헬리오시티,송파구,가락동,월세,중,84.99,25.71,30000,420,3.0,33D,,49794655,https://www.zigbang.com/home/apt/items/49794655
2026-10-10 08:04:43,헬리오시티,송파구,가락동,월세,중,49.29,14.91,40000,250,4.0,22C,,50633503,https://www.zigbang.com/home/apt/items/50633503
2026-10-10 08:04:43,헬리오시티,송파구,가락동,월세,중,39.86,12.06,40000,165,4.0,19C,,50130953,https://www.zigbang.com/home/apt/items/50130953
2026-10-10 08:04:43,헬리오시티,송파구,가락동,월세,중,39.86,12.06,45000,150,4.5,19C,,50618100,https://www.zigbang.com/home/apt/items/50618100
2026-10-10 08:04:43,헬리오시티,송파구,가락동,월세,고,39.86,12.06,45000,150,4.5,19C,,50128761,https://www.zigbang.com/home/apt/items/50128761
2026-10-10 08:04:43,헬리오시티,송파구,가락동,월세,고,59.96,18.14,50000,250,5.0,25,,50545322,https://www.zigbang.com/home/apt/items/50545322
2026-10-10 08:04:43,헬리오시티,송파구,가락동,월세,고,84.99,25.71,50000,340,5.0,33D,,50477393,https://www.zigbang.com/home/apt/items/50477393
2026-10-10 08:04:43,헬리오시티,송파구,가락동,월세,고,84.95,25.7,50000,320,5.0,33F,,50276522,https://www.zigbang.com/home/apt/items/50276522
2026-10-10 08:04:43,헬리오시티,송파구,가락동,월세,중,59.96,18.14,60000,210,6.0,25,,50546989,https://www.zigbang.com/home/apt/items/50546989
2026-10-10 08:04:43,헬리오시티,송파구,가락동,월세,중,84.98,25.71,60000,300,6.0,33E,,50491456,https://www.zigbang.com/home/apt/items/50491456
2026-10-10 08:04:43,헬리오시티,송파구,가락동,월세,중,84.99,25.71,60000,300,6.0,33D,,50477424,https://www.zigbang.com/home/apt/items/50477424
2026-10-10 08:04:43,헬리오시티,송파구,가락동,월세,중,84.98,25.71,60000,300,6.0,32A,,50457275,https://www.zigbang.com/home/apt/items/50457275
2026-10-10 08:04:43,헬리오시티,송파구,가락동,월세,중,84.99,25.71,60000,300,6.0,33D,,50428836,https://www.zigbang.com/home/apt/items/50428836
2026-10-10 08:04:43,헬리오시티,송파구,가락동,월세,저,84.96,25.7,60000,320,6.0,32J2,,50180842,https://www.zigbang.com/home/apt/items/50180842
2026-10-10 08:04:43,헬리오시티,송파구,가락동,월세,중,84.99,25.71,60000,300,6.0,33D,,50166659,https://www.zigbang.com/home/apt/items/50166659
2026-10-10 08:04:43,헬리오시티,송파구,가락동,월세,중,84.99,25.71,60000,300,6.0,33D,,50138183,https://www.zigbang.com/home/apt/items/50138183
2026-10-10 08:04:43,헬리오시티,송파구,가락동,월세,중,84.99,25.71,60000,300,6.0,33D,,50135273,https://www.zigbang.com/home/apt/items/50135273
2026-10-10 08:04:43,헬리오시티,송파구,가락동,월세,고,84.95,25.7,60000,280,6.0,33F,,49780031,https://www.zigbang.com/home/apt/items/49780031
2026-10-10 08:04:43,헬리오시티,송파구,가락동,월세,고,39.86,12.06,70000,50,7.0,19C,,50618348,https://www.zigbang.com/home/apt/items/50618348
2026-10-10 08:04:43,헬리오시티,송파구,가락동,월세,저,84.99,25.71,70000,270,7.0,33D,,50566420,https://www.zigbang.com/home/apt/items/50566420
2026-10-10 08:04:43,헬리오시티,송파구,가락동,월세,고,84.96,25.7,70000,260,7.0,32J1,,50502808,https://www.zigbang.com/home/apt/items/50502808
2026-10-10 08:04:43,헬리오시티,송파구,가락동,월세,고,39.86,12.06,70000,60,7.0,19C,,50457224,https://www.zigbang.com/home/apt/items/50457224
2026-10-10 08:04:43,헬리오시티,송파구,가락동,월세,고,39.86,12.06,70000,50,7.0,19C,,50319915,https://www.zigbang.com/home/apt/items/50319915
2026-10-10 08:04:43,헬리오시티,송파구,가락동,월세,고,84.98,25.71,70000,300,7.0,33G,,50211195,https://www.zigbang.com/home/apt/items/50211195
2026-10-10 08:04:43,헬리오시티,송파구,가락동,월세,고,39.86,12.06,70000,60,7.0,19C,,50169228,https://www.zigbang.com/home/apt/items/50169228
2026-10-10 08:04:43,헬리오시티,송파구,가락동,전세,저,49.19,14.88,75000,0,7.5,22A,,50235981,https://www.zigbang.com/home/apt/items/50235981
2026-10-10 08:04:43,헬리오시티,송파구,가락동,전세,저,39.1,11.83,77000,0,7.7,18A,,50326047,https://www.zigbang.com/home/apt/items/50326047
2026-10-10 08:04:43,헬리오시티,송파구,가락동,전세,저,39.1,11.83,78000,0,7.8,18A,,50272108,https://www.zigbang.com/home/apt/items/50272108
2026-10-10 08:04:43,헬리오시티,송파구,가락동,전세,저,39.17,11.85,78000,0,7.8,18D,,50263364,https://www.zigbang.com/home/apt/items/50263364
2026-10-10 08:04:43,헬리오시티,송파구,가락동,전세,저,39.1,11.83,78000,0,7.8,18A,,50236268,https://www.zigbang.com/home/apt/items/50236268
2026-10-10 08:04:43,헬리오시티,송파구,가락동,월세,중,84.99,25.71,80000,220,8.0,33D,,50651322,https://www.zigbang.com/home/apt/items/50651322
2026-10-10 08:04:43,헬리오시티,송파구,가락동,전세,중,39.12,11.83,80000,0,8.0,18B,,50586804,https://www.zigbang.com/home/apt/items/50586804
2026-10-10 08:04:43,헬리오시티,송파구,가락동,월세,중,84.99,25.71,80000,240,8.0,33D,,50580012,https://www.zigbang.com/home/apt/items/50580012
2026-10-10 08:04:43,헬리오시티,송파구,가락동,전세,중,39.1,11.83,80000,0,8.0,18A,,50372889,https://www.zigbang.com/home/apt/items/50372889
2026-10-10 08:04:43,헬리오시티,송파구,가락동,전세,중,39.1,11.83,80000,0,8.0,18A,,50228465,https://www.zigbang.com/home/apt/items/50228465
2026-10-10 08:04:43,헬리오시티,송파구,가락동,전세,고,39.86,12.06,82000,0,8.2,19C,,50299227,https://www.zigbang.com/home/apt/items/50299227
2026-10-10 08:04:43,헬리오시티,송파구,가락동,전세,중,39.1,11.83,83000,0,8.3,18A,,50312360,https://www.zigbang.com/home/apt/items/50312360
2026-10-10 08:04:43,헬리오시티,송파구,가락동,전세,중,39.12,11.83,85000,0,8.5,18B,,50587733,https://www.zigbang.com/home/apt/items/50587733
2026-10-10 08:04:43,헬리오시티,송파구,가락동,월세,고,84.96,25.7,90000,200,9.0,32J1,,50624417,https://www.zigbang.com/home/apt/items/50624417
2026-10-10 08:04:43,헬리오시티,송파구,가락동,월세,고,49.29,14.91,90000,50,9.0,22C,,50623927,https://www.zigbang.com/home/apt/items/50623927
2026-10-10 08:04:43,헬리오시티,송파구,가락동,월세,고,49.29,14.91,90000,50,9.0,22C,,50617731,https://www.zigbang.com/home/apt/items/50617731
2026-10-10 08:04:43,헬리오시티,송파구,가락동,월세,중,49.29,14.91,90000,30,9.0,22C,,50523960,https://www.zigbang.com/home/apt/items/50523960
2026-10-10 08:04:43,헬리오시티,송파구,가락동,월세,중,49.29,14.91,90000,30,9.0,22C,,50523840,https://www.zigbang.com/home/apt/items/50523840
2026-10-10 08:04:43,헬리오시티,송파구,가락동,월세,중,84.99,25.71,90000,180,9.0,33D,,50138229,https://www.zigbang.com/home/apt/items/50138229
2026-10-10 08:04:43,헬리오시티,송파구,가락동,전세,저,49.29,14.91,95000,0,9.5,22C,,50566153,https://www.zigbang.com/home/apt/items/50566153
2026-10-10 08:04:43,헬리오시티,송파구,가락동,전세,고,49.29,14.91,97000,0,9.7,22C,,50607751,https://www.zigbang.com/home/apt/items/50607751
2026-10-10 08:04:43,헬리오시티,송파구,가락동,월세,중,84.99,25.71,100000,140,10.0,33D,,50651343,https://www.zigbang.com/home/apt/items/50651343
2026-10-10 08:04:43,헬리오시티,송파구,가락동,전세,고,49.29,14.91,100000,0,10.0,22C,,50592148,https://www.zigbang.com/home/apt/items/50592148
2026-10-10 08:04:43,헬리오시티,송파구,가락동,월세,중,84.98,25.71,100000,120,10.0,33E,,50502083,https://www.zigbang.com/home/apt/items/50502083
2026-10-10 08:04:43,헬리오시티,송파구,가락동,월세,중,84.99,25.71,110000,100,11.0,33D,,50623544,https://www.zigbang.com/home/apt/items/50623544
2026-10-10 08:04:43,헬리오시티,송파구,가락동,월세,중,84.99,25.71,110000,100,11.0,33D,,50619563,https://www.zigbang.com/home/apt/items/50619563
2026-10-10 08:04:43,헬리오시티,송파구,가락동,월세,고,84.97,25.7,110000,110,11.0,33L,,50607103,https://www.zigbang.com/home/apt/items/50607103
2026-10-10 08:04:43,헬리오시티,송파구,가락동,전세,고,59.96,18.14,114000,0,11.4,25,,50548635,https://www.zigbang.com/home/apt/items/50548635
2026-10-10 08:04:43,헬리오시티,송파구,가락동,전세,중,59.96,18.14,115000,0,11.5,25,,50533899,https://www.zigbang.com/home/apt/items/50533899
2026-10-10 08:04:43,헬리오시티,송파구,가락동,전세,고,59.96,18.14,115000,0,11.5,25,,50533170,https://www.zigbang.com/home/apt/items/50533170
2026-10-10 08:04:43,헬리오시티,송파구,가락동,전세,중,59.96,18.14,115000,0,11.5,25,,50457183,https://www.zigbang.com/home/apt/items/50457183
2026-10-10 08:04:43,헬리오시티,송파구,가락동,월세,고,110.44,33.41,120000,160,12.0,43B,,50476931,https://www.zigbang.com/home/apt/items/50476931
2026-10-10 08:04:43,헬리오시티,송파구,가락동,월세,13,110.66,33.47,130000,150,13.0,42A,,49816154,https://www.zigbang.com/home/apt/items/49816154
2026-10-10 08:04:43,헬리오시티,송파구,가락동,전세,고,84.96,25.7,135000,0,13.5,32J1,,50592741,https://www.zigbang.com/home/apt/items/50592741
2026-10-10 08:04:43,헬리오시티,송파구,가락동,전세,저,84.98,25.71,135000,0,13.5,32A,,49060891,https://www.zigbang.com/home/apt/items/49060891
2026-10-10 08:04:43,헬리오시티,송파구,가락동,전세,중,84.96,25.7,136000,0,13.6,32J1,,50618628,https://www.zigbang.com/home/apt/items/50618628
2026-10-10 08:04:43,헬리오시티,송파구,가락동,전세,중,84.98,25.71,136000,0,13.6,32A,,50591980,https://www.zigbang.com/home/apt/items/50591980
2026-10-10 08:04:43,헬리오시티,송파구,가락동,전세,중,84.96,25.7,137000,0,13.7,32J1,,50607770,https://www.zigbang.com/home/apt/items/50607770
2026-10-10 08:04:43,헬리오시티,송파구,가락동,전세,고,39.86,12.06,138000,0,13.8,19C,,50457246,https://www.zigbang.com/home/apt/items/50457246
2026-10-10 08:04:43,헬리오시티,송파구,가락동,전세,중,84.99,25.71,138000,0,13.8,33D,,50334780,https://www.zigbang.com/home/apt/items/50334780
2026-10-10 08:04:43,헬리오시티,송파구,가락동,전세,저,84.99,25.71,138000,0,13.8,33C,,50232154,https://www.zigbang.com/home/apt/items/50232154
2026-10-10 08:04:43,헬리오시티,송파구,가락동,전세,저,84.98,25.71,138000,0,13.8,32A,,50443037,https://www.zigbang.com/home/apt/items/50443037
2026-10-10 08:04:43,헬리오시티,송파구,가락동,전세,고,84.99,25.71,140000,0,14.0,33C,,50646974,https://www.zigbang.com/home/apt/items/50646974
2026-10-10 08:04:43,헬리오시티,송파구,가락동,전세,중,84.98,25.71,140000,0,14.0,33E,,50646852,https://www.zigbang.com/home/apt/items/50646852
2026-10-10 08:04:43,헬리오시티,송파구,가락동,전세,중,84.95,25.7,140000,0,14.0,33F,,50628135,https://www.zigbang.com/home/apt/items/50628135
2026-10-10 08:04:43,헬리오시티,송파구,가락동,전세,저,84.98,25.71,140000,0,14.0,33G,,50602704,https://www.zigbang.com/home/apt/items/50602704
2026-10-10 08:04:43,헬리오시티,송파구,가락동,전세,중,84.98,25.71,140000,0,14.0,33E,,50591961,https://www.zigbang.com/home/apt/items/50591961
2026-10-10 08:04:43,헬리오시티,송파구,가락동,전세,중,84.98,25.71,140000,0,14.0,32A,,50371893,https://www.zigbang.com/home/apt/items/50371893
2026-10-10 08:04:43,헬리오시티,송파구,가락동,전세,저,84.99,25.71,140000,0,14.0,33C,,50260190,https://www.zigbang.com/home/apt/items/50260190
2026-10-10 08:04:43,헬리오시티,송파구,가락동,전세,중,84.99,25.71,140000,0,14.0,33D,,50247429,https://www.zigbang.com/home/apt/items/50247429
2026-10-10 08:04:43,헬리오시티,송파구,가락동,전세,중,84.94,25.69,140000,0,14.0,32I,,50244985,https://www.zigbang.com/home/apt/items/50244985
2026-10-10 08:04:43,헬리오시티,송파구,가락동,전세,중,84.95,25.7,140000,0,14.0,33F,,49818878,https://www.zigbang.com/home/apt/items/49818878
2026-10-10 08:04:43,헬리오시티,송파구,가락동,전세,고,84.98,25.71,140000,0,14.0,33E,,49716077,https://www.zigbang.com/home/apt/items/49716077
2026-10-10 08:04:43,헬리오시티,송파구,가락동,전세,고,84.99,25.71,140000,0,14.0,33C,,49675751,https://www.zigbang.com/home/apt/items/49675751
2026-10-10 08:04:43,헬리오시티,송파구,가락동,전세,중,84.98,25.71,145000,0,14.5,33E,,50533710,https://www.zigbang.com/home/apt/items/50533710
2026-10-10 08:04:43,헬리오시티,송파구,가락동,전세,중,84.98,25.71,145000,0,14.5,33E,,50502151,https://www.zigbang.com/home/apt/items/50502151
2026-10-10 08:04:43,헬리오시티,송파구,가락동,전세,중,84.98,25.71,145000,0,14.5,33E,,50476711,https://www.zigbang.com/home/apt/items/50476711
2026-10-10 08:04:43,헬리오시티,송파구,가락동,전세,고,99.6,30.13,145000,0,14.5,38,,50134315,https://www.zigbang.com/home/apt/items/50134315
2026-10-10 08:04:43,헬리오시티,송파구,가락동,전세,중,84.98,25.71,145000,0,14.5,33G,,50108376,https://www.zigbang.com/home/apt/items/50108376
2026-10-10 08:04:43,헬리오시티,송파구,가락동,월세,고,99.6,30.13,150000,160,15.0,38,,50477164,https://www.zigbang.com/home/apt/items/50477164
2026-10-10 08:04:43,헬리오시티,송파구,가락동,월세,고,99.6,30.13,150000,160,15.0,38,,50477122,https://www.zigbang.com/home/apt/items/50477122
2026-10-10 08:04:43,헬리오시티,송파구,가락동,월세,고,110.44,33.41,150000,40,15.0,43B,,50266389,https://www.zigbang.com/home/apt/items/50266389
2026-10-10 08:04:43,헬리오시티,송파구,가락동,전세,고,110.44,33.41,160000,0,16.0,43B,,50262141,https://www.zigbang.com/home/apt/items/50262141
2026-10-10 08:04:43,헬리오시티,송파구,가락동,전세,중,99.6,30.13,160000,0,16.0,38,,50094074,https://www.zigbang.com/home/apt/items/50094074
2026-10-10 08:04:43,헬리오시티,송파구,가락동,전세,중,110.66,33.47,160000,0,16.0,42A,,49816327,https://www.zigbang.com/home/apt/items/49816327
2026-10-10 08:04:43,헬리오시티,송파구,가락동,전세,중,110.66,33.47,160000,0,16.0,42A,,49816036,https://www.zigbang.com/home/apt/items/49816036
2026-10-10 08:04:43,헬리오시티,송파구,가락동,전세,중,99.6,30.13,160000,0,16.0,38,,49773852,https://www.zigbang.com/home/apt/items/49773852
2026-10-10 08:04:43,헬리오시티,송파구,가락동,전세,중,99.6,30.13,160000,0,16.0,38,,49675639,https://www.zigbang.com/home/apt/items/49675639
2026-10-10 08:04:43,헬리오시티,송파구,가락동,전세,중,99.6,30.13,160000,0,16.0,38,,49591581,https://www.zigbang.com/home/apt/items/49591581
2026-10-10 08:04:43,헬리오시티,송파구,가락동,전세,고,110.44,33.41,165000,0,16.5,43B,,50192164,https://www.zigbang.com/home/apt/items/50192164
2026-10-10 08:04:43,헬리오시티,송파구,가락동,전세,고,110.44,33.41,165000,0,16.5,43B,,49379126,https://www.zigbang.com/home/apt/items/49379126
2026-10-10 08:04:43,헬리오시티,송파구,가락동,전세,10,110.44,33.41,170000,0,17.0,43B,,49826694,https://www.zigbang.com/home/apt/items/49826694
2026-10-10 08:04:43,헬리오시티,송파구,가락동,전세,고,99.6,30.13,175000,0,17.5,38,,50607857,https://www.zigbang.com/home/apt/items/50607857
2026-10-10 08:04:43,헬리오시티,송파구,가락동,매매,고,39.1,11.83,189000,0,18.9,18A,,50614284,https://www.zigbang.com/home/apt/items/50614284
2026-10-10 08:04:43,헬리오시티,송파구,가락동,매매,저,39.1,11.83,190000,0,19.0,18A,,50587160,https://www.zigbang.com/home/apt/items/50587160
2026-10-10 08:04:43,헬리오시티,송파구,가락동,매매,중,39.1,11.83,190000,0,19.0,18A,,50123290,https://www.zigbang.com/home/apt/items/50123290
2026-10-10 08:04:43,헬리오시티,송파구,가락동,매매,중,39.12,11.83,190000,0,19.0,18B,,49736275,https://www.zigbang.com/home/apt/items/49736275
2026-10-10 08:04:43,헬리오시티,송파구,가락동,매매,중,39.1,11.83,191000,0,19.1,18A,,49670766,https://www.zigbang.com/home/apt/items/49670766
2026-10-10 08:04:43,헬리오시티,송파구,가락동,매매,중,39.1,11.83,192000,0,19.2,18A,,49949475,https://www.zigbang.com/home/apt/items/49949475
2026-10-10 08:04:43,헬리오시티,송파구,가락동,매매,중,39.1,11.83,192000,0,19.2,18A,,49796238,https://www.zigbang.com/home/apt/items/49796238
2026-10-10 08:04:43,헬리오시티,송파구,가락동,매매,고,39.1,11.83,195000,0,19.5,18A,,50588911,https://www.zigbang.com/home/apt/items/50588911
2026-10-10 08:04:43,헬리오시티,송파구,가락동,매매,중,39.1,11.83,195000,0,19.5,18A,,50392891,https://www.zigbang.com/home/apt/items/50392891
2026-10-10 08:04:43,헬리오시티,송파구,가락동,매매,중,39.1,11.83,195000,0,19.5,18A,,50375395,https://www.zigbang.com/home/apt/items/50375395
2026-10-10 08:04:43,헬리오시티,송파구,가락동,매매,저,39.12,11.83,198000,0,19.8,18B,,50588751,https://www.zigbang.com/home/apt/items/50588751
2026-10-10 08:04:43,헬리오시티,송파구,가락동,매매,고,39.12,11.83,199000,0,19.9,18B,,50123252,https://www.zigbang.com/home/apt/items/50123252
2026-10-10 08:04:43,헬리오시티,송파구,가락동,매매,저,39.17,11.85,200000,0,20.0,18D,,50589077,https://www.zigbang.com/home/apt/items/50589077
2026-10-10 08:04:43,헬리오시티,송파구,가락동,매매,고,39.12,11.83,200000,0,20.0,18B,,50588808,https://www.zigbang.com/home/apt/items/50588808
2026-10-10 08:04:43,헬리오시티,송파구,가락동,매매,중,39.1,11.83,200000,0,20.0,18A,,50491527,https://www.zigbang.com/home/apt/items/50491527
2026-10-10 08:04:43,헬리오시티,송파구,가락동,매매,저,39.12,11.83,200000,0,20.0,18B,,50466436,https://www.zigbang.com/home/apt/items/50466436
2026-10-10 08:04:43,헬리오시티,송파구,가락동,매매,고,39.1,11.83,200000,0,20.0,18A,,49949281,https://www.zigbang.com/home/apt/items/49949281
2026-10-10 08:04:43,헬리오시티,송파구,가락동,매매,중,39.1,11.83,200000,0,20.0,18A,,48698679,https://www.zigbang.com/home/apt/items/48698679
2026-10-10 08:04:43,헬리오시티,송파구,가락동,매매,중,39.17,11.85,205000,0,20.5,18D,,50375351,https://www.zigbang.com/home/apt/items/50375351
2026-10-10 08:04:43,헬리오시티,송파구,가락동,매매,고,39.1,11.83,205000,0,20.5,18A,,50247667,https://www.zigbang.com/home/apt/items/50247667
2026-10-10 08:04:43,헬리오시티,송파구,가락동,매매,중,39.12,11.83,205000,0,20.5,18B,,49949717,https://www.zigbang.com/home/apt/items/49949717
2026-10-10 08:04:43,헬리오시티,송파구,가락동,매매,고,39.86,12.06,210000,0,21.0,19C,,50510094,https://www.zigbang.com/home/apt/items/50510094
2026-10-10 08:04:43,헬리오시티,송파구,가락동,매매,고,49.22,14.89,245000,0,24.5,22D,,50616743,https://www.zigbang.com/home/apt/items/50616743
2026-10-10 08:04:43,헬리오시티,송파구,가락동,매매,고,49.22,14.89,245000,0,24.5,22D,,50123648,https://www.zigbang.com/home/apt/items/50123648
2026-10-10 08:04:43,헬리오시티,송파구,가락동,매매,중,49.32,14.92,249000,0,24.9,22B,,49778801,https://www.zigbang.com/home/apt/items/49778801
2026-10-10 08:04:43,헬리오시티,송파구,가락동,매매,저,59.96,18.14,250000,0,25.0,25,,50585310,https://www.zigbang.com/home/apt/items/50585310
2026-10-10 08:04:43,헬리오시티,송파구,가락동,매매,저,59.96,18.14,255000,0,25.5,25,,50398910,https://www.zigbang.com/home/apt/items/50398910
2026-10-10 08:04:43,헬리오시티,송파구,가락동,매매,고,49.22,14.89,255000,0,25.5,22D,,50068311,https://www.zigbang.com/home/apt/items/50068311
2026-10-10 08:04:43,헬리오시티,송파구,가락동,매매,저,59.96,18.14,260000,0,26.0,25,,50641317,https://www.zigbang.com/home/apt/items/50641317
2026-10-10 08:04:43,헬리오시티,송파구,가락동,매매,고,59.96,18.14,260000,0,26.0,25,,50635549,https://www.zigbang.com/home/apt/items/50635549
2026-10-10 08:04:43,헬리오시티,송파구,가락동,매매,중,59.96,18.14,260000,0,26.0,25,,50586458,https://www.zigbang.com/home/apt/items/50586458
2026-10-10 08:04:43,헬리오시티,송파구,가락동,매매,고,59.96,18.14,260000,0,26.0,25,,50542453,https://www.zigbang.com/home/apt/items/50542453
2026-10-10 08:04:43,헬리오시티,송파구,가락동,매매,중,59.96,18.14,260000,0,26.0,25,,50542378,https://www.zigbang.com/home/apt/items/50542378
2026-10-10 08:04:43,헬리오시티,송파구,가락동,매매,저,59.96,18.14,260000,0,26.0,25,,50476846,https://www.zigbang.com/home/apt/items/50476846
2026-10-10 08:04:43,헬리오시티,송파구,가락동,매매,중,59.96,18.14,260000,0,26.0,25,,50222856,https://www.zigbang.com/home/apt/items/50222856
2026-10-10 08:04:43,헬리오시티,송파구,가락동,매매,고,59.96,18.14,260000,0,26.0,25,,50123348,https://www.zigbang.com/home/apt/items/50123348
2026-10-10 08:04:43,헬리오시티,송파구,가락동,매매,고,59.96,18.14,262000,0,26.2,25,,50542281,https://www.zigbang.com/home/apt/items/50542281
2026-10-10 08:04:43,헬리오시티,송파구,가락동,매매,고,59.96,18.14,262000,0,26.2,25,,50333328,https://www.zigbang.com/home/apt/items/50333328
2026-10-10 08:04:43,헬리오시티,송파구,가락동,매매,고,59.96,18.14,265000,0,26.5,25,,50134840,https://www.zigbang.com/home/apt/items/50134840
2026-10-10 08:04:43,헬리오시티,송파구,가락동,매매,고,59.96,18.14,269000,0,26.9,25,,48488314,https://www.zigbang.com/home/apt/items/48488314
2026-10-10 08:04:43,헬리오시티,송파구,가락동,매매,고,59.96,18.14,270000,0,27.0,25,,50404983,https://www.zigbang.com/home/apt/items/50404983
2026-10-10 08:04:43,헬리오시티,송파구,가락동,매매,중,84.98,25.71,270000,0,27.0,33E,,49966102,https://www.zigbang.com/home/apt/items/49966102
2026-10-10 08:04:43,헬리오시티,송파구,가락동,매매,저,84.99,25.71,273000,0,27.3,33C,,50566378,https://www.zigbang.com/home/apt/items/50566378
2026-10-10 08:04:43,헬리오시티,송파구,가락동,매매,저,59.96,18.14,274000,0,27.4,25,,50166294,https://www.zigbang.com/home/apt/items/50166294
2026-10-10 08:04:43,헬리오시티,송파구,가락동,매매,저,84.97,25.7,275000,0,27.5,33L,,50372809,https://www.zigbang.com/home/apt/items/50372809
2026-10-10 08:04:43,헬리오시티,송파구,가락동,매매,저,84.97,25.7,275000,0,27.5,33L,,50199577,https://www.zigbang.com/home/apt/items/50199577
2026-10-10 08:04:43,헬리오시티,송파구,가락동,매매,저,59.96,18.14,275000,0,27.5,25,,49882542,https://www.zigbang.com/home/apt/items/49882542
2026-10-10 08:04:43,헬리오시티,송파구,가락동,매매,2,84.96,25.7,280000,0,28.0,32J2,,50539350,https://www.zigbang.com/home/apt/items/50539350
2026-10-10 08:04:43,헬리오시티,송파구,가락동,매매,고,59.96,18.14,280000,0,28.0,25,,50182084,https://www.zigbang.com/home/apt/items/50182084
2026-10-10 08:04:43,헬리오시티,송파구,가락동,매매,저,84.98,25.71,280000,0,28.0,33E,,47623477,https://www.zigbang.com/home/apt/items/47623477
2026-10-10 08:04:43,헬리오시티,송파구,가락동,매매,저,84.99,25.71,283000,0,28.3,33D,,50482319,https://www.zigbang.com/home/apt/items/50482319
2026-10-10 08:04:43,헬리오시티,송파구,가락동,매매,저,84.98,25.71,283000,0,28.3,33E,,50122825,https://www.zigbang.com/home/apt/items/50122825
2026-10-10 08:04:43,헬리오시티,송파구,가락동,매매,고,84.99,25.71,285000,0,28.5,33D,,50607650,https://www.zigbang.com/home/apt/items/50607650
2026-10-10 08:04:43,헬리오시티,송파구,가락동,매매,중,84.98,25.71,285000,0,28.5,33E,,50566841,https://www.zigbang.com/home/apt/items/50566841
2026-10-10 08:04:43,헬리오시티,송파구,가락동,매매,고,84.99,25.71,285000,0,28.5,33D,,50523289,https://www.zigbang.com/home/apt/items/50523289
2026-10-10 08:04:43,헬리오시티,송파구,가락동,매매,고,84.99,25.71,285000,0,28.5,33D,,50474325,https://www.zigbang.com/home/apt/items/50474325
2026-10-10 08:04:43,헬리오시티,송파구,가락동,매매,저,84.98,25.71,285000,0,28.5,33E,,50459269,https://www.zigbang.com/home/apt/items/50459269
2026-10-10 08:04:43,헬리오시티,송파구,가락동,매매,저,84.98,25.71,285000,0,28.5,33E,,50148087,https://www.zigbang.com/home/apt/items/50148087
2026-10-10 08:04:43,헬리오시티,송파구,가락동,매매,중,84.95,25.7,285000,0,28.5,33F,,50124800,https://www.zigbang.com/home/apt/items/50124800
2026-10-10 08:04:43,헬리오시티,송파구,가락동,매매,저,84.99,25.71,285000,0,28.5,33D,,50124748,https://www.zigbang.com/home/apt/items/50124748
2026-10-10 08:04:43,헬리오시티,송파구,가락동,매매,중,84.95,25.7,287000,0,28.7,33F,,50198331,https://www.zigbang.com/home/apt/items/50198331
2026-10-10 08:04:43,헬리오시티,송파구,가락동,매매,중,84.98,25.71,288000,0,28.8,33G,,50627823,https://www.zigbang.com/home/apt/items/50627823
2026-10-10 08:04:43,헬리오시티,송파구,가락동,매매,고,84.99,25.71,288000,0,28.8,33D,,50603730,https://www.zigbang.com/home/apt/items/50603730
2026-10-10 08:04:43,헬리오시티,송파구,가락동,매매,고,84.96,25.7,288000,0,28.8,32J1,,49723223,https://www.zigbang.com/home/apt/items/49723223
2026-10-10 08:04:43,헬리오시티,송파구,가락동,매매,저,84.98,25.71,289000,0,28.9,32A,,50305802,https://www.zigbang.com/home/apt/items/50305802
2026-10-10 08:04:43,헬리오시티,송파구,가락동,매매,10,84.98,25.71,289000,0,28.9,33K,,50084678,https://www.zigbang.com/home/apt/items/50084678
2026-10-10 08:04:43,헬리오시티,송파구,가락동,매매,중,84.98,25.71,290000,0,29.0,32A,,50617951,https://www.zigbang.com/home/apt/items/50617951
2026-10-10 08:04:43,헬리오시티,송파구,가락동,매매,중,84.98,25.71,290000,0,29.0,33K,,50526629,https://www.zigbang.com/home/apt/items/50526629
2026-10-10 08:04:43,헬리오시티,송파구,가락동,매매,중,84.98,25.71,290000,0,29.0,33G,,50404959,https://www.zigbang.com/home/apt/items/50404959
2026-10-10 08:04:43,헬리오시티,송파구,가락동,매매,고,84.99,25.71,290000,0,29.0,33D,,50391690,https://www.zigbang.com/home/apt/items/50391690
2026-10-10 08:04:43,헬리오시티,송파구,가락동,매매,저,84.98,25.71,290000,0,29.0,32A,,50307884,https://www.zigbang.com/home/apt/items/50307884
2026-10-10 08:04:43,헬리오시티,송파구,가락동,매매,저,84.98,25.71,290000,0,29.0,33E,,50192053,https://www.zigbang.com/home/apt/items/50192053
2026-10-10 08:04:43,헬리오시티,송파구,가락동,매매,고,84.98,25.71,290000,0,29.0,33E,,50150089,https://www.zigbang.com/home/apt/items/50150089
2026-10-10 08:04:43,헬리오시티,송파구,가락동,매매,저,84.98,25.71,290000,0,29.0,33E,,50139906,https://www.zigbang.com/home/apt/items/50139906
2026-10-10 08:04:43,헬리오시티,송파구,가락동,매매,저,84.98,25.71,290000,0,29.0,32A,,50139494,https://www.zigbang.com/home/apt/items/50139494
2026-10-10 08:04:43,헬리오시티,송파구,가락동,매매,저,84.98,25.71,290000,0,29.0,33E,,50066887,https://www.zigbang.com/home/apt/items/50066887
2026-10-10 08:04:43,헬리오시티,송파구,가락동,매매,저,84.96,25.7,290000,0,29.0,32J2,,50066627,https://www.zigbang.com/home/apt/items/50066627
2026-10-10 08:04:43,헬리오시티,송파구,가락동,매매,중,84.98,25.71,290000,0,29.0,33E,,49799195,https://www.zigbang.com/home/apt/items/49799195
2026-10-10 08:04:43,헬리오시티,송파구,가락동,매매,저,84.98,25.71,290000,0,29.0,33K,,49666786,https://www.zigbang.com/home/apt/items/49666786
2026-10-10 08:04:43,헬리오시티,송파구,가락동,매매,저,84.98,25.71,290000,0,29.0,33E,,49352561,https://www.zigbang.com/home/apt/items/49352561
2026-10-10 08:04:43,헬리오시티,송파구,가락동,매매,저,84.98,25.71,290000,0,29.0,33E,,50298353,https://www.zigbang.com/home/apt/items/50298353
2026-10-10 08:04:43,헬리오시티,송파구,가락동,매매,4,84.98,25.71,294000,0,29.4,33K,,50510706,https://www.zigbang.com/home/apt/items/50510706
2026-10-10 08:04:43,헬리오시티,송파구,가락동,매매,중,84.97,25.7,295000,0,29.5,33L,,50617998,https://www.zigbang.com/home/apt/items/50617998
2026-10-10 08:04:43,헬리오시티,송파구,가락동,매매,중,84.99,25.71,295000,0,29.5,33D,,50566980,https://www.zigbang.com/home/apt/items/50566980
2026-10-10 08:04:43,헬리오시티,송파구,가락동,매매,중,84.97,25.7,295000,0,29.5,33L,,50524648,https://www.zigbang.com/home/apt/items/50524648
2026-10-10 08:04:43,헬리오시티,송파구,가락동,매매,고,84.98,25.71,295000,0,29.5,33G,,50596312,https://www.zigbang.com/home/apt/items/50596312
2026-10-10 08:04:43,헬리오시티,송파구,가락동,매매,중,84.99,25.71,295000,0,29.5,33D,,50510214,https://www.zigbang.com/home/apt/items/50510214
2026-10-10 08:04:43,헬리오시티,송파구,가락동,매매,고,84.99,25.71,295000,0,29.5,33C,,50424291,https://www.zigbang.com/home/apt/items/50424291
2026-10-10 08:04:43,헬리오시티,송파구,가락동,매매,중,84.95,25.7,295000,0,29.5,33F,,50353347,https://www.zigbang.com/home/apt/items/50353347
2026-10-10 08:04:43,헬리오시티,송파구,가락동,매매,중,84.98,25.71,295000,0,29.5,32A,,50194925,https://www.zigbang.com/home/apt/items/50194925
2026-10-10 08:04:43,헬리오시티,송파구,가락동,매매,저,84.99,25.71,295000,0,29.5,33D,,50124631,https://www.zigbang.com/home/apt/items/50124631
2026-10-10 08:04:43,헬리오시티,송파구,가락동,매매,중,84.98,25.71,295000,0,29.5,32A,,48440781,https://www.zigbang.com/home/apt/items/48440781
2026-10-10 08:04:43,헬리오시티,송파구,가락동,매매,10,84.98,25.71,298000,0,29.8,33E,,50347691,https://www.zigbang.com/home/apt/items/50347691
2026-10-10 08:04:43,헬리오시티,송파구,가락동,매매,고,84.95,25.7,300000,0,30.0,33F,,50619301,https://www.zigbang.com/home/apt/items/50619301
2026-10-10 08:04:43,헬리오시티,송파구,가락동,매매,중,84.97,25.7,300000,0,30.0,33L,,50524614,https://www.zigbang.com/home/apt/items/50524614
2026-10-10 08:04:43,헬리오시티,송파구,가락동,매매,저,84.98,25.71,300000,0,30.0,33E,,50496417,https://www.zigbang.com/home/apt/items/50496417
2026-10-10 08:04:43,헬리오시티,송파구,가락동,매매,고,84.97,25.7,300000,0,30.0,33L,,50474405,https://www.zigbang.com/home/apt/items/50474405
2026-10-10 08:04:43,헬리오시티,송파구,가락동,매매,중,84.99,25.71,300000,0,30.0,33D,,50367422,https://www.zigbang.com/home/apt/items/50367422
2026-10-10 08:04:43,헬리오시티,송파구,가락동,매매,중,84.99,25.71,300000,0,30.0,33D,,50139553,https://www.zigbang.com/home/apt/items/50139553
2026-10-10 08:04:43,헬리오시티,송파구,가락동,매매,중,84.95,25.7,300000,0,30.0,33F,,49352602,https://www.zigbang.com/home/apt/items/49352602
2026-10-10 08:04:43,헬리오시티,송파구,가락동,매매,중,84.99,25.71,300000,0,30.0,33D,,49344299,https://www.zigbang.com/home/apt/items/49344299
2026-10-10 08:04:43,헬리오시티,송파구,가락동,매매,중,84.98,25.71,300000,0,30.0,32A,,48684451,https://www.zigbang.com/home/apt/items/48684451
2026-10-10 08:04:43,헬리오시티,송파구,가락동,매매,고,84.98,25.71,300000,0,30.0,33E,,47764035,https://www.zigbang.com/home/apt/items/47764035
2026-10-10 08:04:43,헬리오시티,송파구,가락동,매매,중,84.99,25.71,300000,0,30.0,33D,,47616240,https://www.zigbang.com/home/apt/items/47616240
2026-10-10 08:04:43,헬리오시티,송파구,가락동,매매,고,84.99,25.71,305000,0,30.5,33D,,50199604,https://www.zigbang.com/home/apt/items/50199604
2026-10-10 08:04:43,헬리오시티,송파구,가락동,매매,고,84.98,25.71,305000,0,30.5,32A,,50170102,https://www.zigbang.com/home/apt/items/50170102
2026-10-10 08:04:43,헬리오시티,송파구,가락동,매매,중,84.98,25.71,305000,0,30.5,33E,,50156636,https://www.zigbang.com/home/apt/items/50156636
2026-10-10 08:04:43,헬리오시티,송파구,가락동,매매,고,84.98,25.71,305000,0,30.5,32A,,49896030,https://www.zigbang.com/home/apt/items/49896030
2026-10-10 08:04:43,헬리오시티,송파구,가락동,매매,중,84.98,25.71,305000,0,30.5,33E,,49668542,https://www.zigbang.com/home/apt/items/49668542
2026-10-10 08:04:43,헬리오시티,송파구,가락동,매매,중,84.95,25.7,305000,0,30.5,33F,,49116042,https://www.zigbang.com/home/apt/items/49116042
2026-10-10 08:04:43,헬리오시티,송파구,가락동,매매,고,84.99,25.71,305000,0,30.5,33D,,47637625,https://www.zigbang.com/home/apt/items/47637625
2026-10-10 08:04:43,헬리오시티,송파구,가락동,매매,중,84.98,25.71,310000,0,31.0,33G,,50605227,https://www.zigbang.com/home/apt/items/50605227
2026-10-10 08:04:43,헬리오시티,송파구,가락동,매매,고,84.98,25.71,310000,0,31.0,33G,,50545225,https://www.zigbang.com/home/apt/items/50545225
2026-10-10 08:04:43,헬리오시티,송파구,가락동,매매,고,84.98,25.71,310000,0,31.0,33E,,50500698,https://www.zigbang.com/home/apt/items/50500698
2026-10-10 08:04:43,헬리오시티,송파구,가락동,매매,중,84.94,25.69,310000,0,31.0,32I,,49895535,https://www.zigbang.com/home/apt/items/49895535
2026-10-10 08:04:43,헬리오시티,송파구,가락동,매매,17,84.98,25.71,310000,0,31.0,33K,,49666824,https://www.zigbang.com/home/apt/items/49666824
2026-10-10 08:04:43,헬리오시티,송파구,가락동,매매,중,84.95,25.7,310000,0,31.0,33F,,48763084,https://www.zigbang.com/home/apt/items/48763084
2026-10-10 08:04:43,헬리오시티,송파구,가락동,매매,중,84.99,25.71,310000,0,31.0,33C,,48315019,https://www.zigbang.com/home/apt/items/48315019
2026-10-10 08:04:43,헬리오시티,송파구,가락동,매매,중,84.95,25.7,310000,0,31.0,33F,,47616320,https://www.zigbang.com/home/apt/items/47616320
2026-10-10 08:04:43,헬리오시티,송파구,가락동,매매,중,84.98,25.71,315000,0,31.5,33G,,50565012,https://www.zigbang.com/home/apt/items/50565012
2026-10-10 08:04:43,헬리오시티,송파구,가락동,매매,중,84.99,25.71,315000,0,31.5,33D,,50528466,https://www.zigbang.com/home/apt/items/50528466
2026-10-10 08:04:43,헬리오시티,송파구,가락동,매매,중,84.95,25.7,315000,0,31.5,33F,,50321957,https://www.zigbang.com/home/apt/items/50321957
2026-10-10 08:04:43,헬리오시티,송파구,가락동,매매,고,84.95,25.7,318000,0,31.8,33F,,47662660,https://www.zigbang.com/home/apt/items/47662660
2026-10-10 08:04:43,헬리오시티,송파구,가락동,매매,중,99.6,30.13,320000,0,32.0,38,,50276560,https://www.zigbang.com/home/apt/items/50276560
2026-10-10 08:04:43,헬리오시티,송파구,가락동,매매,중,99.6,30.13,320000,0,32.0,38,,48502942,https://www.zigbang.com/home/apt/items/48502942
2026-10-10 08:04:43,헬리오시티,송파구,가락동,매매,중,99.6,30.13,320000,0,32.0,38,,48292015,https://www.zigbang.com/home/apt/items/48292015
2026-10-10 08:04:43,헬리오시티,송파구,가락동,매매,9,84.99,25.71,320000,0,32.0,33D,,46815166,https://www.zigbang.com/home/apt/items/46815166
2026-10-10 08:04:43,헬리오시티,송파구,가락동,매매,고,84.99,25.71,320000,0,32.0,33D,,50202993,https://www.zigbang.com/home/apt/items/50202993
2026-10-10 08:04:43,헬리오시티,송파구,가락동,매매,저,110.44,33.41,332000,0,33.2,43B,,50646462,https://www.zigbang.com/home/apt/items/50646462
2026-10-10 08:04:43,헬리오시티,송파구,가락동,매매,중,110.44,33.41,333000,0,33.3,43B,,50646527,https://www.zigbang.com/home/apt/items/50646527
2026-10-10 08:04:43,헬리오시티,송파구,가락동,매매,저,110.66,33.47,335000,0,33.5,42A,,50419212,https://www.zigbang.com/home/apt/items/50419212
2026-10-10 08:04:43,헬리오시티,송파구,가락동,매매,저,110.66,33.47,335000,0,33.5,42A,,50230861,https://www.zigbang.com/home/apt/items/50230861
2026-10-10 08:04:43,헬리오시티,송파구,가락동,매매,중,110.44,33.41,335000,0,33.5,43B,,50211276,https://www.zigbang.com/home/apt/items/50211276
2026-10-10 08:04:43,헬리오시티,송파구,가락동,매매,저,110.44,33.41,335000,0,33.5,43B,,49708876,https://www.zigbang.com/home/apt/items/49708876
2026-10-10 08:04:43,헬리오시티,송파구,가락동,매매,저,110.66,33.47,335000,0,33.5,42A,,48988446,https://www.zigbang.com/home/apt/items/48988446
2026-10-10 08:04:43,헬리오시티,송파구,가락동,매매,중,110.66,33.47,340000,0,34.0,42A,,49323400,https://www.zigbang.com/home/apt/items/49323400
2026-10-10 08:04:43,헬리오시티,송파구,가락동,매매,저,110.44,33.41,340000,0,34.0,43B,,48988558,https://www.zigbang.com/home/apt/items/48988558
2026-10-10 08:04:43,헬리오시티,송파구,가락동,매매,저,110.44,33.41,340000,0,34.0,43B,,47765234,https://www.zigbang.com/home/apt/items/47765234
2026-10-10 08:04:43,헬리오시티,송파구,가락동,매매,고,110.44,33.41,345000,0,34.5,43B,,50123155,https://www.zigbang.com/home/apt/items/50123155
2026-10-10 08:04:43,헬리오시티,송파구,가락동,매매,저,110.66,33.47,345000,0,34.5,42A,,50284939,https://www.zigbang.com/home/apt/items/50284939
2026-10-10 08:04:43,헬리오시티,송파구,가락동,매매,중,110.44,33.41,350000,0,35.0,43B,,49708771,https://www.zigbang.com/home/apt/items/49708771
2026-10-10 08:04:43,헬리오시티,송파구,가락동,매매,중,130.06,39.34,370000,0,37.0,49,,50162421,https://www.zigbang.com/home/apt/items/50162421
2026-10-10 08:04:43,헬리오시티,송파구,가락동,매매,27,99.6,30.13,370000,0,37.0,38,,50644718,https://www.zigbang.com/home/apt/items/50644718
2026-10-10 08:04:43,헬리오시티,송파구,가락동,매매,중,130.06,39.34,400000,0,40.0,49,,50108465,https://www.zigbang.com/home/apt/items/50108465
2026-10-10 08:04:43,헬리오시티,송파구,가락동,매매,29,150.09,45.4,550000,0,55.0,58C,,49826778,https://www.zigbang.com/home/apt/items/49826778
2026-10-10 08:04:43,e편한세상송파파크센트럴,송파구,거여동,월세,1,84.95,25.7,500,150,0.05,34F,,256621,https://www.zigbang.com/home/apt/items/256621
2026-10-10 08:04:43,e편한세상송파파크센트럴,송파구,거여동,월세,고,59.96,18.14,30000,280,3.0,25A,,50606771,https://www.zigbang.com/home/apt/items/50606771
2026-10-10 08:04:43,e편한세상송파파크센트럴,송파구,거여동,월세,고,84.97,25.7,30000,280,3.0,34C,,50041614,https://www.zigbang.com/home/apt/items/50041614
2026-10-10 08:04:43,e편한세상송파파크센트럴,송파구,거여동,전세,고,59.96,18.14,87000,0,8.7,25A,,50652347,https://www.zigbang.com/home/apt/items/50652347
2026-10-10 08:04:43,e편한세상송파파크센트럴,송파구,거여동,전세,중,59.96,18.14,87000,0,8.7,25A,,49629299,https://www.zigbang.com/home/apt/items/49629299
2026-10-10 08:04:43,e편한세상송파파크센트럴,송파구,거여동,전세,1,84.96,25.7,98000,0,9.8,34G,,50592403,https://www.zigbang.com/home/apt/items/50592403
2026-10-10 08:04:43,e편한세상송파파크센트럴,송파구,거여동,전세,고,84.94,25.69,100000,0,10.0,34E,,50649740,https://www.zigbang.com/home/apt/items/50649740
2026-10-10 08:04:43,e편한세상송파파크센트럴,송파구,거여동,전세,고,84.94,25.69,100000,0,10.0,34E,,50645406,https://www.zigbang.com/home/apt/items/50645406
2026-10-10 08:04:43,e편한세상송파파크센트럴,송파구,거여동,월세,중,113.63,34.37,100000,80,10.0,42A,,50590065,https://www.zigbang.com/home/apt/items/50590065
2026-10-10 08:04:43,e편한세상송파파크센트럴,송파구,거여동,전세,13,113.63,34.37,110000,0,11.0,42A,,50606961,https://www.zigbang.com/home/apt/items/50606961
2026-10-10 08:04:43,e편한세상송파파크센트럴,송파구,거여동,매매,1,59.96,18.14,175000,0,17.5,25A,,50586820,https://www.zigbang.com/home/apt/items/50586820
2026-10-10 08:04:43,e편한세상송파파크센트럴,송파구,거여동,매매,13,59.94,18.13,180000,0,18.0,25B,,50641311,https://www.zigbang.com/home/apt/items/50641311
2026-10-10 08:04:43,e편한세상송파파크센트럴,송파구,거여동,매매,5,59.94,18.13,180000,0,18.0,25B,,49664292,https://www.zigbang.com/home/apt/items/49664292
2026-10-10 08:04:43,e편한세상송파파크센트럴,송파구,거여동,매매,고,59.96,18.14,190000,0,19.0,25A,,50580181,https://www.zigbang.com/home/apt/items/50580181
2026-10-10 08:04:43,e편한세상송파파크센트럴,송파구,거여동,매매,저,84.96,25.7,198000,0,19.8,34H,,49558097,https://www.zigbang.com/home/apt/items/49558097
2026-10-10 08:04:43,e편한세상송파파크센트럴,송파구,거여동,매매,10,84.95,25.7,198000,0,19.8,34F,,50650193,https://www.zigbang.com/home/apt/items/50650193
2026-10-10 08:04:43,e편한세상송파파크센트럴,송파구,거여동,매매,고,84.94,25.69,200000,0,20.0,34E,,50645000,https://www.zigbang.com/home/apt/items/50645000
2026-10-10 08:04:43,e편한세상송파파크센트럴,송파구,거여동,매매,중,84.96,25.7,200000,0,20.0,34A,,50630101,https://www.zigbang.com/home/apt/items/50630101
2026-10-10 08:04:43,e편한세상송파파크센트럴,송파구,거여동,매매,2,84.95,25.7,200000,0,20.0,34F,,50506571,https://www.zigbang.com/home/apt/items/50506571
2026-10-10 08:04:43,e편한세상송파파크센트럴,송파구,거여동,매매,11,84.97,25.7,200000,0,20.0,34C,,49731605,https://www.zigbang.com/home/apt/items/49731605
2026-10-10 08:04:43,e편한세상송파파크센트럴,송파구,거여동,매매,7,84.96,25.7,200000,0,20.0,34A,,241035,https://www.zigbang.com/home/apt/items/241035
2026-10-10 08:04:43,e편한세상송파파크센트럴,송파구,거여동,매매,중,84.95,25.7,210000,0,21.0,34F,,50596238,https://www.zigbang.com/home/apt/items/50596238
2026-10-10 08:04:43,e편한세상송파파크센트럴,송파구,거여동,매매,5,84.96,25.7,220000,0,22.0,34A,,49125194,https://www.zigbang.com/home/apt/items/49125194
2026-10-10 08:04:43,e편한세상송파파크센트럴,송파구,거여동,매매,13,113.18,34.24,225000,0,22.5,41B,,49666501,https://www.zigbang.com/home/apt/items/49666501
2026-10-10 08:04:43,거여1단지,송파구,거여동,매매,중,49.8,15.06,128000,0,12.8,21,,50382357,https://www.zigbang.com/home/apt/items/50382357
2026-10-10 08:04:43,거여5단지,송파구,거여동,매매,고,59.74,18.07,150000,0,15.0,25,,50093553,https://www.zigbang.com/home/apt/items/50093553
2026-10-10 08:04:43,거여5단지,송파구,거여동,매매,고,59.74,18.07,150000,0,15.0,25,,50013184,https://www.zigbang.com/home/apt/items/50013184
2026-10-10 08:04:43,보화2차,송파구,거여동,매매,고,40.38,12.21,130000,0,13.0,15A,,49976687,https://www.zigbang.com/home/apt/items/49976687
2026-10-10 08:04:43,송파레이크파크호반써밋1차,송파구,거여동,월세,고,108.8119,32.92,80000,140,8.0,41A,,50425059,https://www.zigbang.com/home/apt/items/50425059
2026-10-10 08:04:43,송파레이크파크호반써밋1차,송파구,거여동,월세,고,108.8119,32.92,80000,140,8.0,41A,,50419415,https://www.zigbang.com/home/apt/items/50419415
2026-10-10 08:04:43,송파레이크파크호반써밋1차,송파구,거여동,전세,고,108.8119,32.92,115000,0,11.5,41A,,50424858,https://www.zigbang.com/home/apt/items/50424858
2026-10-10 08:04:43,송파레이크파크호반써밋1차,송파구,거여동,전세,고,108.0459,32.68,115000,0,11.5,42B,,50419494,https://www.zigbang.com/home/apt/items/50419494
2026-10-10 08:04:43,송파레이크파크호반써밋1차,송파구,거여동,매매,중,108.8119,32.92,209000,0,20.9,41A,,50425253,https://www.zigbang.com/home/apt/items/50425253
2026-10-10 08:04:43,송파레이크파크호반써밋1차,송파구,거여동,매매,저,108.8119,32.92,209000,0,20.9,41A,,48858350,https://www.zigbang.com/home/apt/items/48858350
2026-10-10 08:04:43,송파레이크파크호반써밋1차,송파구,거여동,매매,중,108.8119,32.92,210000,0,21.0,41A,,48404828,https://www.zigbang.com/home/apt/items/48404828
2026-10-10 08:04:43,송파레이크파크호반써밋1차,송파구,거여동,매매,고,108.0459,32.68,220000,0,22.0,42B,,50404001,https://www.zigbang.com/home/apt/items/50404001
2026-10-10 08:04:43,송파레이크파크호반써밋1차,송파구,거여동,매매,고,108.8119,32.92,220000,0,22.0,41A,,49952393,https://www.zigbang.com/home/apt/items/49952393
2026-10-10 08:04:43,송파레이크파크호반써밋2차,송파구,거여동,매매,7,108.8109,32.92,227000,0,22.7,41C,,49977811,https://www.zigbang.com/home/apt/items/49977811
2026-10-10 08:04:43,송파레이크파크호반써밋2차,송파구,거여동,매매,20,108.8109,32.92,235000,0,23.5,41C,,50399920,https://www.zigbang.com/home/apt/items/50399920
2026-10-10 08:04:43,송파레이크파크호반써밋2차,송파구,거여동,매매,13,108.8119,32.92,240000,0,24.0,41A,,49391124,https://www.zigbang.com/home/apt/items/49391124
2026-10-10 08:04:43,송파레이크파크호반써밋2차,송파구,거여동,매매,고,108.8109,32.92,280000,0,28.0,41C,,50140356,https://www.zigbang.com/home/apt/items/50140356
2026-10-10 08:04:43,송파레이크파크호반써밋2차,송파구,거여동,매매,중,108.8109,32.92,290000,0,29.0,41C,,46667888,https://www.zigbang.com/home/apt/items/46667888
2026-10-10 08:04:43,송파레이크힐,송파구,거여동,월세,중,64.94,19.64,20000,260,2.0,25A,,50541744,https://www.zigbang.com/home/apt/items/50541744
2026-10-10 08:04:43,송파레이크힐,송파구,거여동,월세,고,84.92,25.69,30000,300,3.0,33C,,49978691,https://www.zigbang.com/home/apt/items/49978691
2026-10-10 08:04:43,송파레이크힐,송파구,거여동,월세,저,84.75,25.64,40000,240,4.0,33A,,50438047,https://www.zigbang.com/home/apt/items/50438047
2026-10-10 08:04:43,송파레이크힐,송파구,거여동,월세,5,84.75,25.64,60000,160,6.0,33A,,50217206,https://www.zigbang.com/home/apt/items/50217206
2026-10-10 08:04:43,송파레이크힐,송파구,거여동,월세,고,84.75,25.64,70000,100,7.0,33A,,50535243,https://www.zigbang.com/home/apt/items/50535243
2026-10-10 08:04:43,송파레이크힐,송파구,거여동,전세,저,64.94,19.64,78000,0,7.8,25A,,50230192,https://www.zigbang.com/home/apt/items/50230192
2026-10-10 08:04:43,송파레이크힐,송파구,거여동,전세,저,74.9,22.66,84500,0,8.45,29C,,50232305,https://www.zigbang.com/home/apt/items/50232305
2026-10-10 08:04:43,송파레이크힐,송파구,거여동,전세,저,74.9,22.66,85000,0,8.5,29E,,49930393,https://www.zigbang.com/home/apt/items/49930393
2026-10-10 08:04:43,송파레이크힐,송파구,거여동,전세,중,84.75,25.64,93000,0,9.3,33A,,50586260,https://www.zigbang.com/home/apt/items/50586260
2026-10-10 08:04:43,송파레이크힐,송파구,거여동,전세,고,84.75,25.64,95000,0,9.5,33A,,50568139,https://www.zigbang.com/home/apt/items/50568139
2026-10-10 08:04:43,송파레이크힐,송파구,거여동,전세,중,84.75,25.64,98000,0,9.8,33A,,50447773,https://www.zigbang.com/home/apt/items/50447773
2026-10-10 08:04:43,송파레이크힐,송파구,거여동,전세,저,84.75,25.64,99000,0,9.9,33A,,50577327,https://www.zigbang.com/home/apt/items/50577327
2026-10-10 08:04:43,송파레이크힐,송파구,거여동,전세,5,84.75,25.64,100000,0,10.0,33A,,50217199,https://www.zigbang.com/home/apt/items/50217199
2026-10-10 08:04:43,송파레이크힐,송파구,거여동,전세,중,84.75,25.64,100000,0,10.0,33A,,50034583,https://www.zigbang.com/home/apt/items/50034583
2026-10-10 08:04:43,송파레이크힐,송파구,거여동,전세,중,84.75,25.64,100000,0,10.0,33A,,50597103,https://www.zigbang.com/home/apt/items/50597103
2026-10-10 08:04:43,송파레이크힐,송파구,거여동,매매,저,64.94,19.64,168000,0,16.8,25A,,49489943,https://www.zigbang.com/home/apt/items/49489943
2026-10-10 08:04:43,송파레이크힐,송파구,거여동,매매,고,64.94,19.64,168000,0,16.8,25A,,50323686,https://www.zigbang.com/home/apt/items/50323686
2026-10-10 08:04:43,송파레이크힐,송파구,거여동,매매,중,64.94,19.64,169000,0,16.9,25A,,49938033,https://www.zigbang.com/home/apt/items/49938033
2026-10-10 08:04:43,송파레이크힐,송파구,거여동,매매,중,64.94,19.64,170000,0,17.0,25A,,50294515,https://www.zigbang.com/home/apt/items/50294515
2026-10-10 08:04:43,송파레이크힐,송파구,거여동,매매,고,64.94,19.64,171000,0,17.1,25A,,50387554,https://www.zigbang.com/home/apt/items/50387554
2026-10-10 08:04:43,송파레이크힐,송파구,거여동,매매,중,64.94,19.64,175000,0,17.5,25A,,50322157,https://www.zigbang.com/home/apt/items/50322157
2026-10-10 08:04:43,송파레이크힐,송파구,거여동,매매,5,64.94,19.64,175000,0,17.5,25A,,50438479,https://www.zigbang.com/home/apt/items/50438479
2026-10-10 08:04:43,송파레이크힐,송파구,거여동,매매,1,64.94,19.64,175000,0,17.5,25A,,50089689,https://www.zigbang.com/home/apt/items/50089689
2026-10-10 08:04:43,송파레이크힐,송파구,거여동,매매,14,64.94,19.64,180000,0,18.0,25A,,50219428,https://www.zigbang.com/home/apt/items/50219428
2026-10-10 08:04:43,송파레이크힐,송파구,거여동,매매,저,74.96,22.68,185000,0,18.5,29B,,50575543,https://www.zigbang.com/home/apt/items/50575543
2026-10-10 08:04:43,송파레이크힐,송파구,거여동,매매,중,74.93,22.67,185000,0,18.5,29D,,50426658,https://www.zigbang.com/home/apt/items/50426658
2026-10-10 08:04:43,송파레이크힐,송파구,거여동,매매,저,74.9,22.66,187000,0,18.7,29C,,50525000,https://www.zigbang.com/home/apt/items/50525000
2026-10-10 08:04:43,송파레이크힐,송파구,거여동,매매,중,64.94,19.64,190000,0,19.0,25A,,50625306,https://www.zigbang.com/home/apt/items/50625306
2026-10-10 08:04:43,송파레이크힐,송파구,거여동,매매,저,74.9,22.66,190000,0,19.0,29E,,49362815,https://www.zigbang.com/home/apt/items/49362815
2026-10-10 08:04:43,송파레이크힐,송파구,거여동,매매,중,74.96,22.68,190000,0,19.0,29B,,49350405,https://www.zigbang.com/home/apt/items/49350405
2026-10-10 08:04:43,송파레이크힐,송파구,거여동,매매,저,74.9,22.66,200000,0,20.0,29E,,49051584,https://www.zigbang.com/home/apt/items/49051584
2026-10-10 08:04:43,송파레이크힐,송파구,거여동,매매,중,84.75,25.64,205000,0,20.5,33A,,50342785,https://www.zigbang.com/home/apt/items/50342785
2026-10-10 08:04:43,송파레이크힐,송파구,거여동,매매,저,84.75,25.64,210000,0,21.0,33A,,49561855,https://www.zigbang.com/home/apt/items/49561855
2026-10-10 08:04:43,송파레이크힐,송파구,거여동,매매,저,84.75,25.64,220000,0,22.0,33A,,50502099,https://www.zigbang.com/home/apt/items/50502099
2026-10-10 08:04:43,송파레이크힐,송파구,거여동,매매,5,84.75,25.64,220000,0,22.0,33A,,248427,https://www.zigbang.com/home/apt/items/248427
2026-10-10 08:04:43,송파레이크힐,송파구,거여동,매매,중,84.75,25.64,220000,0,22.0,33A,,49540387,https://www.zigbang.com/home/apt/items/49540387
2026-10-10 08:04:43,송파레이크힐,송파구,거여동,매매,고,84.75,25.64,230000,0,23.0,33A,,50427903,https://www.zigbang.com/home/apt/items/50427903
2026-10-10 08:04:43,송파레이크힐,송파구,거여동,매매,고,84.75,25.64,230000,0,23.0,33A,,50393265,https://www.zigbang.com/home/apt/items/50393265
2026-10-10 08:04:43,송파시그니처롯데캐슬,송파구,거여동,월세,저,59.98,18.14,30000,220,3.0,25,,50576822,https://www.zigbang.com/home/apt/items/50576822
2026-10-10 08:04:43,송파시그니처롯데캐슬,송파구,거여동,월세,저,84.98,25.71,35000,240,3.5,33B,,49815484,https://www.zigbang.com/home/apt/items/49815484
2026-10-10 08:04:43,송파시그니처롯데캐슬,송파구,거여동,월세,저,84.98,25.71,35000,260,3.5,33B,,49803782,https://www.zigbang.com/home/apt/items/49803782
2026-10-10 08:04:43,송파시그니처롯데캐슬,송파구,거여동,월세,중,59.98,18.14,60000,100,6.0,25,,50576770,https://www.zigbang.com/home/apt/items/50576770
2026-10-10 08:04:43,송파시그니처롯데캐슬,송파구,거여동,전세,중,59.98,18.14,89000,0,8.9,25,,50553747,https://www.zigbang.com/home/apt/items/50553747
2026-10-10 08:04:43,송파시그니처롯데캐슬,송파구,거여동,전세,3,84.98,25.71,100000,0,10.0,33B,,50389231,https://www.zigbang.com/home/apt/items/50389231
2026-10-10 08:04:43,송파시그니처롯데캐슬,송파구,거여동,전세,2,84.98,25.71,105000,0,10.5,33A,,50638997,https://www.zigbang.com/home/apt/items/50638997
2026-10-10 08:04:43,송파시그니처롯데캐슬,송파구,거여동,전세,고,84.98,25.71,110000,0,11.0,34C,,50553167,https://www.zigbang.com/home/apt/items/50553167
2026-10-10 08:04:43,송파시그니처롯데캐슬,송파구,거여동,매매,27,59.98,18.14,185000,0,18.5,26B,,50573958,https://www.zigbang.com/home/apt/items/50573958
2026-10-10 08:04:43,송파시그니처롯데캐슬,송파구,거여동,매매,저,59.98,18.14,185000,0,18.5,25,,50633412,https://www.zigbang.com/home/apt/items/50633412
2026-10-10 08:04:43,송파시그니처롯데캐슬,송파구,거여동,매매,중,59.98,18.14,187000,0,18.7,25,,50554092,https://www.zigbang.com/home/apt/items/50554092
2026-10-10 08:04:43,송파시그니처롯데캐슬,송파구,거여동,매매,7,59.98,18.14,187000,0,18.7,26B,,50574559,https://www.zigbang.com/home/apt/items/50574559
2026-10-10 08:04:43,송파시그니처롯데캐슬,송파구,거여동,매매,25,59.98,18.14,190000,0,19.0,25,,50524590,https://www.zigbang.com/home/apt/items/50524590
2026-10-10 08:04:43,송파시그니처롯데캐슬,송파구,거여동,매매,중,59.98,18.14,190000,0,19.0,26B,,50629627,https://www.zigbang.com/home/apt/items/50629627
2026-10-10 08:04:43,송파시그니처롯데캐슬,송파구,거여동,매매,저,84.98,25.71,190000,0,19.0,34B,,50428735,https://www.zigbang.com/home/apt/items/50428735
2026-10-10 08:04:43,송파시그니처롯데캐슬,송파구,거여동,매매,저,84.98,25.71,197000,0,19.7,33A,,50523851,https://www.zigbang.com/home/apt/items/50523851
2026-10-10 08:04:43,송파시그니처롯데캐슬,송파구,거여동,매매,저,84.98,25.71,198000,0,19.8,33A,,50575430,https://www.zigbang.com/home/apt/items/50575430
2026-10-10 08:04:43,송파시그니처롯데캐슬,송파구,거여동,매매,27,59.98,18.14,200000,0,20.0,26B,,50505542,https://www.zigbang.com/home/apt/items/50505542
2026-10-10 08:04:43,송파시그니처롯데캐슬,송파구,거여동,매매,중,59.98,18.14,200000,0,20.0,26B,,50575002,https://www.zigbang.com/home/apt/items/50575002
2026-10-10 08:04:43,송파시그니처롯데캐슬,송파구,거여동,매매,8,84.98,25.71,210000,0,21.0,33A,,50524806,https://www.zigbang.com/home/apt/items/50524806
2026-10-10 08:04:43,송파시그니처롯데캐슬,송파구,거여동,매매,중,84.98,25.71,210000,0,21.0,33B,,50506079,https://www.zigbang.com/home/apt/items/50506079
2026-10-10 08:04:43,송파시그니처롯데캐슬,송파구,거여동,매매,13,84.98,25.71,210000,0,21.0,34B,,50463635,https://www.zigbang.com/home/apt/items/50463635
2026-10-10 08:04:43,송파시그니처롯데캐슬,송파구,거여동,매매,저,84.98,25.71,210000,0,21.0,33A,,50576427,https://www.zigbang.com/home/apt/items/50576427
2026-10-10 08:04:43,송파시그니처롯데캐슬,송파구,거여동,매매,3,84.98,25.71,210000,0,21.0,33B,,49725135,https://www.zigbang.com/home/apt/items/49725135
2026-10-10 08:04:43,송파시그니처롯데캐슬,송파구,거여동,매매,12,84.98,25.71,215000,0,21.5,33B,,50652025,https://www.zigbang.com/home/apt/items/50652025
2026-10-10 08:04:43,송파시그니처롯데캐슬,송파구,거여동,매매,7,84.98,25.71,215000,0,21.5,33B,,50547184,https://www.zigbang.com/home/apt/items/50547184
2026-10-10 08:04:43,송파시그니처롯데캐슬,송파구,거여동,매매,19,84.98,25.71,220000,0,22.0,33A,,50520944,https://www.zigbang.com/home/apt/items/50520944
2026-10-10 08:04:43,송파시그니처롯데캐슬,송파구,거여동,매매,9,84.98,25.71,220000,0,22.0,33A,,50508120,https://www.zigbang.com/home/apt/items/50508120
2026-10-10 08:04:43,송파시그니처롯데캐슬,송파구,거여동,매매,6,84.98,25.71,220000,0,22.0,33A,,50503763,https://www.zigbang.com/home/apt/items/50503763
2026-10-10 08:04:43,송파시그니처롯데캐슬,송파구,거여동,매매,22,84.98,25.71,220000,0,22.0,33A,,255762,https://www.zigbang.com/home/apt/items/255762
2026-10-10 08:04:43,송파시그니처롯데캐슬,송파구,거여동,매매,33,84.98,25.71,225000,0,22.5,34C,,50505890,https://www.zigbang.com/home/apt/items/50505890
2026-10-10 08:04:43,송파시그니처롯데캐슬,송파구,거여동,매매,9,84.98,25.71,227000,0,22.7,34,,49081357,https://www.zigbang.com/home/apt/items/49081357
2026-10-10 08:04:43,송파시그니처롯데캐슬,송파구,거여동,매매,26,84.98,25.71,230000,0,23.0,33A,,50525208,https://www.zigbang.com/home/apt/items/50525208
2026-10-10 08:04:43,송파시그니처롯데캐슬,송파구,거여동,매매,15,84.98,25.71,230000,0,23.0,34,,50506277,https://www.zigbang.com/home/apt/items/50506277
2026-10-10 08:04:43,송파시그니처롯데캐슬,송파구,거여동,매매,9,84.98,25.71,230000,0,23.0,34C,,50257425,https://www.zigbang.com/home/apt/items/50257425
2026-10-10 08:04:43,송파시그니처롯데캐슬,송파구,거여동,매매,중,84.98,25.71,230000,0,23.0,33A,,50055306,https://www.zigbang.com/home/apt/items/50055306
2026-10-10 08:04:43,송파시그니처롯데캐슬,송파구,거여동,매매,16,84.98,25.71,250000,0,25.0,34C,,49081734,https://www.zigbang.com/home/apt/items/49081734
2026-10-10 08:04:43,송파시그니처롯데캐슬,송파구,거여동,매매,5,108.98,32.97,260000,0,26.0,41,,50506479,https://www.zigbang.com/home/apt/items/50506479
2026-10-10 08:04:43,송파시그니처롯데캐슬,송파구,거여동,매매,13,108.98,32.97,320000,0,32.0,41,,177300,https://www.zigbang.com/home/apt/items/177300
2026-10-10 08:04:43,송파위례리슈빌,송파구,거여동,매매,고,111.5354,33.74,230000,0,23.0,42,,50426255,https://www.zigbang.com/home/apt/items/50426255
2026-10-10 08:04:43,송파위례리슈빌,송파구,거여동,매매,중,105.4624,31.9,240000,0,24.0,40,,49395204,https://www.zigbang.com/home/apt/items/49395204
2026-10-10 08:04:43,송파위례리슈빌,송파구,거여동,매매,고,105.4624,31.9,250000,0,25.0,40,,49711474,https://www.zigbang.com/home/apt/items/49711474
2026-10-10 08:04:43,송파위례리슈빌,송파구,거여동,매매,고,105.4624,31.9,260000,0,26.0,40,,50426357,https://www.zigbang.com/home/apt/items/50426357
2026-10-10 08:04:43,송파위례리슈빌,송파구,거여동,매매,5,116.6104,35.27,290000,0,29.0,44A,,49349598,https://www.zigbang.com/home/apt/items/49349598
2026-10-10 08:04:43,쌍용스윗닷홈거여역1차,송파구,거여동,매매,7,84.95,25.7,130000,0,13.0,31,,250237,https://www.zigbang.com/home/apt/items/250237
2026-10-10 08:04:43,쌍용스윗닷홈거여역1차,송파구,거여동,매매,중,84.95,25.7,145000,0,14.5,31,,50391340,https://www.zigbang.com/home/apt/items/50391340
2026-10-10 08:04:43,포레나송파,송파구,거여동,월세,고,80.36,24.31,15000,320,1.5,31C,,50652830,https://www.zigbang.com/home/apt/items/50652830
2026-10-10 08:04:43,포레나송파,송파구,거여동,월세,고,84.8,25.65,20000,320,2.0,33A,,50532842,https://www.zigbang.com/home/apt/items/50532842
2026-10-10 08:04:43,포레나송파,송파구,거여동,월세,중,84.8,25.65,35000,250,3.5,33A,,50506419,https://www.zigbang.com/home/apt/items/50506419
2026-10-10 08:04:43,포레나송파,송파구,거여동,월세,저,75.6,22.87,40000,190,4.0,30B,,50329675,https://www.zigbang.com/home/apt/items/50329675
2026-10-10 08:04:43,포레나송파,송파구,거여동,월세,중,84.6,25.59,50000,200,5.0,33B,,50603918,https://www.zigbang.com/home/apt/items/50603918
2026-10-10 08:04:43,포레나송파,송파구,거여동,월세,고,70.95,21.46,50000,140,5.0,28B,,50074991,https://www.zigbang.com/home/apt/items/50074991
2026-10-10 08:04:43,포레나송파,송파구,거여동,월세,중,70.65,21.37,60000,80,6.0,28A,,50632955,https://www.zigbang.com/home/apt/items/50632955
2026-10-10 08:04:43,포레나송파,송파구,거여동,월세,저,75.91,22.96,60000,120,6.0,29A,,50270187,https://www.zigbang.com/home/apt/items/50270187
2026-10-10 08:04:43,포레나송파,송파구,거여동,월세,고,75.91,22.96,60000,120,6.0,29A,,50420055,https://www.zigbang.com/home/apt/items/50420055
2026-10-10 08:04:43,포레나송파,송파구,거여동,월세,저,84.8,25.65,60000,140,6.0,33A,,50242784,https://www.zigbang.com/home/apt/items/50242784
2026-10-10 08:04:43,포레나송파,송파구,거여동,월세,저,84.8,25.65,70000,100,7.0,33A,,50286026,https://www.zigbang.com/home/apt/items/50286026
2026-10-10 08:04:43,포레나송파,송파구,거여동,월세,11,70.95,21.46,70000,40,7.0,28B,,49724380,https://www.zigbang.com/home/apt/items/49724380
2026-10-10 08:04:43,포레나송파,송파구,거여동,월세,고,80.72,24.42,70000,80,7.0,31D,,50616521,https://www.zigbang.com/home/apt/items/50616521
2026-10-10 08:04:43,포레나송파,송파구,거여동,전세,고,70.95,21.46,79000,0,7.9,28B,,50363149,https://www.zigbang.com/home/apt/items/50363149
2026-10-10 08:04:43,포레나송파,송파구,거여동,전세,중,70.65,21.37,80000,0,8.0,28A,,50524952,https://www.zigbang.com/home/apt/items/50524952
2026-10-10 08:04:43,포레나송파,송파구,거여동,전세,2,66.83,20.22,80000,0,8.0,26A,,50451007,https://www.zigbang.com/home/apt/items/50451007
2026-10-10 08:04:43,포레나송파,송파구,거여동,전세,저,66.83,20.22,80000,0,8.0,26A,,49819959,https://www.zigbang.com/home/apt/items/49819959
2026-10-10 08:04:43,포레나송파,송파구,거여동,전세,11,70.95,21.46,80000,0,8.0,28B,,49778797,https://www.zigbang.com/home/apt/items/49778797
2026-10-10 08:04:43,포레나송파,송파구,거여동,전세,고,70.65,21.37,80000,0,8.0,28A,,50387047,https://www.zigbang.com/home/apt/items/50387047
2026-10-10 08:04:43,포레나송파,송파구,거여동,전세,고,66.83,20.22,82000,0,8.2,26A,,50188664,https://www.zigbang.com/home/apt/items/50188664
2026-10-10 08:04:43,포레나송파,송파구,거여동,전세,중,70.65,21.37,83000,0,8.3,28A,,50505346,https://www.zigbang.com/home/apt/items/50505346
2026-10-10 08:04:43,포레나송파,송파구,거여동,전세,고,70.95,21.46,83000,0,8.3,28B,,50073131,https://www.zigbang.com/home/apt/items/50073131
2026-10-10 08:04:43,포레나송파,송파구,거여동,전세,고,75.91,22.96,84000,0,8.4,29A,,50390583,https://www.zigbang.com/home/apt/items/50390583
2026-10-10 08:04:43,포레나송파,송파구,거여동,전세,중,80.72,24.42,85000,0,8.5,31D,,50505280,https://www.zigbang.com/home/apt/items/50505280
2026-10-10 08:04:43,포레나송파,송파구,거여동,전세,중,70.99,21.47,85000,0,8.5,28D,,49635080,https://www.zigbang.com/home/apt/items/49635080
2026-10-10 08:04:43,포레나송파,송파구,거여동,전세,고,80.72,24.42,88000,0,8.8,31D,,49884441,https://www.zigbang.com/home/apt/items/49884441
2026-10-10 08:04:43,포레나송파,송파구,거여동,전세,중,80.72,24.42,89000,0,8.9,31D,,49129907,https://www.zigbang.com/home/apt/items/49129907
2026-10-10 08:04:43,포레나송파,송파구,거여동,전세,고,84.8,25.65,90000,0,9.0,33A,,50203307,https://www.zigbang.com/home/apt/items/50203307
2026-10-10 08:04:43,포레나송파,송파구,거여동,전세,5,84.8,25.65,93000,0,9.3,33A,,50065678,https://www.zigbang.com/home/apt/items/50065678
2026-10-10 08:04:43,포레나송파,송파구,거여동,전세,중,84.8,25.65,93000,0,9.3,33A,,49689611,https://www.zigbang.com/home/apt/items/49689611
2026-10-10 08:04:43,포레나송파,송파구,거여동,전세,저,84.8,25.65,95000,0,9.5,33A,,50603263,https://www.zigbang.com/home/apt/items/50603263
2026-10-10 08:04:43,포레나송파,송파구,거여동,매매,중,70.95,21.46,179000,0,17.9,28B,,50471853,https://www.zigbang.com/home/apt/items/50471853
2026-10-10 08:04:43,포레나송파,송파구,거여동,매매,저,66.83,20.22,180000,0,18.0,26A,,49819884,https://www.zigbang.com/home/apt/items/49819884
2026-10-10 08:04:43,포레나송파,송파구,거여동,매매,중,70.95,21.46,185000,0,18.5,28B,,50003830,https://www.zigbang.com/home/apt/items/50003830
2026-10-10 08:04:43,포레나송파,송파구,거여동,매매,저,75.91,22.96,187000,0,18.7,29A,,50341877,https://www.zigbang.com/home/apt/items/50341877
2026-10-10 08:04:43,포레나송파,송파구,거여동,매매,중,66.83,20.22,190000,0,19.0,26A,,50385238,https://www.zigbang.com/home/apt/items/50385238
2026-10-10 08:04:43,포레나송파,송파구,거여동,매매,고,75.91,22.96,190000,0,19.0,29A,,49967027,https://www.zigbang.com/home/apt/items/49967027
2026-10-10 08:04:43,포레나송파,송파구,거여동,매매,고,66.83,20.22,190000,0,19.0,26A,,49673107,https://www.zigbang.com/home/apt/items/49673107
2026-10-10 08:04:43,포레나송파,송파구,거여동,매매,중,70.95,21.46,190000,0,19.0,28B,,48502419,https://www.zigbang.com/home/apt/items/48502419
2026-10-10 08:04:43,포레나송파,송파구,거여동,매매,저,75.91,22.96,192000,0,19.2,29A,,50107801,https://www.zigbang.com/home/apt/items/50107801
2026-10-10 08:04:43,포레나송파,송파구,거여동,매매,중,66.83,20.22,195000,0,19.5,26A,,50265106,https://www.zigbang.com/home/apt/items/50265106
2026-10-10 08:04:43,포레나송파,송파구,거여동,매매,중,80.41,24.32,200000,0,20.0,31A,,50341666,https://www.zigbang.com/home/apt/items/50341666
2026-10-10 08:04:43,포레나송파,송파구,거여동,매매,8,80.36,24.31,200000,0,20.0,31C,,246644,https://www.zigbang.com/home/apt/items/246644
2026-10-10 08:04:43,포레나송파,송파구,거여동,매매,고,80.41,24.32,205000,0,20.5,31A,,50515778,https://www.zigbang.com/home/apt/items/50515778
2026-10-10 08:04:43,포레나송파,송파구,거여동,매매,중,80.72,24.42,205000,0,20.5,31D,,50505193,https://www.zigbang.com/home/apt/items/50505193
2026-10-10 08:04:43,포레나송파,송파구,거여동,매매,중,70.95,21.46,205000,0,20.5,28B,,50640199,https://www.zigbang.com/home/apt/items/50640199
2026-10-10 08:04:43,포레나송파,송파구,거여동,매매,9,80.41,24.32,205000,0,20.5,31A,,49237538,https://www.zigbang.com/home/apt/items/49237538
2026-10-10 08:04:43,포레나송파,송파구,거여동,매매,14,75.91,22.96,205000,0,20.5,29A,,48121863,https://www.zigbang.com/home/apt/items/48121863
2026-10-10 08:04:43,포레나송파,송파구,거여동,매매,고,75.91,22.96,205000,0,20.5,29A,,50568653,https://www.zigbang.com/home/apt/items/50568653
2026-10-10 08:04:43,포레나송파,송파구,거여동,매매,고,80.57,24.37,205000,0,20.5,31E,,50483701,https://www.zigbang.com/home/apt/items/50483701
2026-10-10 08:04:43,포레나송파,송파구,거여동,매매,중,80.57,24.37,206000,0,20.6,31E,,49562340,https://www.zigbang.com/home/apt/items/49562340
2026-10-10 08:04:43,포레나송파,송파구,거여동,매매,고,80.77,24.43,210000,0,21.0,31B,,50514579,https://www.zigbang.com/home/apt/items/50514579
2026-10-10 08:04:43,포레나송파,송파구,거여동,매매,고,80.77,24.43,210000,0,21.0,31B,,50505224,https://www.zigbang.com/home/apt/items/50505224
2026-10-10 08:04:43,포레나송파,송파구,거여동,매매,고,80.41,24.32,210000,0,21.0,31A,,50301106,https://www.zigbang.com/home/apt/items/50301106
2026-10-10 08:04:43,포레나송파,송파구,거여동,매매,저,84.8,25.65,210000,0,21.0,33A,,50207861,https://www.zigbang.com/home/apt/items/50207861
2026-10-10 08:04:43,포레나송파,송파구,거여동,매매,고,75.91,22.96,210000,0,21.0,29A,,50063149,https://www.zigbang.com/home/apt/items/50063149
2026-10-10 08:04:43,포레나송파,송파구,거여동,매매,중,84.8,25.65,210000,0,21.0,33A,,50503589,https://www.zigbang.com/home/apt/items/50503589
2026-10-10 08:04:43,포레나송파,송파구,거여동,매매,중,84.8,25.65,210000,0,21.0,33A,,50475379,https://www.zigbang.com/home/apt/items/50475379
2026-10-10 08:04:43,포레나송파,송파구,거여동,매매,중,84.8,25.65,215000,0,21.5,33A,,50007497,https://www.zigbang.com/home/apt/items/50007497
2026-10-10 08:04:43,포레나송파,송파구,거여동,매매,고,84.8,25.65,215000,0,21.5,33A,,49809701,https://www.zigbang.com/home/apt/items/49809701
2026-10-10 08:04:43,포레나송파,송파구,거여동,매매,중,80.41,24.32,215000,0,21.5,31A,,49612320,https://www.zigbang.com/home/apt/items/49612320
2026-10-10 08:04:43,포레나송파,송파구,거여동,매매,저,75.91,22.96,215000,0,21.5,29A,,48837369,https://www.zigbang.com/home/apt/items/48837369
2026-10-10 08:04:43,포레나송파,송파구,거여동,매매,고,75.91,22.96,215000,0,21.5,29A,,50271760,https://www.zigbang.com/home/apt/items/50271760
2026-10-10 08:04:43,포레나송파,송파구,거여동,매매,중,84.8,25.65,220000,0,22.0,33A,,50265099,https://www.zigbang.com/home/apt/items/50265099
2026-10-10 08:04:43,포레나송파,송파구,거여동,매매,중,80.72,24.42,220000,0,22.0,31D,,49592460,https://www.zigbang.com/home/apt/items/49592460
2026-10-10 08:04:43,포레나송파,송파구,거여동,매매,6,80.69,24.41,220000,0,22.0,31F,,50059010,https://www.zigbang.com/home/apt/items/50059010
2026-10-10 08:04:43,포레나송파,송파구,거여동,매매,고,84.8,25.65,225000,0,22.5,33A,,50063233,https://www.zigbang.com/home/apt/items/50063233
2026-10-10 08:04:43,포레나송파,송파구,거여동,매매,고,84.6,25.59,230000,0,23.0,33B,,49067653,https://www.zigbang.com/home/apt/items/49067653
2026-10-10 08:04:43,포레나송파,송파구,거여동,매매,고,84.8,25.65,250000,0,25.0,33A,,49954182,https://www.zigbang.com/home/apt/items/49954182
2026-10-10 08:04:43,대성,송파구,마천동,매매,6,58.67,17.75,135000,0,13.5,22A,,50293659,https://www.zigbang.com/home/apt/items/50293659
2026-10-10 08:04:43,마천금호어울림1차,송파구,마천동,월세,저,114.81,34.73,10000,380,1.0,44,,50596869,https://www.zigbang.com/home/apt/items/50596869
2026-10-10 08:04:43,송파파크데일2단지,송파구,마천동,매매,7,84.86,25.67,150000,0,15.0,34B,,49597493,https://www.zigbang.com/home/apt/items/49597493
2026-10-10 08:04:43,송파파크데일2단지,송파구,마천동,매매,12,84.99,25.71,180000,0,18.0,34C,,252234,https://www.zigbang.com/home/apt/items/252234
2026-10-10 08:04:43,건영,송파구,문정동,매매,저,84.39,25.53,175000,0,17.5,31,,50482963,https://www.zigbang.com/home/apt/items/50482963
2026-10-10 08:04:43,문정래미안,송파구,문정동,월세,1,120.97,36.59,80000,160,8.0,44,,50341984,https://www.zigbang.com/home/apt/items/50341984
2026-10-10 08:04:43,문정래미안,송파구,문정동,전세,1,120.97,36.59,120000,0,12.0,44,,50343106,https://www.zigbang.com/home/apt/items/50343106
2026-10-10 08:04:43,문정래미안,송파구,문정동,매매,저,120.97,36.59,220000,0,22.0,44,,47035159,https://www.zigbang.com/home/apt/items/47035159
2026-10-10 08:04:43,문정래미안,송파구,문정동,매매,2,133.29,40.32,235000,0,23.5,48,,239776,https://www.zigbang.com/home/apt/items/239776
2026-10-10 08:04:43,문정래미안,송파구,문정동,매매,16,84.96,25.7,240000,0,24.0,34,,187441,https://www.zigbang.com/home/apt/items/187441
2026-10-10 08:04:43,문정래미안,송파구,문정동,매매,7,133.29,40.32,300000,0,30.0,48,,193339,https://www.zigbang.com/home/apt/items/193339
2026-10-10 08:04:43,문정래미안,송파구,문정동,매매,8,133.29,40.32,300000,0,30.0,48,,98893,https://www.zigbang.com/home/apt/items/98893
2026-10-10 08:04:43,문정시영,송파구,문정동,매매,저,25.65,7.76,81000,0,8.1,11,,50167053,https://www.zigbang.com/home/apt/items/50167053
2026-10-10 08:04:43,문정시영,송파구,문정동,매매,저,35.46,10.73,90000,0,9.0,16,,50561708,https://www.zigbang.com/home/apt/items/50561708
2026-10-10 08:04:43,문정시영,송파구,문정동,매매,중,39.69,12.01,118000,0,11.8,18,,50565237,https://www.zigbang.com/home/apt/items/50565237
2026-10-10 08:04:43,문정시영,송파구,문정동,매매,중,39.69,12.01,120000,0,12.0,18,,50558698,https://www.zigbang.com/home/apt/items/50558698
2026-10-10 08:04:43,문정시영,송파구,문정동,매매,4,46.26,13.99,139000,0,13.9,22,,50642085,https://www.zigbang.com/home/apt/items/50642085
2026-10-10 08:04:43,문정시영,송파구,문정동,매매,고,46.26,13.99,150000,0,15.0,22,,48705768,https://www.zigbang.com/home/apt/items/48705768
2026-10-10 08:04:43,송파파크하비오푸르지오,송파구,문정동,매매,중,84.99,25.71,220000,0,22.0,35E,,47369385,https://www.zigbang.com/home/apt/items/47369385
2026-10-10 08:04:43,송파파크하비오푸르지오,송파구,문정동,매매,14,84.97,25.7,235000,0,23.5,35A,,170944,https://www.zigbang.com/home/apt/items/170944
2026-10-10 08:04:43,올림픽훼밀리타운,송파구,문정동,매매,저,136.32,41.24,340000,0,34.0,48,,50645877,https://www.zigbang.com/home/apt/items/50645877
2026-10-10 08:04:43,트윈팰리스,송파구,문정동,매매,9,84.78,25.65,112000,0,11.2,31A,,212084,https://www.zigbang.com/home/apt/items/212084
2026-10-10 08:04:43,현대,송파구,문정동,매매,6,71.52,21.63,110000,0,11.0,27,,243374,https://www.zigbang.com/home/apt/items/243374
2026-10-10 08:04:43,현대,송파구,문정동,매매,고,84.03,25.42,115000,0,11.5,31,,49268342,https://www.zigbang.com/home/apt/items/49268342
2026-10-10 08:04:43,현대,송파구,문정동,매매,고,71.52,21.63,120000,0,12.0,27,,50341079,https://www.zigbang.com/home/apt/items/50341079
2026-10-10 08:04:43,현대,송파구,문정동,매매,고,84.03,25.42,125000,0,12.5,31,,50134986,https://www.zigbang.com/home/apt/items/50134986
2026-10-10 08:04:43,현대,송파구,문정동,매매,3,84.03,25.42,125000,0,12.5,31,,244349,https://www.zigbang.com/home/apt/items/244349
2026-10-10 08:04:43,힐스테이트e편한세상문정,송파구,문정동,월세,고,84.97,25.7,50000,250,5.0,35AB,,50063175,https://www.zigbang.com/home/apt/items/50063175
2026-10-10 08:04:43,힐스테이트e편한세상문정,송파구,문정동,전세,저,59.94,18.13,83000,0,8.3,25A,,50564482,https://www.zigbang.com/home/apt/items/50564482
2026-10-10 08:04:43,힐스테이트e편한세상문정,송파구,문정동,전세,중,74.43,22.51,100000,0,10.0,31D,,50600868,https://www.zigbang.com/home/apt/items/50600868
2026-10-10 08:04:43,힐스테이트e편한세상문정,송파구,문정동,전세,고,74.43,22.51,100000,0,10.0,31D,,50560982,https://www.zigbang.com/home/apt/items/50560982
2026-10-10 08:04:43,힐스테이트e편한세상문정,송파구,문정동,매매,고,49.92,15.1,169000,0,16.9,21A,,50561014,https://www.zigbang.com/home/apt/items/50561014
2026-10-10 08:04:43,힐스테이트e편한세상문정,송파구,문정동,매매,고,49.92,15.1,170000,0,17.0,21A,,50500114,https://www.zigbang.com/home/apt/items/50500114
2026-10-10 08:04:43,힐스테이트e편한세상문정,송파구,문정동,매매,중,49.4,14.94,174000,0,17.4,20B,,50213664,https://www.zigbang.com/home/apt/items/50213664
2026-10-10 08:04:43,힐스테이트e편한세상문정,송파구,문정동,매매,10,49.92,15.1,175000,0,17.5,21A,,50645510,https://www.zigbang.com/home/apt/items/50645510
2026-10-10 08:04:43,힐스테이트e편한세상문정,송파구,문정동,매매,저,59.94,18.13,179000,0,17.9,25A,,50600582,https://www.zigbang.com/home/apt/items/50600582
2026-10-10 08:04:43,힐스테이트e편한세상문정,송파구,문정동,매매,고,59.94,18.13,180000,0,18.0,25A,,50562388,https://www.zigbang.com/home/apt/items/50562388
2026-10-10 08:04:43,힐스테이트e편한세상문정,송파구,문정동,매매,저,59.94,18.13,182000,0,18.2,25A,,48986238,https://www.zigbang.com/home/apt/items/48986238
2026-10-10 08:04:43,힐스테이트e편한세상문정,송파구,문정동,매매,고,59.87,18.11,185000,0,18.5,24B,,50561063,https://www.zigbang.com/home/apt/items/50561063
2026-10-10 08:04:43,힐스테이트e편한세상문정,송파구,문정동,매매,고,59.94,18.13,190000,0,19.0,25A,,50561881,https://www.zigbang.com/home/apt/items/50561881
2026-10-10 08:04:43,힐스테이트e편한세상문정,송파구,문정동,매매,고,59.94,18.13,200000,0,20.0,25A,,50192226,https://www.zigbang.com/home/apt/items/50192226
2026-10-10 08:04:43,힐스테이트e편한세상문정,송파구,문정동,매매,저,59.94,18.13,200000,0,20.0,25A,,48708784,https://www.zigbang.com/home/apt/items/48708784
2026-10-10 08:04:43,힐스테이트e편한세상문정,송파구,문정동,매매,중,74.43,22.51,210000,0,21.0,31C,,50561213,https://www.zigbang.com/home/apt/items/50561213
2026-10-10 08:04:43,힐스테이트e편한세상문정,송파구,문정동,매매,중,59.94,18.13,210000,0,21.0,25A,,48756881,https://www.zigbang.com/home/apt/items/48756881
2026-10-10 08:04:43,힐스테이트e편한세상문정,송파구,문정동,매매,중,74.95,22.67,213000,0,21.3,31B,,50063405,https://www.zigbang.com/home/apt/items/50063405
2026-10-10 08:04:43,힐스테이트e편한세상문정,송파구,문정동,매매,중,74.95,22.67,218000,0,21.8,31B,,49117037,https://www.zigbang.com/home/apt/items/49117037
2026-10-10 08:04:43,힐스테이트e편한세상문정,송파구,문정동,매매,중,74.95,22.67,225000,0,22.5,31B,,49066975,https://www.zigbang.com/home/apt/items/49066975
2026-10-10 08:04:43,힐스테이트e편한세상문정,송파구,문정동,매매,고,74.43,22.51,225000,0,22.5,31D,,49037503,https://www.zigbang.com/home/apt/items/49037503
2026-10-10 08:04:43,힐스테이트e편한세상문정,송파구,문정동,매매,저,74.95,22.67,230000,0,23.0,31B,,49728864,https://www.zigbang.com/home/apt/items/49728864
2026-10-10 08:04:43,힐스테이트e편한세상문정,송파구,문정동,매매,중,74.95,22.67,230000,0,23.0,31B,,48757261,https://www.zigbang.com/home/apt/items/48757261
2026-10-10 08:04:43,힐스테이트e편한세상문정,송파구,문정동,매매,저,84.98,25.71,250000,0,25.0,35CD,,49728777,https://www.zigbang.com/home/apt/items/49728777
2026-10-10 08:04:43,대림,송파구,방이동,전세,9,84.91,25.69,80000,0,8.0,31,,50648114,https://www.zigbang.com/home/apt/items/50648114
2026-10-10 08:04:43,대림,송파구,방이동,전세,5,84.91,25.69,85000,0,8.5,31,,50648117,https://www.zigbang.com/home/apt/items/50648117
2026-10-10 08:04:43,대림,송파구,방이동,매매,4,84.91,25.69,260000,0,26.0,31,,50648121,https://www.zigbang.com/home/apt/items/50648121
2026-10-10 08:04:43,대림,송파구,방이동,매매,1,125.07,37.83,275000,0,27.5,44,,50648130,https://www.zigbang.com/home/apt/items/50648130
2026-10-10 08:04:43,대림,송파구,방이동,매매,저,125.07,37.83,275000,0,27.5,44,,50648128,https://www.zigbang.com/home/apt/items/50648128
2026-10-10 08:04:43,대림,송파구,방이동,매매,10,125.07,37.83,278000,0,27.8,44,,50648154,https://www.zigbang.com/home/apt/items/50648154
2026-10-10 08:04:43,대림,송파구,방이동,매매,10,125.07,37.83,280000,0,28.0,44,,50648159,https://www.zigbang.com/home/apt/items/50648159
2026-10-10 08:04:43,대림,송파구,방이동,매매,1,153.47,46.42,283000,0,28.3,53,,50648165,https://www.zigbang.com/home/apt/items/50648165
2026-10-10 08:04:43,대림,송파구,방이동,매매,7,153.47,46.42,285000,0,28.5,53,,50648178,https://www.zigbang.com/home/apt/items/50648178
2026-10-10 08:04:43,동광팰리스,송파구,방이동,매매,15,23.02,6.96,37000,0,3.7,9B,,239577,https://www.zigbang.com/home/apt/items/239577
2026-10-10 08:04:43,방이금호어울림,송파구,방이동,매매,8,84.3,25.5,168000,0,16.8,32,,233324,https://www.zigbang.com/home/apt/items/233324
2026-10-10 08:04:43,신동아타워,송파구,방이동,매매,고,58.38,17.66,85000,0,8.5,24,,50518848,https://www.zigbang.com/home/apt/items/50518848
2026-10-10 08:04:43,신동아타워,송파구,방이동,매매,17,80.13,24.24,98000,0,9.8,33,,213286,https://www.zigbang.com/home/apt/items/213286
2026-10-10 08:04:43,올림픽베어스타운,송파구,방이동,매매,저,59.37,17.96,130000,0,13.0,23,,50641113,https://www.zigbang.com/home/apt/items/50641113
2026-10-10 08:04:43,올림픽선수기자촌,송파구,방이동,전세,중,83.06,25.13,91000,0,9.1,34,,50446919,https://www.zigbang.com/home/apt/items/50446919
2026-10-10 08:04:43,올림픽선수기자촌,송파구,방이동,전세,고,121.23,36.67,118000,0,11.8,47A,,50472572,https://www.zigbang.com/home/apt/items/50472572
2026-10-10 08:04:43,올림픽선수기자촌,송파구,방이동,매매,중,83.06,25.13,268000,0,26.8,34,,50653798,https://www.zigbang.com/home/apt/items/50653798
2026-10-10 08:04:43,올림픽선수기자촌,송파구,방이동,매매,고,83.06,25.13,270000,0,27.0,34,,50654184,https://www.zigbang.com/home/apt/items/50654184
2026-10-10 08:04:43,올림픽선수기자촌,송파구,방이동,매매,고,83.06,25.13,280000,0,28.0,34,,50229030,https://www.zigbang.com/home/apt/items/50229030
2026-10-10 08:04:43,올림픽선수기자촌,송파구,방이동,매매,고,83.06,25.13,290000,0,29.0,34,,50654220,https://www.zigbang.com/home/apt/items/50654220
2026-10-10 08:04:43,올림픽선수기자촌,송파구,방이동,매매,12,100.82,30.5,310000,0,31.0,40B,,50648378,https://www.zigbang.com/home/apt/items/50648378
2026-10-10 08:04:43,올림픽선수기자촌,송파구,방이동,매매,3,83.06,25.13,310000,0,31.0,34,,49452124,https://www.zigbang.com/home/apt/items/49452124
2026-10-10 08:04:43,올림픽선수기자촌,송파구,방이동,매매,고,100.31,30.34,340000,0,34.0,40A,,50041697,https://www.zigbang.com/home/apt/items/50041697
2026-10-10 08:04:43,올림픽선수기자촌,송파구,방이동,매매,저,100.82,30.5,350000,0,35.0,40B,,50247401,https://www.zigbang.com/home/apt/items/50247401
2026-10-10 08:04:43,올림픽선수기자촌,송파구,방이동,매매,7,126.18,38.17,385000,0,38.5,49,,50648381,https://www.zigbang.com/home/apt/items/50648381
2026-10-10 08:04:43,올림픽선수기자촌,송파구,방이동,매매,4,121.23,36.67,385000,0,38.5,47A,,50516761,https://www.zigbang.com/home/apt/items/50516761
2026-10-10 08:04:43,코오롱,송파구,방이동,월세,2,84.95,25.7,30000,240,3.0,33,,50648230,https://www.zigbang.com/home/apt/items/50648230
2026-10-10 08:04:43,코오롱,송파구,방이동,월세,10,84.95,25.7,50000,200,5.0,33,,50648236,https://www.zigbang.com/home/apt/items/50648236
2026-10-10 08:04:43,코오롱,송파구,방이동,매매,8,84.95,25.7,220000,0,22.0,33,,50648242,https://www.zigbang.com/home/apt/items/50648242
2026-10-10 08:04:43,코오롱,송파구,방이동,매매,9,84.95,25.7,220000,0,22.0,33,,50648239,https://www.zigbang.com/home/apt/items/50648239
2026-10-10 08:04:43,코오롱,송파구,방이동,매매,10,84.95,25.7,220000,0,22.0,33,,50607440,https://www.zigbang.com/home/apt/items/50607440
2026-10-10 08:04:43,코오롱,송파구,방이동,매매,15,84.95,25.7,220000,0,22.0,33,,50607202,https://www.zigbang.com/home/apt/items/50607202
2026-10-10 08:04:43,코오롱,송파구,방이동,매매,10,84.95,25.7,225000,0,22.5,33,,50648254,https://www.zigbang.com/home/apt/items/50648254
2026-10-10 08:04:43,코오롱,송파구,방이동,매매,11,84.95,25.7,225000,0,22.5,33,,50607255,https://www.zigbang.com/home/apt/items/50607255
2026-10-10 08:04:43,잠실한솔,송파구,석촌동,매매,고,59.86,18.11,190000,0,19.0,23A,,50367155,https://www.zigbang.com/home/apt/items/50367155
2026-10-10 08:04:43,가락삼익맨숀,송파구,송파동,매매,8,84.82,25.66,270000,0,27.0,31,,50580373,https://www.zigbang.com/home/apt/items/50580373
2026-10-10 08:04:43,가락삼익맨숀,송파구,송파동,매매,11,84.82,25.66,275000,0,27.5,31,,50484880,https://www.zigbang.com/home/apt/items/50484880
2026-10-10 08:04:43,가락삼익맨숀,송파구,송파동,매매,중,108.33,32.77,275000,0,27.5,38,,50204329,https://www.zigbang.com/home/apt/items/50204329
2026-10-10 08:04:43,가락삼익맨숀,송파구,송파동,매매,2,127.8,38.66,310000,0,31.0,45,,50484924,https://www.zigbang.com/home/apt/items/50484924
2026-10-10 08:04:43,경남레이크파크,송파구,송파동,매매,고,149.89,45.34,240000,0,24.0,55,,50161511,https://www.zigbang.com/home/apt/items/50161511
2026-10-10 08:04:43,송파삼성래미안,송파구,송파동,매매,고,87.98,26.61,228000,0,22.8,36,,50629963,https://www.zigbang.com/home/apt/items/50629963
2026-10-10 08:04:43,송파센텀레이크,송파구,송파동,매매,3,69.4109,21.0,180000,0,18.0,25A3,,194534,https://www.zigbang.com/home/apt/items/194534
2026-10-10 08:04:43,송파역마에스트로,송파구,송파동,매매,중,44.5364,13.47,115000,0,11.5,20,,49495292,https://www.zigbang.com/home/apt/items/49495292
2026-10-10 08:04:43,송파역마에스트로,송파구,송파동,매매,저,52.5039,15.88,118000,0,11.8,23,,49482967,https://www.zigbang.com/home/apt/items/49482967
2026-10-10 08:04:43,송파역마에스트로,송파구,송파동,매매,중,44.5364,13.47,120000,0,12.0,20,,49482227,https://www.zigbang.com/home/apt/items/49482227
2026-10-10 08:04:43,송파역마에스트로,송파구,송파동,매매,고,52.5039,15.88,135000,0,13.5,23,,49483738,https://www.zigbang.com/home/apt/items/49483738
2026-10-10 08:04:43,송파파밀리에더퍼스트,송파구,송파동,매매,6,84.8357,25.66,199000,0,19.9,31A,,243243,https://www.zigbang.com/home/apt/items/243243
2026-10-10 08:04:43,잠실더샵루벤,송파구,송파동,월세,고,106.8873,32.33,50000,320,5.0,40A,,50630032,https://www.zigbang.com/home/apt/items/50630032
2026-10-10 08:04:43,잠실더샵루벤,송파구,송파동,매매,6,106.8873,32.33,250000,0,25.0,40A,,50417792,https://www.zigbang.com/home/apt/items/50417792
2026-10-10 08:04:43,잠실더샵루벤,송파구,송파동,매매,중,106.8873,32.33,260000,0,26.0,40A,,50650015,https://www.zigbang.com/home/apt/items/50650015
2026-10-10 08:04:43,잠실더샵루벤,송파구,송파동,매매,12,106.8571,32.32,300000,0,30.0,40C,,241584,https://www.zigbang.com/home/apt/items/241584
2026-10-10 08:04:43,한양1차,송파구,송파동,매매,고,105.52,31.92,235000,0,23.5,34,,50219710,https://www.zigbang.com/home/apt/items/50219710
2026-10-10 08:04:43,한양1차,송파구,송파동,매매,11,137.1,41.47,260000,0,26.0,45,,50219713,https://www.zigbang.com/home/apt/items/50219713
2026-10-10 08:04:43,한양1차,송파구,송파동,매매,저,158.61,47.98,270000,0,27.0,52,,50219718,https://www.zigbang.com/home/apt/items/50219718
2026-10-10 08:04:43,한양2차,송파구,송파동,매매,고,84.92,25.69,252000,0,25.2,32,,50359057,https://www.zigbang.com/home/apt/items/50359057
2026-10-10 08:04:43,한양2차,송파구,송파동,매매,저,108.68,32.88,253000,0,25.3,40,,50219756,https://www.zigbang.com/home/apt/items/50219756
2026-10-10 08:04:43,한양2차,송파구,송파동,매매,중,108.68,32.88,258000,0,25.8,40,,50219761,https://www.zigbang.com/home/apt/items/50219761
2026-10-10 08:04:43,한양2차,송파구,송파동,매매,저,146.96,44.46,269000,0,26.9,52,,50219769,https://www.zigbang.com/home/apt/items/50219769
2026-10-10 08:04:43,현대,송파구,송파동,매매,6,84.96,25.7,200000,0,20.0,33,,239406,https://www.zigbang.com/home/apt/items/239406
2026-10-10 08:04:43,호수임광,송파구,송파동,매매,고,59.78,18.08,140000,0,14.0,23,,50409976,https://www.zigbang.com/home/apt/items/50409976
2026-10-10 08:04:43,더샵스타리버,송파구,신천동,매매,중,171.53,51.89,250000,0,25.0,63A,,50602218,https://www.zigbang.com/home/apt/items/50602218
2026-10-10 08:04:43,웰리스타워,송파구,신천동,매매,중,154.57,46.76,205000,0,20.5,57,,50580698,https://www.zigbang.com/home/apt/items/50580698
2026-10-10 08:04:43,잠실래미안아이파크,송파구,신천동,월세,저,157.92,47.77,10000,500,1.0,62B,,50447846,https://www.zigbang.com/home/apt/items/50447846
2026-10-10 08:04:43,잠실래미안아이파크,송파구,신천동,월세,저,74.96,22.68,10000,450,1.0,32A,,50551451,https://www.zigbang.com/home/apt/items/50551451
2026-10-10 08:04:43,잠실래미안아이파크,송파구,신천동,월세,11,43.73,13.23,10000,400,1.0,21,,50551318,https://www.zigbang.com/home/apt/items/50551318
2026-10-10 08:04:43,잠실래미안아이파크,송파구,신천동,월세,저,43.73,13.23,10000,400,1.0,21,,50211008,https://www.zigbang.com/home/apt/items/50211008
2026-10-10 08:04:43,잠실래미안아이파크,송파구,신천동,월세,3,43.73,13.23,10000,400,1.0,21,,50201086,https://www.zigbang.com/home/apt/items/50201086
2026-10-10 08:04:43,잠실래미안아이파크,송파구,신천동,월세,중,43.73,13.23,10000,400,1.0,21,,49962624,https://www.zigbang.com/home/apt/items/49962624
2026-10-10 08:04:43,잠실래미안아이파크,송파구,신천동,월세,저,157.92,47.77,20000,1000,2.0,62B,,50447710,https://www.zigbang.com/home/apt/items/50447710
2026-10-10 08:04:43,잠실래미안아이파크,송파구,신천동,월세,저,157.92,47.77,20000,1000,2.0,62B,,50630361,https://www.zigbang.com/home/apt/items/50630361
2026-10-10 08:04:43,잠실래미안아이파크,송파구,신천동,월세,고,104.32,31.56,50000,800,5.0,41B,,50325680,https://www.zigbang.com/home/apt/items/50325680
2026-10-10 08:04:43,잠실래미안아이파크,송파구,신천동,전세,22,129.96,39.31,70000,0,7.0,50B,,50219922,https://www.zigbang.com/home/apt/items/50219922
2026-10-10 08:04:43,잠실래미안아이파크,송파구,신천동,전세,고,129.96,39.31,70000,0,7.0,50B,,49519561,https://www.zigbang.com/home/apt/items/49519561
2026-10-10 08:04:43,잠실래미안아이파크,송파구,신천동,월세,고,129.97,39.32,100000,680,10.0,50A,,49569731,https://www.zigbang.com/home/apt/items/49569731
2026-10-10 08:04:43,잠실래미안아이파크,송파구,신천동,전세,저,157.92,47.77,115000,0,11.5,62B,,50325645,https://www.zigbang.com/home/apt/items/50325645
2026-10-10 08:04:43,잠실래미안아이파크,송파구,신천동,전세,5,157.92,47.77,115000,0,11.5,62B,,50207191,https://www.zigbang.com/home/apt/items/50207191
2026-10-10 08:04:43,잠실래미안아이파크,송파구,신천동,월세,저,104.32,31.56,120000,320,12.0,41B,,48911516,https://www.zigbang.com/home/apt/items/48911516
2026-10-10 08:04:43,잠실래미안아이파크,송파구,신천동,전세,9,43.73,13.23,125000,0,12.5,21,,50201150,https://www.zigbang.com/home/apt/items/50201150
2026-10-10 08:04:43,잠실래미안아이파크,송파구,신천동,전세,9,43.73,13.23,130000,0,13.0,21,,50409368,https://www.zigbang.com/home/apt/items/50409368
2026-10-10 08:04:43,잠실래미안아이파크,송파구,신천동,전세,저,59.47,17.99,140000,0,14.0,27A,,50273701,https://www.zigbang.com/home/apt/items/50273701
2026-10-10 08:04:43,잠실래미안아이파크,송파구,신천동,전세,중,59.47,17.99,140000,0,14.0,27A,,50268433,https://www.zigbang.com/home/apt/items/50268433
2026-10-10 08:04:43,잠실래미안아이파크,송파구,신천동,전세,중,59.45,17.98,140000,0,14.0,26B,,47925996,https://www.zigbang.com/home/apt/items/47925996
2026-10-10 08:04:43,잠실래미안아이파크,송파구,신천동,전세,중,84.88,25.68,145000,0,14.5,34A,,50116340,https://www.zigbang.com/home/apt/items/50116340
2026-10-10 08:04:43,잠실래미안아이파크,송파구,신천동,전세,저,59.46,17.99,150000,0,15.0,27C,,50359788,https://www.zigbang.com/home/apt/items/50359788
2026-10-10 08:04:43,잠실래미안아이파크,송파구,신천동,월세,1,118,35.69,150000,360,15.0,46C,,50043205,https://www.zigbang.com/home/apt/items/50043205
2026-10-10 08:04:43,잠실래미안아이파크,송파구,신천동,전세,저,84.88,25.68,150000,0,15.0,34A,,49519420,https://www.zigbang.com/home/apt/items/49519420
2026-10-10 08:04:43,잠실래미안아이파크,송파구,신천동,전세,중,84.88,25.68,160000,0,16.0,34A,,50325663,https://www.zigbang.com/home/apt/items/50325663
2026-10-10 08:04:43,잠실래미안아이파크,송파구,신천동,전세,저,84.88,25.68,165000,0,16.5,34A,,50216198,https://www.zigbang.com/home/apt/items/50216198
2026-10-10 08:04:43,잠실래미안아이파크,송파구,신천동,전세,중,84.88,25.68,165000,0,16.5,34A,,50203786,https://www.zigbang.com/home/apt/items/50203786
2026-10-10 08:04:43,잠실래미안아이파크,송파구,신천동,전세,저,84.88,25.68,165000,0,16.5,34A,,50202585,https://www.zigbang.com/home/apt/items/50202585
2026-10-10 08:04:43,잠실래미안아이파크,송파구,신천동,전세,저,84.88,25.68,180000,0,18.0,34A,,50598893,https://www.zigbang.com/home/apt/items/50598893
2026-10-10 08:04:43,잠실래미안아이파크,송파구,신천동,전세,고,104.24,31.53,200000,0,20.0,41D,,49128806,https://www.zigbang.com/home/apt/items/49128806
2026-10-10 08:04:43,잠실래미안아이파크,송파구,신천동,전세,중,157.92,47.77,210000,0,21.0,62B,,50542059,https://www.zigbang.com/home/apt/items/50542059
2026-10-10 08:04:43,잠실래미안아이파크,송파구,신천동,전세,고,129.96,39.31,230000,0,23.0,50C,,50219947,https://www.zigbang.com/home/apt/items/50219947
2026-10-10 08:04:43,잠실래미안아이파크,송파구,신천동,전세,저,118,35.69,230000,0,23.0,46C,,50360375,https://www.zigbang.com/home/apt/items/50360375
2026-10-10 08:04:43,잠실래미안아이파크,송파구,신천동,전세,중,118,35.69,230000,0,23.0,46C,,49569678,https://www.zigbang.com/home/apt/items/49569678
2026-10-10 08:04:43,잠실래미안아이파크,송파구,신천동,매매,12,43.73,13.23,238000,0,23.8,21,,49629281,https://www.zigbang.com/home/apt/items/49629281
2026-10-10 08:04:43,잠실래미안아이파크,송파구,신천동,전세,저,157.92,47.77,280000,0,28.0,62A,,50219949,https://www.zigbang.com/home/apt/items/50219949
2026-10-10 08:04:43,잠실래미안아이파크,송파구,신천동,전세,5,157.92,47.77,280000,0,28.0,62A,,50202182,https://www.zigbang.com/home/apt/items/50202182
2026-10-10 08:04:43,잠실래미안아이파크,송파구,신천동,매매,고,74.96,22.68,375000,0,37.5,32A,,49234884,https://www.zigbang.com/home/apt/items/49234884
2026-10-10 08:04:43,잠실래미안아이파크,송파구,신천동,매매,중,84.88,25.68,410000,0,41.0,34A,,50044389,https://www.zigbang.com/home/apt/items/50044389
2026-10-10 08:04:43,잠실래미안아이파크,송파구,신천동,매매,중,84.88,25.68,410000,0,41.0,34A,,50208651,https://www.zigbang.com/home/apt/items/50208651
2026-10-10 08:04:43,잠실래미안아이파크,송파구,신천동,매매,17,84.99,25.71,420000,0,42.0,34C,,49234847,https://www.zigbang.com/home/apt/items/49234847
2026-10-10 08:04:43,잠실래미안아이파크,송파구,신천동,매매,중,84.99,25.71,420000,0,42.0,34C,,50059509,https://www.zigbang.com/home/apt/items/50059509
2026-10-10 08:04:43,잠실래미안아이파크,송파구,신천동,매매,중,84.99,25.71,420000,0,42.0,34B,,49738646,https://www.zigbang.com/home/apt/items/49738646
2026-10-10 08:04:43,잠실래미안아이파크,송파구,신천동,매매,중,84.99,25.71,420000,0,42.0,34C,,49560175,https://www.zigbang.com/home/apt/items/49560175
2026-10-10 08:04:43,잠실래미안아이파크,송파구,신천동,매매,고,84.88,25.68,430000,0,43.0,34A,,50623597,https://www.zigbang.com/home/apt/items/50623597
2026-10-10 08:04:43,잠실래미안아이파크,송파구,신천동,매매,저,84.88,25.68,435000,0,43.5,34A,,50325615,https://www.zigbang.com/home/apt/items/50325615
2026-10-10 08:04:43,잠실래미안아이파크,송파구,신천동,매매,중,84.96,25.7,440000,0,44.0,34D,,50612293,https://www.zigbang.com/home/apt/items/50612293
2026-10-10 08:04:43,잠실래미안아이파크,송파구,신천동,매매,고,84.99,25.71,450000,0,45.0,34C,,50341012,https://www.zigbang.com/home/apt/items/50341012
2026-10-10 08:04:43,잠실래미안아이파크,송파구,신천동,매매,고,84.99,25.71,450000,0,45.0,34C,,50161536,https://www.zigbang.com/home/apt/items/50161536
2026-10-10 08:04:43,잠실래미안아이파크,송파구,신천동,매매,31,84.99,25.71,450000,0,45.0,34C,,49497197,https://www.zigbang.com/home/apt/items/49497197
2026-10-10 08:04:43,잠실래미안아이파크,송파구,신천동,매매,고,84.99,25.71,450000,0,45.0,34C,,50043244,https://www.zigbang.com/home/apt/items/50043244
2026-10-10 08:04:43,잠실래미안아이파크,송파구,신천동,매매,중,84.88,25.68,460000,0,46.0,34A,,49023801,https://www.zigbang.com/home/apt/items/49023801
2026-10-10 08:04:43,잠실래미안아이파크,송파구,신천동,매매,중,104.24,31.53,500000,0,50.0,41D,,50563724,https://www.zigbang.com/home/apt/items/50563724
2026-10-10 08:04:43,잠실래미안아이파크,송파구,신천동,매매,고,84.96,25.7,510000,0,51.0,34D,,50284964,https://www.zigbang.com/home/apt/items/50284964
2026-10-10 08:04:43,잠실래미안아이파크,송파구,신천동,매매,고,104.32,31.56,530000,0,53.0,41C,,50325571,https://www.zigbang.com/home/apt/items/50325571
2026-10-10 08:04:43,잠실래미안아이파크,송파구,신천동,매매,중,104.32,31.56,550000,0,55.0,41C,,50044741,https://www.zigbang.com/home/apt/items/50044741
2026-10-10 08:04:43,잠실래미안아이파크,송파구,신천동,매매,중,104.32,31.56,550000,0,55.0,41C,,49966697,https://www.zigbang.com/home/apt/items/49966697
2026-10-10 08:04:43,잠실래미안아이파크,송파구,신천동,매매,21,104.32,31.56,550000,0,55.0,41C,,50219926,https://www.zigbang.com/home/apt/items/50219926
2026-10-10 08:04:43,잠실래미안아이파크,송파구,신천동,매매,1,118,35.69,550000,0,55.0,46C,,49023750,https://www.zigbang.com/home/apt/items/49023750
2026-10-10 08:04:43,잠실래미안아이파크,송파구,신천동,매매,저,129.96,39.31,550000,0,55.0,50B,,50208664,https://www.zigbang.com/home/apt/items/50208664
2026-10-10 08:04:43,잠실래미안아이파크,송파구,신천동,매매,저,118,35.69,550000,0,55.0,46B,,49349786,https://www.zigbang.com/home/apt/items/49349786
2026-10-10 08:04:43,잠실래미안아이파크,송파구,신천동,매매,8,157.92,47.77,650000,0,65.0,62B,,50206139,https://www.zigbang.com/home/apt/items/50206139
2026-10-10 08:04:43,잠실래미안아이파크,송파구,신천동,매매,저,157.92,47.77,675000,0,67.5,62A,,50044719,https://www.zigbang.com/home/apt/items/50044719
2026-10-10 08:04:43,잠실래미안아이파크,송파구,신천동,매매,6,157.92,47.77,700000,0,70.0,62A,,49579205,https://www.zigbang.com/home/apt/items/49579205
2026-10-10 08:04:43,잠실래미안아이파크,송파구,신천동,매매,중,129.97,39.32,750000,0,75.0,50A,,50204715,https://www.zigbang.com/home/apt/items/50204715
2026-10-10 08:04:43,잠실롯데캐슬골드,송파구,신천동,전세,중,148.15,44.82,170000,0,17.0,57,,50272268,https://www.zigbang.com/home/apt/items/50272268
2026-10-10 08:04:43,잠실롯데캐슬골드,송파구,신천동,전세,중,148.15,44.82,170000,0,17.0,57,,50272240,https://www.zigbang.com/home/apt/items/50272240
2026-10-10 08:04:43,잠실롯데캐슬골드,송파구,신천동,전세,저,166.7,50.43,180000,0,18.0,65A,,50272296,https://www.zigbang.com/home/apt/items/50272296
2026-10-10 08:04:43,잠실롯데캐슬골드,송파구,신천동,전세,중,187.65,56.76,220000,0,22.0,73,,50272326,https://www.zigbang.com/home/apt/items/50272326
2026-10-10 08:04:43,잠실롯데캐슬골드,송파구,신천동,매매,저,148.15,44.82,310000,0,31.0,57,,50580697,https://www.zigbang.com/home/apt/items/50580697
2026-10-10 08:04:43,잠실롯데캐슬골드,송파구,신천동,매매,중,187.65,56.76,335000,0,33.5,73,,50578863,https://www.zigbang.com/home/apt/items/50578863
2026-10-10 08:04:43,잠실롯데캐슬골드,송파구,신천동,전세,고,243.4,73.63,450000,0,45.0,94,,50272358,https://www.zigbang.com/home/apt/items/50272358
2026-10-10 08:04:43,잠실르엘,송파구,신천동,월세,중,84.83,25.66,2000,120,0.2,33C,,50568983,https://www.zigbang.com/home/apt/items/50568983
2026-10-10 08:04:43,잠실르엘,송파구,신천동,월세,고,59.87,18.11,30000,420,3.0,25A,,49954330,https://www.zigbang.com/home/apt/items/49954330
2026-10-10 08:04:43,잠실르엘,송파구,신천동,월세,중,59.87,18.11,40000,380,4.0,25A,,50507700,https://www.zigbang.com/home/apt/items/50507700
2026-10-10 08:04:43,잠실르엘,송파구,신천동,월세,고,59.87,18.11,50000,400,5.0,25A,,50044415,https://www.zigbang.com/home/apt/items/50044415
2026-10-10 08:04:43,잠실르엘,송파구,신천동,월세,중,126.16,38.16,50000,1000,5.0,50,,50537157,https://www.zigbang.com/home/apt/items/50537157
2026-10-10 08:04:43,잠실르엘,송파구,신천동,월세,중,59.8151,18.09,90000,200,9.0,25B,,50641234,https://www.zigbang.com/home/apt/items/50641234
2026-10-10 08:04:43,잠실르엘,송파구,신천동,월세,중,59.8151,18.09,90000,200,9.0,25B,,50560556,https://www.zigbang.com/home/apt/items/50560556
2026-10-10 08:04:43,잠실르엘,송파구,신천동,월세,중,59.87,18.11,90000,200,9.0,25A,,50533379,https://www.zigbang.com/home/apt/items/50533379
2026-10-10 08:04:43,잠실르엘,송파구,신천동,월세,저,59.87,18.11,100000,240,10.0,25A,,49720187,https://www.zigbang.com/home/apt/items/49720187
2026-10-10 08:04:43,잠실르엘,송파구,신천동,월세,고,126.16,38.16,170000,520,17.0,50,,49522145,https://www.zigbang.com/home/apt/items/49522145
2026-10-10 08:04:43,잠실르엘,송파구,신천동,월세,저,74.37,22.5,170000,80,17.0,30A,,50547489,https://www.zigbang.com/home/apt/items/50547489
2026-10-10 08:04:43,잠실르엘,송파구,신천동,전세,2,74.37,22.5,175000,0,17.5,30A,,50217454,https://www.zigbang.com/home/apt/items/50217454
2026-10-10 08:04:43,잠실르엘,송파구,신천동,전세,27,84.87,25.67,180000,0,18.0,33A,,50392499,https://www.zigbang.com/home/apt/items/50392499
2026-10-10 08:04:43,잠실르엘,송파구,신천동,전세,저,74.37,22.5,180000,0,18.0,30A,,50204246,https://www.zigbang.com/home/apt/items/50204246
2026-10-10 08:04:43,잠실르엘,송파구,신천동,월세,고,84.87,25.67,180000,1,18.0,33A,,50059467,https://www.zigbang.com/home/apt/items/50059467
2026-10-10 08:04:43,잠실르엘,송파구,신천동,전세,중,84.83,25.66,184000,0,18.4,33C,,50360457,https://www.zigbang.com/home/apt/items/50360457
2026-10-10 08:04:43,잠실르엘,송파구,신천동,전세,고,84.83,25.66,190000,0,19.0,33C,,50507404,https://www.zigbang.com/home/apt/items/50507404
2026-10-10 08:04:43,잠실르엘,송파구,신천동,전세,고,95.07,28.76,195000,0,19.5,37,,50325599,https://www.zigbang.com/home/apt/items/50325599
2026-10-10 08:04:43,잠실르엘,송파구,신천동,월세,고,126.16,38.16,200000,400,20.0,50,,50086023,https://www.zigbang.com/home/apt/items/50086023
2026-10-10 08:04:43,잠실르엘,송파구,신천동,전세,고,145.55,44.03,220000,0,22.0,57,,48483361,https://www.zigbang.com/home/apt/items/48483361
2026-10-10 08:04:43,잠실르엘,송파구,신천동,전세,중,126.16,38.16,230000,0,23.0,50,,49738647,https://www.zigbang.com/home/apt/items/49738647
2026-10-10 08:04:43,잠실르엘,송파구,신천동,전세,중,95.07,28.76,230000,0,23.0,37,,49500639,https://www.zigbang.com/home/apt/items/49500639
2026-10-10 08:04:43,잠실르엘,송파구,신천동,전세,중,95.07,28.76,250000,0,25.0,37,,49783095,https://www.zigbang.com/home/apt/items/49783095
2026-10-10 08:04:43,잠실르엘,송파구,신천동,전세,18,106.82,32.31,260000,0,26.0,42,,50559486,https://www.zigbang.com/home/apt/items/50559486
2026-10-10 08:04:43,잠실르엘,송파구,신천동,전세,고,126.16,38.16,300000,0,30.0,50,,50045573,https://www.zigbang.com/home/apt/items/50045573
2026-10-10 08:04:43,잠실르엘,송파구,신천동,매매,저,59.8151,18.09,330000,0,33.0,25B,,50651448,https://www.zigbang.com/home/apt/items/50651448
2026-10-10 08:04:43,잠실르엘,송파구,신천동,전세,34,134.83,40.79,360000,0,36.0,53,,50021780,https://www.zigbang.com/home/apt/items/50021780
2026-10-10 08:04:43,잠실르엘,송파구,신천동,매매,고,59.87,18.11,380000,0,38.0,25A,,49966541,https://www.zigbang.com/home/apt/items/49966541
2026-10-10 08:04:43,잠실르엘,송파구,신천동,매매,고,59.87,18.11,380000,0,38.0,25A,,49648598,https://www.zigbang.com/home/apt/items/49648598
2026-10-10 08:04:43,잠실르엘,송파구,신천동,매매,고,74.2804,22.47,410000,0,41.0,30B,,48799404,https://www.zigbang.com/home/apt/items/48799404
2026-10-10 08:04:43,잠실르엘,송파구,신천동,매매,중,84.83,25.66,450000,0,45.0,33C,,50045638,https://www.zigbang.com/home/apt/items/50045638
2026-10-10 08:04:43,잠실르엘,송파구,신천동,매매,고,84.81,25.65,460000,0,46.0,33B,,50650766,https://www.zigbang.com/home/apt/items/50650766
2026-10-10 08:04:43,잠실르엘,송파구,신천동,매매,고,84.83,25.66,460000,0,46.0,33C,,50535492,https://www.zigbang.com/home/apt/items/50535492
2026-10-10 08:04:43,잠실르엘,송파구,신천동,매매,18,84.87,25.67,470000,0,47.0,33A,,50045596,https://www.zigbang.com/home/apt/items/50045596
2026-10-10 08:04:43,잠실르엘,송파구,신천동,매매,중,84.87,25.67,470000,0,47.0,33A,,48433764,https://www.zigbang.com/home/apt/items/48433764
2026-10-10 08:04:43,잠실르엘,송파구,신천동,매매,고,84.83,25.66,480000,0,48.0,33C,,50341163,https://www.zigbang.com/home/apt/items/50341163
2026-10-10 08:04:43,잠실르엘,송파구,신천동,매매,고,84.83,25.66,480000,0,48.0,33C,,50341152,https://www.zigbang.com/home/apt/items/50341152
2026-10-10 08:04:43,잠실르엘,송파구,신천동,매매,고,84.81,25.65,480000,0,48.0,33B,,49967162,https://www.zigbang.com/home/apt/items/49967162
2026-10-10 08:04:43,잠실르엘,송파구,신천동,매매,고,84.83,25.66,480000,0,48.0,33C,,49843874,https://www.zigbang.com/home/apt/items/49843874
2026-10-10 08:04:43,잠실르엘,송파구,신천동,매매,중,84.83,25.66,500000,0,50.0,33C,,50161450,https://www.zigbang.com/home/apt/items/50161450
2026-10-10 08:04:43,잠실르엘,송파구,신천동,매매,고,84.83,25.66,500000,0,50.0,33C,,50161487,https://www.zigbang.com/home/apt/items/50161487
2026-10-10 08:04:43,잠실르엘,송파구,신천동,매매,고,84.83,25.66,520000,0,52.0,33C,,47793194,https://www.zigbang.com/home/apt/items/47793194
2026-10-10 08:04:43,잠실르엘,송파구,신천동,매매,저,84.83,25.66,530000,0,53.0,33C,,50654473,https://www.zigbang.com/home/apt/items/50654473
2026-10-10 08:04:43,잠실르엘,송파구,신천동,매매,4,106.82,32.31,530000,0,53.0,42,,49769801,https://www.zigbang.com/home/apt/items/49769801
2026-10-10 08:04:43,잠실르엘,송파구,신천동,매매,저,106.82,32.31,540000,0,54.0,42,,49617055,https://www.zigbang.com/home/apt/items/49617055
2026-10-10 08:04:43,잠실르엘,송파구,신천동,매매,7,106.82,32.31,550000,0,55.0,42,,49023856,https://www.zigbang.com/home/apt/items/49023856
2026-10-10 08:04:43,잠실르엘,송파구,신천동,매매,고,106.82,32.31,595000,0,59.5,42,,50651003,https://www.zigbang.com/home/apt/items/50651003
2026-10-10 08:04:43,잠실르엘,송파구,신천동,매매,고,145.55,44.03,595000,0,59.5,57,,50651514,https://www.zigbang.com/home/apt/items/50651514
2026-10-10 08:04:43,잠실르엘,송파구,신천동,매매,고,106.82,32.31,595000,0,59.5,42,,50536684,https://www.zigbang.com/home/apt/items/50536684
2026-10-10 08:04:43,잠실르엘,송파구,신천동,매매,고,106.82,32.31,600000,0,60.0,42,,50535394,https://www.zigbang.com/home/apt/items/50535394
2026-10-10 08:04:43,잠실르엘,송파구,신천동,매매,고,106.82,32.31,600000,0,60.0,42,,50158356,https://www.zigbang.com/home/apt/items/50158356
2026-10-10 08:04:43,잠실르엘,송파구,신천동,매매,고,129.6468,39.22,930000,0,93.0,52A,,50654681,https://www.zigbang.com/home/apt/items/50654681
2026-10-10 08:04:43,잠실푸르지오월드마크,송파구,신천동,매매,38,120.61,36.48,300000,0,30.0,50,,50643343,https://www.zigbang.com/home/apt/items/50643343
2026-10-10 08:04:43,장미1차,송파구,신천동,월세,2,82.45,24.94,50000,200,5.0,33,,50624617,https://www.zigbang.com/home/apt/items/50624617
2026-10-10 08:04:43,장미1차,송파구,신천동,월세,중,120,36.3,50000,280,5.0,45,,50573468,https://www.zigbang.com/home/apt/items/50573468
2026-10-10 08:04:43,장미1차,송파구,신천동,전세,중,120,36.3,128000,0,12.8,45,,50485780,https://www.zigbang.com/home/apt/items/50485780
2026-10-10 08:04:43,장미1차,송파구,신천동,매매,저,71.2,21.54,293000,0,29.3,28,,50245671,https://www.zigbang.com/home/apt/items/50245671
2026-10-10 08:04:43,장미1차,송파구,신천동,매매,고,71.2,21.54,295000,0,29.5,28,,50643424,https://www.zigbang.com/home/apt/items/50643424
2026-10-10 08:04:43,장미1차,송파구,신천동,매매,저,82.45,24.94,300000,0,30.0,33,,50630836,https://www.zigbang.com/home/apt/items/50630836
2026-10-10 08:04:43,장미1차,송파구,신천동,매매,고,71.2,21.54,300000,0,30.0,28,,50542847,https://www.zigbang.com/home/apt/items/50542847
2026-10-10 08:04:43,장미1차,송파구,신천동,매매,고,71.2,21.54,300000,0,30.0,28,,50509362,https://www.zigbang.com/home/apt/items/50509362
2026-10-10 08:04:43,장미1차,송파구,신천동,매매,4,71.2,21.54,300000,0,30.0,28,,50388979,https://www.zigbang.com/home/apt/items/50388979
2026-10-10 08:04:43,장미1차,송파구,신천동,매매,고,82.45,24.94,300000,0,30.0,33,,50339981,https://www.zigbang.com/home/apt/items/50339981
2026-10-10 08:04:43,장미1차,송파구,신천동,매매,4,71.2,21.54,300000,0,30.0,28,,50062793,https://www.zigbang.com/home/apt/items/50062793
2026-10-10 08:04:43,장미1차,송파구,신천동,매매,6,71.2,21.54,300000,0,30.0,28,,49584887,https://www.zigbang.com/home/apt/items/49584887
2026-10-10 08:04:43,장미1차,송파구,신천동,매매,6,71.2,21.54,300000,0,30.0,28,,50627634,https://www.zigbang.com/home/apt/items/50627634
2026-10-10 08:04:43,장미1차,송파구,신천동,월세,저,82.45,24.94,300000,160,30.0,33,,50627188,https://www.zigbang.com/home/apt/items/50627188
2026-10-10 08:04:43,장미1차,송파구,신천동,매매,고,71.2,21.54,303000,0,30.3,28,,49492767,https://www.zigbang.com/home/apt/items/49492767
2026-10-10 08:04:43,장미1차,송파구,신천동,매매,4,71.2,21.54,305000,0,30.5,28,,50572212,https://www.zigbang.com/home/apt/items/50572212
2026-10-10 08:04:43,장미1차,송파구,신천동,매매,4,71.2,21.54,305000,0,30.5,28,,49769350,https://www.zigbang.com/home/apt/items/49769350
2026-10-10 08:04:43,장미1차,송파구,신천동,매매,저,71.2,21.54,305000,0,30.5,28,,50604998,https://www.zigbang.com/home/apt/items/50604998
2026-10-10 08:04:43,장미1차,송파구,신천동,매매,중,82.45,24.94,325000,0,32.5,33,,50630890,https://www.zigbang.com/home/apt/items/50630890
2026-10-10 08:04:43,장미1차,송파구,신천동,매매,중,82.45,24.94,325000,0,32.5,33,,50559579,https://www.zigbang.com/home/apt/items/50559579
2026-10-10 08:04:43,장미1차,송파구,신천동,매매,저,82.45,24.94,340000,0,34.0,33,,50544047,https://www.zigbang.com/home/apt/items/50544047
2026-10-10 08:04:43,장미1차,송파구,신천동,매매,고,82.45,24.94,340000,0,34.0,33,,50505807,https://www.zigbang.com/home/apt/items/50505807
2026-10-10 08:04:43,장미1차,송파구,신천동,매매,3,82.45,24.94,340000,0,34.0,33,,50388867,https://www.zigbang.com/home/apt/items/50388867
2026-10-10 08:04:43,장미1차,송파구,신천동,매매,10,82.45,24.94,340000,0,34.0,33,,50545706,https://www.zigbang.com/home/apt/items/50545706
2026-10-10 08:04:43,장미1차,송파구,신천동,매매,10,82.45,24.94,350000,0,35.0,33,,50543538,https://www.zigbang.com/home/apt/items/50543538
2026-10-10 08:04:43,장미1차,송파구,신천동,매매,1,99,29.95,355000,0,35.5,38,,50402609,https://www.zigbang.com/home/apt/items/50402609
2026-10-10 08:04:43,장미1차,송파구,신천동,매매,중,120,36.3,365000,0,36.5,45,,50304145,https://www.zigbang.com/home/apt/items/50304145
2026-10-10 08:04:43,장미1차,송파구,신천동,매매,7,99,29.95,365000,0,36.5,38,,50056042,https://www.zigbang.com/home/apt/items/50056042
2026-10-10 08:04:43,장미1차,송파구,신천동,매매,중,99,29.95,370000,0,37.0,38,,50545507,https://www.zigbang.com/home/apt/items/50545507
2026-10-10 08:04:43,장미1차,송파구,신천동,매매,저,120,36.3,370000,0,37.0,45,,50542796,https://www.zigbang.com/home/apt/items/50542796
2026-10-10 08:04:43,장미1차,송파구,신천동,매매,저,99,29.95,370000,0,37.0,38,,50498291,https://www.zigbang.com/home/apt/items/50498291
2026-10-10 08:04:43,장미1차,송파구,신천동,매매,1,99,29.95,370000,0,37.0,38,,50394182,https://www.zigbang.com/home/apt/items/50394182
2026-10-10 08:04:43,장미1차,송파구,신천동,매매,중,120,36.3,370000,0,37.0,45,,50270475,https://www.zigbang.com/home/apt/items/50270475
2026-10-10 08:04:43,장미1차,송파구,신천동,매매,저,120,36.3,370000,0,37.0,45,,50627939,https://www.zigbang.com/home/apt/items/50627939
2026-10-10 08:04:43,장미1차,송파구,신천동,매매,고,120,36.3,380000,0,38.0,45,,50643302,https://www.zigbang.com/home/apt/items/50643302
2026-10-10 08:04:43,장미1차,송파구,신천동,매매,고,120,36.3,380000,0,38.0,45,,50545626,https://www.zigbang.com/home/apt/items/50545626
2026-10-10 08:04:43,장미1차,송파구,신천동,매매,중,120,36.3,380000,0,38.0,45,,50542818,https://www.zigbang.com/home/apt/items/50542818
2026-10-10 08:04:43,장미1차,송파구,신천동,매매,10,120,36.3,380000,0,38.0,45,,50041217,https://www.zigbang.com/home/apt/items/50041217
2026-10-10 08:04:43,장미1차,송파구,신천동,매매,중,120,36.3,380000,0,38.0,45,,49896717,https://www.zigbang.com/home/apt/items/49896717
2026-10-10 08:04:43,장미1차,송파구,신천동,매매,중,120,36.3,380000,0,38.0,45,,49741088,https://www.zigbang.com/home/apt/items/49741088
2026-10-10 08:04:43,장미1차,송파구,신천동,매매,12,120,36.3,380000,0,38.0,45,,49315879,https://www.zigbang.com/home/apt/items/49315879
2026-10-10 08:04:43,장미1차,송파구,신천동,매매,14,120,36.3,388000,0,38.8,45,,49632096,https://www.zigbang.com/home/apt/items/49632096
2026-10-10 08:04:43,장미1차,송파구,신천동,매매,4,120,36.3,390000,0,39.0,45,,49314745,https://www.zigbang.com/home/apt/items/49314745
2026-10-10 08:04:43,장미1차,송파구,신천동,매매,저,174.55,52.8,430000,0,43.0,56,,50572103,https://www.zigbang.com/home/apt/items/50572103
2026-10-10 08:04:43,장미1차,송파구,신천동,매매,12,174.55,52.8,430000,0,43.0,56,,50010685,https://www.zigbang.com/home/apt/items/50010685
2026-10-10 08:04:43,장미1차,송파구,신천동,매매,4,174.55,52.8,450000,0,45.0,56,,50630977,https://www.zigbang.com/home/apt/items/50630977
2026-10-10 08:04:43,장미1차,송파구,신천동,매매,12,196.76,59.52,450000,0,45.0,64,,50625447,https://www.zigbang.com/home/apt/items/50625447
2026-10-10 08:04:43,장미1차,송파구,신천동,매매,12,174.55,52.8,450000,0,45.0,56,,50265378,https://www.zigbang.com/home/apt/items/50265378
2026-10-10 08:04:43,장미1차,송파구,신천동,매매,고,196.76,59.52,510000,0,51.0,64,,50572221,https://www.zigbang.com/home/apt/items/50572221
2026-10-10 08:04:43,장미1차,송파구,신천동,매매,고,196.76,59.52,510000,0,51.0,64,,50391011,https://www.zigbang.com/home/apt/items/50391011
2026-10-10 08:04:43,장미1차,송파구,신천동,매매,고,174.55,52.8,520000,0,52.0,56,,49632191,https://www.zigbang.com/home/apt/items/49632191
2026-10-10 08:04:43,장미2차,송파구,신천동,월세,중,101.06,30.57,30000,250,3.0,33A,,50413261,https://www.zigbang.com/home/apt/items/50413261
2026-10-10 08:04:43,장미2차,송파구,신천동,월세,저,86.41,26.14,40000,160,4.0,28B,,50605006,https://www.zigbang.com/home/apt/items/50605006
2026-10-10 08:04:43,장미2차,송파구,신천동,월세,5,101.06,30.57,40000,165,4.0,33A,,50567548,https://www.zigbang.com/home/apt/items/50567548
2026-10-10 08:04:43,장미2차,송파구,신천동,전세,13,86.25,26.09,75000,0,7.5,28A,,50483183,https://www.zigbang.com/home/apt/items/50483183
2026-10-10 08:04:43,장미2차,송파구,신천동,전세,2,101.98,30.85,75000,0,7.5,33B,,50265379,https://www.zigbang.com/home/apt/items/50265379
2026-10-10 08:04:43,장미2차,송파구,신천동,매매,고,86.41,26.14,290000,0,29.0,28B,,50652041,https://www.zigbang.com/home/apt/items/50652041
2026-10-10 08:04:43,장미2차,송파구,신천동,매매,고,86.25,26.09,300000,0,30.0,28A,,50545644,https://www.zigbang.com/home/apt/items/50545644
2026-10-10 08:04:43,장미2차,송파구,신천동,매매,저,86.25,26.09,310000,0,31.0,28A,,50270143,https://www.zigbang.com/home/apt/items/50270143
2026-10-10 08:04:43,장미2차,송파구,신천동,매매,저,87.87,26.58,310000,0,31.0,28,,50265381,https://www.zigbang.com/home/apt/items/50265381
2026-10-10 08:04:43,장미2차,송파구,신천동,매매,저,101.06,30.57,320000,0,32.0,33A,,50643332,https://www.zigbang.com/home/apt/items/50643332
2026-10-10 08:04:43,장미2차,송파구,신천동,매매,고,101.98,30.85,330000,0,33.0,33B,,50545658,https://www.zigbang.com/home/apt/items/50545658
2026-10-10 08:04:43,장미2차,송파구,신천동,매매,중,101.98,30.85,330000,0,33.0,33B,,50339868,https://www.zigbang.com/home/apt/items/50339868
2026-10-10 08:04:43,장미2차,송파구,신천동,매매,저,101.98,30.85,330000,0,33.0,33B,,50241190,https://www.zigbang.com/home/apt/items/50241190
2026-10-10 08:04:43,장미2차,송파구,신천동,매매,중,101.06,30.57,330000,0,33.0,33A,,50572139,https://www.zigbang.com/home/apt/items/50572139
2026-10-10 08:04:43,장미2차,송파구,신천동,매매,고,101.98,30.85,335000,0,33.5,33B,,50545437,https://www.zigbang.com/home/apt/items/50545437
2026-10-10 08:04:43,장미2차,송파구,신천동,매매,저,101.98,30.85,335000,0,33.5,33B,,49850829,https://www.zigbang.com/home/apt/items/49850829
2026-10-10 08:04:43,장미2차,송파구,신천동,매매,14,101.02,30.56,340000,0,34.0,33A,,49315706,https://www.zigbang.com/home/apt/items/49315706
2026-10-10 08:04:43,장미2차,송파구,신천동,매매,저,101.06,30.57,340000,0,34.0,33A,,50340437,https://www.zigbang.com/home/apt/items/50340437
2026-10-10 08:04:43,장미2차,송파구,신천동,매매,고,119.47,36.14,350000,0,35.0,39A,,50617861,https://www.zigbang.com/home/apt/items/50617861
2026-10-10 08:04:43,장미2차,송파구,신천동,매매,고,119.47,36.14,350000,0,35.0,39A,,50574253,https://www.zigbang.com/home/apt/items/50574253
2026-10-10 08:04:43,장미2차,송파구,신천동,매매,중,118.41,35.82,360000,0,36.0,38B,,50128745,https://www.zigbang.com/home/apt/items/50128745
2026-10-10 08:04:43,장미2차,송파구,신천동,매매,저,122.08,36.93,370000,0,37.0,40,,50572199,https://www.zigbang.com/home/apt/items/50572199
2026-10-10 08:04:43,장미2차,송파구,신천동,매매,3,118.41,35.82,370000,0,37.0,38B,,50545451,https://www.zigbang.com/home/apt/items/50545451
2026-10-10 08:04:43,장미2차,송파구,신천동,매매,저,119.57,36.17,370000,0,37.0,39A,,50498699,https://www.zigbang.com/home/apt/items/50498699
2026-10-10 08:04:43,장미2차,송파구,신천동,매매,3,118.41,35.82,370000,0,37.0,38B,,49315235,https://www.zigbang.com/home/apt/items/49315235
2026-10-10 08:04:43,장미2차,송파구,신천동,매매,중,141.78,42.89,390000,0,39.0,46A,,50545490,https://www.zigbang.com/home/apt/items/50545490
2026-10-10 08:04:43,장미3차,송파구,신천동,전세,저,134.16,40.58,100000,0,10.0,47,,50627256,https://www.zigbang.com/home/apt/items/50627256
2026-10-10 08:04:43,장미3차,송파구,신천동,매매,8,134.16,40.58,420000,0,42.0,47,,49314668,https://www.zigbang.com/home/apt/items/49314668
2026-10-10 08:04:43,파크리오,송파구,신천동,월세,고,35.24,10.66,5000,230,0.5,16,,50651102,https://www.zigbang.com/home/apt/items/50651102
2026-10-10 08:04:43,파크리오,송파구,신천동,월세,중,35.24,10.66,10000,190,1.0,16,,50518467,https://www.zigbang.com/home/apt/items/50518467
2026-10-10 08:04:43,파크리오,송파구,신천동,월세,중,59.95,18.13,10000,360,1.0,26A,,49470509,https://www.zigbang.com/home/apt/items/49470509
2026-10-10 08:04:43,파크리오,송파구,신천동,월세,저,84.9,25.68,10000,420,1.0,33C,,49404157,https://www.zigbang.com/home/apt/items/49404157
2026-10-10 08:04:43,파크리오,송파구,신천동,월세,고,59.95,18.13,10000,420,1.0,26A,,50606071,https://www.zigbang.com/home/apt/items/50606071
2026-10-10 08:04:43,파크리오,송파구,신천동,월세,중,84.97,25.7,10000,500,1.0,33A,,49822227,https://www.zigbang.com/home/apt/items/49822227
2026-10-10 08:04:43,파크리오,송파구,신천동,월세,저,84.9,25.68,20000,400,2.0,33C,,49738631,https://www.zigbang.com/home/apt/items/49738631
2026-10-10 08:04:43,파크리오,송파구,신천동,월세,저,59.86,18.11,30000,250,3.0,26B,,50541764,https://www.zigbang.com/home/apt/items/50541764
2026-10-10 08:04:43,파크리오,송파구,신천동,월세,고,84.79,25.65,30000,320,3.0,33B,,50041638,https://www.zigbang.com/home/apt/items/50041638
2026-10-10 08:04:43,파크리오,송파구,신천동,월세,중,59.86,18.11,40000,260,4.0,26B,,50618850,https://www.zigbang.com/home/apt/items/50618850
2026-10-10 08:04:43,파크리오,송파구,신천동,월세,중,59.95,18.13,40000,280,4.0,26A,,50078935,https://www.zigbang.com/home/apt/items/50078935
2026-10-10 08:04:43,파크리오,송파구,신천동,월세,중,84.9,25.68,40000,320,4.0,33C,,49999348,https://www.zigbang.com/home/apt/items/49999348
2026-10-10 08:04:43,파크리오,송파구,신천동,월세,저,59.95,18.13,50000,240,5.0,26A,,50161613,https://www.zigbang.com/home/apt/items/50161613
2026-10-10 08:04:43,파크리오,송파구,신천동,월세,저,35.24,10.66,50000,100,5.0,16,,50637846,https://www.zigbang.com/home/apt/items/50637846
2026-10-10 08:04:43,파크리오,송파구,신천동,월세,고,59.95,18.13,55000,220,5.5,26A,,50004367,https://www.zigbang.com/home/apt/items/50004367
2026-10-10 08:04:43,파크리오,송파구,신천동,월세,저,84.9,25.68,60000,240,6.0,33C,,50192381,https://www.zigbang.com/home/apt/items/50192381
2026-10-10 08:04:43,파크리오,송파구,신천동,월세,중,84.9,25.68,60000,240,6.0,33C,,50536714,https://www.zigbang.com/home/apt/items/50536714
2026-10-10 08:04:43,파크리오,송파구,신천동,월세,중,84.9,25.68,65000,280,6.5,33C,,50365667,https://www.zigbang.com/home/apt/items/50365667
2026-10-10 08:04:43,파크리오,송파구,신천동,월세,중,84.9,25.68,65000,220,6.5,33C,,50225822,https://www.zigbang.com/home/apt/items/50225822
2026-10-10 08:04:43,파크리오,송파구,신천동,월세,중,84.9,25.68,65000,240,6.5,33C,,50592602,https://www.zigbang.com/home/apt/items/50592602
2026-10-10 08:04:43,파크리오,송파구,신천동,전세,저,35.24,10.66,67000,0,6.7,16,,50650811,https://www.zigbang.com/home/apt/items/50650811
2026-10-10 08:04:43,파크리오,송파구,신천동,월세,고,84.79,25.65,70000,200,7.0,33B,,50082793,https://www.zigbang.com/home/apt/items/50082793
2026-10-10 08:04:43,파크리오,송파구,신천동,월세,중,84.79,25.65,70000,220,7.0,33B,,50325532,https://www.zigbang.com/home/apt/items/50325532
2026-10-10 08:04:43,파크리오,송파구,신천동,전세,저,35.24,10.66,75000,0,7.5,16,,50497838,https://www.zigbang.com/home/apt/items/50497838
2026-10-10 08:04:43,파크리오,송파구,신천동,월세,중,84.9,25.68,80000,200,8.0,33C,,50497957,https://www.zigbang.com/home/apt/items/50497957
2026-10-10 08:04:43,파크리오,송파구,신천동,월세,중,59.95,18.13,80000,80,8.0,26A,,50432175,https://www.zigbang.com/home/apt/items/50432175
2026-10-10 08:04:43,파크리오,송파구,신천동,월세,중,59.95,18.13,80000,130,8.0,26A,,50432113,https://www.zigbang.com/home/apt/items/50432113
2026-10-10 08:04:43,파크리오,송파구,신천동,월세,중,84.9,25.68,80000,220,8.0,33C,,49678124,https://www.zigbang.com/home/apt/items/49678124
2026-10-10 08:04:43,파크리오,송파구,신천동,월세,고,84.9,25.68,90000,150,9.0,33C,,49678392,https://www.zigbang.com/home/apt/items/49678392
2026-10-10 08:04:43,파크리오,송파구,신천동,월세,저,84.79,25.65,90000,150,9.0,33B,,49255929,https://www.zigbang.com/home/apt/items/49255929
2026-10-10 08:04:43,파크리오,송파구,신천동,월세,중,84.9,25.68,100000,140,10.0,33C,,50644236,https://www.zigbang.com/home/apt/items/50644236
2026-10-10 08:04:43,파크리오,송파구,신천동,월세,고,84.9,25.68,100000,120,10.0,33C,,50432265,https://www.zigbang.com/home/apt/items/50432265
2026-10-10 08:04:43,파크리오,송파구,신천동,전세,중,59.86,18.11,100000,0,10.0,26B,,50325691,https://www.zigbang.com/home/apt/items/50325691
2026-10-10 08:04:43,파크리오,송파구,신천동,전세,중,59.86,18.11,110000,0,11.0,26B,,50654894,https://www.zigbang.com/home/apt/items/50654894
2026-10-10 08:04:43,파크리오,송파구,신천동,월세,고,144.77,43.79,110000,220,11.0,53,,50454893,https://www.zigbang.com/home/apt/items/50454893
2026-10-10 08:04:43,파크리오,송파구,신천동,전세,고,59.64,18.04,113000,0,11.3,26C,,50241183,https://www.zigbang.com/home/apt/items/50241183
2026-10-10 08:04:43,파크리오,송파구,신천동,전세,저,59.64,18.04,115000,0,11.5,26C,,49738608,https://www.zigbang.com/home/apt/items/49738608
2026-10-10 08:04:43,파크리오,송파구,신천동,전세,중,84.79,25.65,118000,0,11.8,33B,,50652623,https://www.zigbang.com/home/apt/items/50652623
2026-10-10 08:04:43,파크리오,송파구,신천동,전세,고,84.9,25.68,120000,0,12.0,33C,,50652336,https://www.zigbang.com/home/apt/items/50652336
2026-10-10 08:04:43,파크리오,송파구,신천동,전세,저,84.79,25.65,120000,0,12.0,33B,,50456602,https://www.zigbang.com/home/apt/items/50456602
2026-10-10 08:04:43,파크리오,송파구,신천동,전세,저,84.79,25.65,120000,0,12.0,33B,,50423317,https://www.zigbang.com/home/apt/items/50423317
2026-10-10 08:04:43,파크리오,송파구,신천동,전세,중,84.9,25.68,120000,0,12.0,33C,,50392941,https://www.zigbang.com/home/apt/items/50392941
2026-10-10 08:04:43,파크리오,송파구,신천동,전세,중,84.9,25.68,120000,0,12.0,33C,,50198118,https://www.zigbang.com/home/apt/items/50198118
2026-10-10 08:04:43,파크리오,송파구,신천동,전세,저,84.79,25.65,120000,0,12.0,33B,,49987922,https://www.zigbang.com/home/apt/items/49987922
2026-10-10 08:04:43,파크리오,송파구,신천동,전세,중,84.9,25.68,120000,0,12.0,33C,,50536669,https://www.zigbang.com/home/apt/items/50536669
2026-10-10 08:04:43,파크리오,송파구,신천동,전세,저,84.79,25.65,122000,0,12.2,33B1,,50542096,https://www.zigbang.com/home/apt/items/50542096
2026-10-10 08:04:43,파크리오,송파구,신천동,전세,중,84.9,25.68,125000,0,12.5,33C,,50560396,https://www.zigbang.com/home/apt/items/50560396
2026-10-10 08:04:43,파크리오,송파구,신천동,전세,중,84.79,25.65,125000,0,12.5,33B,,50542359,https://www.zigbang.com/home/apt/items/50542359
2026-10-10 08:04:43,파크리오,송파구,신천동,전세,고,84.9,25.68,130000,0,13.0,33C,,50646516,https://www.zigbang.com/home/apt/items/50646516
2026-10-10 08:04:43,파크리오,송파구,신천동,전세,중,84.9,25.68,130000,0,13.0,33C,,50392235,https://www.zigbang.com/home/apt/items/50392235
2026-10-10 08:04:43,파크리오,송파구,신천동,전세,고,84.9,25.68,130000,0,13.0,33C,,50386330,https://www.zigbang.com/home/apt/items/50386330
2026-10-10 08:04:43,파크리오,송파구,신천동,전세,중,84.9,25.68,130000,0,13.0,33C,,50076316,https://www.zigbang.com/home/apt/items/50076316
2026-10-10 08:04:43,파크리오,송파구,신천동,전세,고,84.9,25.68,130000,0,13.0,33C,,50652787,https://www.zigbang.com/home/apt/items/50652787
2026-10-10 08:04:43,파크리오,송파구,신천동,전세,중,84.9,25.68,130000,0,13.0,33C,,50652702,https://www.zigbang.com/home/apt/items/50652702
2026-10-10 08:04:43,파크리오,송파구,신천동,전세,저,84.9,25.68,130000,0,13.0,33C,,49738612,https://www.zigbang.com/home/apt/items/49738612
2026-10-10 08:04:43,파크리오,송파구,신천동,전세,고,84.9,25.68,130000,0,13.0,33C,,49245333,https://www.zigbang.com/home/apt/items/49245333
2026-10-10 08:04:43,파크리오,송파구,신천동,전세,고,84.79,25.65,135000,0,13.5,33B1,,50500771,https://www.zigbang.com/home/apt/items/50500771
2026-10-10 08:04:43,파크리오,송파구,신천동,전세,중,84.97,25.7,135000,0,13.5,33A,,50497595,https://www.zigbang.com/home/apt/items/50497595
2026-10-10 08:04:43,파크리오,송파구,신천동,전세,저,84.79,25.65,135000,0,13.5,33B,,50241116,https://www.zigbang.com/home/apt/items/50241116
2026-10-10 08:04:43,파크리오,송파구,신천동,전세,중,84.9,25.68,135000,0,13.5,33C,,49809597,https://www.zigbang.com/home/apt/items/49809597
2026-10-10 08:04:43,파크리오,송파구,신천동,전세,고,84.79,25.65,135000,0,13.5,33B1,,50626037,https://www.zigbang.com/home/apt/items/50626037
2026-10-10 08:04:43,파크리오,송파구,신천동,전세,고,84.79,25.65,140000,0,14.0,33B,,49819448,https://www.zigbang.com/home/apt/items/49819448
2026-10-10 08:04:43,파크리오,송파구,신천동,전세,고,84.97,25.7,145000,0,14.5,33A,,50367543,https://www.zigbang.com/home/apt/items/50367543
2026-10-10 08:04:43,파크리오,송파구,신천동,전세,저,144.77,43.79,145000,0,14.5,53,,49784457,https://www.zigbang.com/home/apt/items/49784457
2026-10-10 08:04:43,파크리오,송파구,신천동,매매,중,35.24,10.66,145000,0,14.5,16,,49738599,https://www.zigbang.com/home/apt/items/49738599
2026-10-10 08:04:43,파크리오,송파구,신천동,전세,중,144.77,43.79,150000,0,15.0,53,,49738622,https://www.zigbang.com/home/apt/items/49738622
2026-10-10 08:04:43,파크리오,송파구,신천동,매매,저,35.24,10.66,153000,0,15.3,16,,50533604,https://www.zigbang.com/home/apt/items/50533604
2026-10-10 08:04:43,파크리오,송파구,신천동,매매,고,59.95,18.13,255000,0,25.5,26A,,50578314,https://www.zigbang.com/home/apt/items/50578314
2026-10-10 08:04:43,파크리오,송파구,신천동,매매,고,59.95,18.13,259000,0,25.9,26A,,50049918,https://www.zigbang.com/home/apt/items/50049918
2026-10-10 08:04:43,파크리오,송파구,신천동,매매,저,59.95,18.13,260000,0,26.0,26A,,50133998,https://www.zigbang.com/home/apt/items/50133998
2026-10-10 08:04:43,파크리오,송파구,신천동,매매,고,59.64,18.04,260000,0,26.0,26C,,50079196,https://www.zigbang.com/home/apt/items/50079196
2026-10-10 08:04:43,파크리오,송파구,신천동,매매,고,59.95,18.13,260000,0,26.0,26A,,49681205,https://www.zigbang.com/home/apt/items/49681205
2026-10-10 08:04:43,파크리오,송파구,신천동,매매,고,59.64,18.04,262000,0,26.2,26C,,49681766,https://www.zigbang.com/home/apt/items/49681766
2026-10-10 08:04:43,파크리오,송파구,신천동,매매,중,59.95,18.13,265000,0,26.5,26A,,50653760,https://www.zigbang.com/home/apt/items/50653760
2026-10-10 08:04:43,파크리오,송파구,신천동,매매,고,59.95,18.13,265000,0,26.5,26A,,50256933,https://www.zigbang.com/home/apt/items/50256933
2026-10-10 08:04:43,파크리오,송파구,신천동,매매,중,59.95,18.13,265000,0,26.5,26A,,50166950,https://www.zigbang.com/home/apt/items/50166950
2026-10-10 08:04:43,파크리오,송파구,신천동,매매,고,59.95,18.13,265000,0,26.5,26A,,49228808,https://www.zigbang.com/home/apt/items/49228808
2026-10-10 08:04:43,파크리오,송파구,신천동,매매,고,59.86,18.11,269000,0,26.9,26B,,49055610,https://www.zigbang.com/home/apt/items/49055610
2026-10-10 08:04:43,파크리오,송파구,신천동,매매,고,59.95,18.13,269000,0,26.9,26A,,50413991,https://www.zigbang.com/home/apt/items/50413991
2026-10-10 08:04:43,파크리오,송파구,신천동,매매,중,59.95,18.13,270000,0,27.0,26A,,50655482,https://www.zigbang.com/home/apt/items/50655482
2026-10-10 08:04:43,파크리오,송파구,신천동,매매,고,59.95,18.13,270000,0,27.0,26A,,50263441,https://www.zigbang.com/home/apt/items/50263441
2026-10-10 08:04:43,파크리오,송파구,신천동,매매,고,59.86,18.11,270000,0,27.0,26B,,50046190,https://www.zigbang.com/home/apt/items/50046190
2026-10-10 08:04:43,파크리오,송파구,신천동,매매,저,59.95,18.13,270000,0,27.0,26A,,50654040,https://www.zigbang.com/home/apt/items/50654040
2026-10-10 08:04:43,파크리오,송파구,신천동,매매,중,59.86,18.11,270000,0,27.0,26B,,50592553,https://www.zigbang.com/home/apt/items/50592553
2026-10-10 08:04:43,파크리오,송파구,신천동,매매,중,59.86,18.11,270000,0,27.0,26B,,50592458,https://www.zigbang.com/home/apt/items/50592458
2026-10-10 08:04:43,파크리오,송파구,신천동,매매,중,84.9,25.68,275000,0,27.5,33C,,50436439,https://www.zigbang.com/home/apt/items/50436439
2026-10-10 08:04:43,파크리오,송파구,신천동,매매,저,59.95,18.13,275000,0,27.5,26A,,49846590,https://www.zigbang.com/home/apt/items/49846590
2026-10-10 08:04:43,파크리오,송파구,신천동,매매,저,59.64,18.04,275000,0,27.5,26C,,49349515,https://www.zigbang.com/home/apt/items/49349515
2026-10-10 08:04:43,파크리오,송파구,신천동,매매,중,59.95,18.13,275000,0,27.5,26A,,50041872,https://www.zigbang.com/home/apt/items/50041872
2026-10-10 08:04:43,파크리오,송파구,신천동,매매,중,84.9,25.68,278000,0,27.8,33C,,50454626,https://www.zigbang.com/home/apt/items/50454626
2026-10-10 08:04:43,파크리오,송파구,신천동,매매,중,59.95,18.13,278000,0,27.8,26A,,49574779,https://www.zigbang.com/home/apt/items/49574779
2026-10-10 08:04:43,파크리오,송파구,신천동,매매,저,84.9,25.68,280000,0,28.0,33C,,50046039,https://www.zigbang.com/home/apt/items/50046039
2026-10-10 08:04:43,파크리오,송파구,신천동,매매,고,59.95,18.13,280000,0,28.0,26A,,49681232,https://www.zigbang.com/home/apt/items/49681232
2026-10-10 08:04:43,파크리오,송파구,신천동,매매,저,59.95,18.13,280000,0,28.0,26A,,50361964,https://www.zigbang.com/home/apt/items/50361964
2026-10-10 08:04:43,파크리오,송파구,신천동,매매,저,84.79,25.65,285000,0,28.5,33B,,50533329,https://www.zigbang.com/home/apt/items/50533329
2026-10-10 08:04:43,파크리오,송파구,신천동,매매,고,84.9,25.68,285000,0,28.5,33C,,50340195,https://www.zigbang.com/home/apt/items/50340195
2026-10-10 08:04:43,파크리오,송파구,신천동,매매,저,84.79,25.65,285000,0,28.5,33B,,50269874,https://www.zigbang.com/home/apt/items/50269874
2026-10-10 08:04:43,파크리오,송파구,신천동,매매,고,59.95,18.13,285000,0,28.5,26A,,50215564,https://www.zigbang.com/home/apt/items/50215564
2026-10-10 08:04:43,파크리오,송파구,신천동,매매,중,84.9,25.68,285000,0,28.5,33C,,50086467,https://www.zigbang.com/home/apt/items/50086467
2026-10-10 08:04:43,파크리오,송파구,신천동,매매,고,59.95,18.13,285000,0,28.5,26A,,50086431,https://www.zigbang.com/home/apt/items/50086431
2026-10-10 08:04:43,파크리오,송파구,신천동,매매,고,84.79,25.65,285000,0,28.5,33B,,49332148,https://www.zigbang.com/home/apt/items/49332148
2026-10-10 08:04:43,파크리오,송파구,신천동,매매,중,84.79,25.65,285000,0,28.5,33B,,50265404,https://www.zigbang.com/home/apt/items/50265404
2026-10-10 08:04:43,파크리오,송파구,신천동,매매,고,59.86,18.11,285000,0,28.5,26B,,49531490,https://www.zigbang.com/home/apt/items/49531490
2026-10-10 08:04:43,파크리오,송파구,신천동,매매,중,84.9,25.68,287000,0,28.7,33C,,50498707,https://www.zigbang.com/home/apt/items/50498707
2026-10-10 08:04:43,파크리오,송파구,신천동,매매,저,84.79,25.65,288000,0,28.8,33B,,50078810,https://www.zigbang.com/home/apt/items/50078810
2026-10-10 08:04:43,파크리오,송파구,신천동,매매,저,84.9,25.68,288000,0,28.8,33C,,49202608,https://www.zigbang.com/home/apt/items/49202608
2026-10-10 08:04:43,파크리오,송파구,신천동,매매,중,84.9,25.68,288000,0,28.8,33C,,50653085,https://www.zigbang.com/home/apt/items/50653085
2026-10-10 08:04:43,파크리오,송파구,신천동,매매,저,84.79,25.65,289000,0,28.9,33B1,,50533435,https://www.zigbang.com/home/apt/items/50533435
2026-10-10 08:04:43,파크리오,송파구,신천동,매매,중,84.9,25.68,290000,0,29.0,33C,,50593062,https://www.zigbang.com/home/apt/items/50593062
2026-10-10 08:04:43,파크리오,송파구,신천동,매매,저,84.79,25.65,290000,0,29.0,33B1,,50559596,https://www.zigbang.com/home/apt/items/50559596
2026-10-10 08:04:43,파크리오,송파구,신천동,매매,저,84.79,25.65,290000,0,29.0,33B,,50498630,https://www.zigbang.com/home/apt/items/50498630
2026-10-10 08:04:43,파크리오,송파구,신천동,매매,고,84.9,25.68,290000,0,29.0,33C,,50263365,https://www.zigbang.com/home/apt/items/50263365
2026-10-10 08:04:43,파크리오,송파구,신천동,매매,중,84.79,25.65,290000,0,29.0,33B,,50263331,https://www.zigbang.com/home/apt/items/50263331
2026-10-10 08:04:43,파크리오,송파구,신천동,매매,저,84.9,25.68,290000,0,29.0,33C,,50161480,https://www.zigbang.com/home/apt/items/50161480
2026-10-10 08:04:43,파크리오,송파구,신천동,매매,저,84.79,25.65,290000,0,29.0,33B,,50046313,https://www.zigbang.com/home/apt/items/50046313
2026-10-10 08:04:43,파크리오,송파구,신천동,매매,고,84.9,25.68,290000,0,29.0,33C,,50045691,https://www.zigbang.com/home/apt/items/50045691
2026-10-10 08:04:43,파크리오,송파구,신천동,매매,중,84.79,25.65,290000,0,29.0,33B,,49331656,https://www.zigbang.com/home/apt/items/49331656
2026-10-10 08:04:43,파크리오,송파구,신천동,매매,저,84.9,25.68,290000,0,29.0,33C,,49291137,https://www.zigbang.com/home/apt/items/49291137
2026-10-10 08:04:43,파크리오,송파구,신천동,매매,8,84.79,25.65,290000,0,29.0,33B,,49291073,https://www.zigbang.com/home/apt/items/49291073
2026-10-10 08:04:43,파크리오,송파구,신천동,매매,중,84.79,25.65,290000,0,29.0,33B,,49035063,https://www.zigbang.com/home/apt/items/49035063
2026-10-10 08:04:43,파크리오,송파구,신천동,매매,저,84.79,25.65,290000,0,29.0,33B,,49013142,https://www.zigbang.com/home/apt/items/49013142
2026-10-10 08:04:43,파크리오,송파구,신천동,매매,중,84.9,25.68,290000,0,29.0,33C,,48290640,https://www.zigbang.com/home/apt/items/48290640
2026-10-10 08:04:43,파크리오,송파구,신천동,매매,중,84.79,25.65,290000,0,29.0,33B,,50326120,https://www.zigbang.com/home/apt/items/50326120
2026-10-10 08:04:43,파크리오,송파구,신천동,매매,중,84.9,25.68,290000,0,29.0,33C,,50269739,https://www.zigbang.com/home/apt/items/50269739
2026-10-10 08:04:43,파크리오,송파구,신천동,매매,고,84.79,25.65,293000,0,29.3,33B1,,49532200,https://www.zigbang.com/home/apt/items/49532200
2026-10-10 08:04:43,파크리오,송파구,신천동,매매,고,84.9,25.68,295000,0,29.5,33C,,50655451,https://www.zigbang.com/home/apt/items/50655451
2026-10-10 08:04:43,파크리오,송파구,신천동,매매,고,84.9,25.68,295000,0,29.5,33C,,50129112,https://www.zigbang.com/home/apt/items/50129112
2026-10-10 08:04:43,파크리오,송파구,신천동,매매,저,84.79,25.65,295000,0,29.5,33B,,50058835,https://www.zigbang.com/home/apt/items/50058835
2026-10-10 08:04:43,파크리오,송파구,신천동,매매,저,84.9,25.68,295000,0,29.5,33C,,49703241,https://www.zigbang.com/home/apt/items/49703241
2026-10-10 08:04:43,파크리오,송파구,신천동,매매,저,84.79,25.65,295000,0,29.5,33B1,,49583230,https://www.zigbang.com/home/apt/items/49583230
2026-10-10 08:04:43,파크리오,송파구,신천동,매매,저,84.79,25.65,295000,0,29.5,33B1,,49291186,https://www.zigbang.com/home/apt/items/49291186
2026-10-10 08:04:43,파크리오,송파구,신천동,매매,중,84.79,25.65,295000,0,29.5,33B,,48657091,https://www.zigbang.com/home/apt/items/48657091
2026-10-10 08:04:43,파크리오,송파구,신천동,매매,중,84.9,25.68,295000,0,29.5,33C,,50655372,https://www.zigbang.com/home/apt/items/50655372
2026-10-10 08:04:43,파크리오,송파구,신천동,매매,고,84.9,25.68,295000,0,29.5,33C,,50653509,https://www.zigbang.com/home/apt/items/50653509
2026-10-10 08:04:43,파크리오,송파구,신천동,매매,저,84.79,25.65,295000,0,29.5,33B,,50161433,https://www.zigbang.com/home/apt/items/50161433
2026-10-10 08:04:43,파크리오,송파구,신천동,매매,17,84.9,25.68,297000,0,29.7,33C,,50339785,https://www.zigbang.com/home/apt/items/50339785
2026-10-10 08:04:43,파크리오,송파구,신천동,매매,저,84.9,25.68,298000,0,29.8,33C,,49194279,https://www.zigbang.com/home/apt/items/49194279
2026-10-10 08:04:43,파크리오,송파구,신천동,매매,중,84.79,25.65,298000,0,29.8,33B,,48946008,https://www.zigbang.com/home/apt/items/48946008
2026-10-10 08:04:43,파크리오,송파구,신천동,매매,고,84.9,25.68,298000,0,29.8,33C,,50652938,https://www.zigbang.com/home/apt/items/50652938
2026-10-10 08:04:43,파크리오,송파구,신천동,매매,고,59.86,18.11,300000,0,30.0,26B,,50578360,https://www.zigbang.com/home/apt/items/50578360
2026-10-10 08:04:43,파크리오,송파구,신천동,매매,저,84.9,25.68,300000,0,30.0,33C,,50166552,https://www.zigbang.com/home/apt/items/50166552
2026-10-10 08:04:43,파크리오,송파구,신천동,매매,저,84.79,25.65,300000,0,30.0,33B,,50046290,https://www.zigbang.com/home/apt/items/50046290
2026-10-10 08:04:43,파크리오,송파구,신천동,매매,중,84.9,25.68,300000,0,30.0,33C,,49680364,https://www.zigbang.com/home/apt/items/49680364
2026-10-10 08:04:43,파크리오,송파구,신천동,매매,중,84.79,25.65,300000,0,30.0,33B,,49075008,https://www.zigbang.com/home/apt/items/49075008
2026-10-10 08:04:43,파크리오,송파구,신천동,매매,저,84.79,25.65,300000,0,30.0,33B,,49052903,https://www.zigbang.com/home/apt/items/49052903
2026-10-10 08:04:43,파크리오,송파구,신천동,매매,중,84.9,25.68,300000,0,30.0,33C,,50653157,https://www.zigbang.com/home/apt/items/50653157
2026-10-10 08:04:43,파크리오,송파구,신천동,매매,고,84.9,25.68,300000,0,30.0,33C,,50631763,https://www.zigbang.com/home/apt/items/50631763
2026-10-10 08:04:43,파크리오,송파구,신천동,매매,저,84.9,25.68,305000,0,30.5,33C,,50557033,https://www.zigbang.com/home/apt/items/50557033
2026-10-10 08:04:43,파크리오,송파구,신천동,매매,중,84.79,25.65,305000,0,30.5,33B,,50196903,https://www.zigbang.com/home/apt/items/50196903
2026-10-10 08:04:43,파크리오,송파구,신천동,매매,중,84.9,25.68,305000,0,30.5,33C,,50139403,https://www.zigbang.com/home/apt/items/50139403
2026-10-10 08:04:43,파크리오,송파구,신천동,매매,고,84.79,25.65,305000,0,30.5,33B,,50058981,https://www.zigbang.com/home/apt/items/50058981
2026-10-10 08:04:43,파크리오,송파구,신천동,매매,고,84.9,25.68,305000,0,30.5,33C,,49767596,https://www.zigbang.com/home/apt/items/49767596
2026-10-10 08:04:43,파크리오,송파구,신천동,매매,중,84.79,25.65,305000,0,30.5,33B,,49348987,https://www.zigbang.com/home/apt/items/49348987
2026-10-10 08:04:43,파크리오,송파구,신천동,매매,중,84.79,25.65,310000,0,31.0,33B,,50256859,https://www.zigbang.com/home/apt/items/50256859
2026-10-10 08:04:43,파크리오,송파구,신천동,매매,중,84.79,25.65,310000,0,31.0,33B,,49290970,https://www.zigbang.com/home/apt/items/49290970
2026-10-10 08:04:43,파크리오,송파구,신천동,매매,중,84.79,25.65,310000,0,31.0,33B1,,49081680,https://www.zigbang.com/home/apt/items/49081680
2026-10-10 08:04:43,파크리오,송파구,신천동,매매,고,84.79,25.65,310000,0,31.0,33B,,48897246,https://www.zigbang.com/home/apt/items/48897246
2026-10-10 08:04:43,파크리오,송파구,신천동,매매,중,84.79,25.65,310000,0,31.0,33B,,48564059,https://www.zigbang.com/home/apt/items/48564059
2026-10-10 08:04:43,파크리오,송파구,신천동,매매,고,84.97,25.7,310000,0,31.0,33A,,48563835,https://www.zigbang.com/home/apt/items/48563835
2026-10-10 08:04:43,파크리오,송파구,신천동,매매,중,84.97,25.7,310000,0,31.0,33A,,50655920,https://www.zigbang.com/home/apt/items/50655920
2026-10-10 08:04:43,파크리오,송파구,신천동,매매,중,84.9,25.68,310000,0,31.0,33C,,49738650,https://www.zigbang.com/home/apt/items/49738650
2026-10-10 08:04:43,파크리오,송파구,신천동,매매,중,84.97,25.7,315000,0,31.5,33A,,50196901,https://www.zigbang.com/home/apt/items/50196901
2026-10-10 08:04:43,파크리오,송파구,신천동,매매,중,84.9,25.68,325000,0,32.5,33C,,50592413,https://www.zigbang.com/home/apt/items/50592413
2026-10-10 08:04:43,파크리오,송파구,신천동,매매,저,121.63,36.79,335000,0,33.5,45,,46833274,https://www.zigbang.com/home/apt/items/46833274
2026-10-10 08:04:43,파크리오,송파구,신천동,매매,저,144.77,43.79,345000,0,34.5,53,,49128788,https://www.zigbang.com/home/apt/items/49128788
2026-10-10 08:04:43,파크리오,송파구,신천동,매매,중,144.77,43.79,350000,0,35.0,53,,50636025,https://www.zigbang.com/home/apt/items/50636025
2026-10-10 08:04:43,파크리오,송파구,신천동,매매,고,121.63,36.79,350000,0,35.0,45,,48779975,https://www.zigbang.com/home/apt/items/48779975
2026-10-10 08:04:43,파크리오,송파구,신천동,매매,30,121.63,36.79,353000,0,35.3,45,,50249030,https://www.zigbang.com/home/apt/items/50249030
2026-10-10 08:04:43,파크리오,송파구,신천동,매매,저,121.63,36.79,353000,0,35.3,45,,49531813,https://www.zigbang.com/home/apt/items/49531813
2026-10-10 08:04:43,파크리오,송파구,신천동,매매,저,121.63,36.79,355000,0,35.5,45,,50079157,https://www.zigbang.com/home/apt/items/50079157
2026-10-10 08:04:43,파크리오,송파구,신천동,매매,중,121.63,36.79,355000,0,35.5,45,,50046077,https://www.zigbang.com/home/apt/items/50046077
2026-10-10 08:04:43,파크리오,송파구,신천동,매매,중,121.63,36.79,355000,0,35.5,45,,49186435,https://www.zigbang.com/home/apt/items/49186435
2026-10-10 08:04:43,파크리오,송파구,신천동,매매,고,84.97,25.7,360000,0,36.0,33A,,50578403,https://www.zigbang.com/home/apt/items/50578403
2026-10-10 08:04:43,파크리오,송파구,신천동,매매,중,144.77,43.79,360000,0,36.0,53,,50058640,https://www.zigbang.com/home/apt/items/50058640
2026-10-10 08:04:43,파크리오,송파구,신천동,매매,고,121.63,36.79,360000,0,36.0,45,,50046369,https://www.zigbang.com/home/apt/items/50046369
2026-10-10 08:04:43,파크리오,송파구,신천동,매매,저,121.63,36.79,360000,0,36.0,45,,49192467,https://www.zigbang.com/home/apt/items/49192467
2026-10-10 08:04:43,파크리오,송파구,신천동,매매,고,121.63,36.79,360000,0,36.0,45,,48946214,https://www.zigbang.com/home/apt/items/48946214
2026-10-10 08:04:43,파크리오,송파구,신천동,매매,중,144.77,43.79,360000,0,36.0,53,,49023941,https://www.zigbang.com/home/apt/items/49023941
2026-10-10 08:04:43,파크리오,송파구,신천동,매매,중,121.63,36.79,360000,0,36.0,45,,48657122,https://www.zigbang.com/home/apt/items/48657122
2026-10-10 08:04:43,파크리오,송파구,신천동,매매,중,121.63,36.79,360000,0,36.0,45,,50655708,https://www.zigbang.com/home/apt/items/50655708
2026-10-10 08:04:43,파크리오,송파구,신천동,매매,중,121.63,36.79,365000,0,36.5,45,,49167654,https://www.zigbang.com/home/apt/items/49167654
2026-10-10 08:04:43,파크리오,송파구,신천동,매매,고,121.63,36.79,370000,0,37.0,45,,49532673,https://www.zigbang.com/home/apt/items/49532673
2026-10-10 08:04:43,파크리오,송파구,신천동,매매,중,121.63,36.79,380000,0,38.0,45,,50544710,https://www.zigbang.com/home/apt/items/50544710
2026-10-10 08:04:43,파크리오,송파구,신천동,매매,고,144.77,43.79,390000,0,39.0,53,,50164455,https://www.zigbang.com/home/apt/items/50164455
2026-10-10 08:04:43,파크리오,송파구,신천동,매매,중,144.77,43.79,390000,0,39.0,53,,48702898,https://www.zigbang.com/home/apt/items/48702898
2026-10-10 08:04:43,한신코아,송파구,신천동,월세,12,41.99,12.7,25000,80,2.5,18,,50242566,https://www.zigbang.com/home/apt/items/50242566
2026-10-10 08:04:43,한신코아,송파구,신천동,월세,13,41.99,12.7,30000,50,3.0,18,,50389091,https://www.zigbang.com/home/apt/items/50389091
2026-10-10 08:04:43,한신코아,송파구,신천동,매매,중,31.5,9.53,140000,0,14.0,13,,50242877,https://www.zigbang.com/home/apt/items/50242877
2026-10-10 08:04:43,한신코아,송파구,신천동,매매,저,41.99,12.7,155000,0,15.5,18,,50359642,https://www.zigbang.com/home/apt/items/50359642
2026-10-10 08:04:43,한신코아,송파구,신천동,매매,고,41.99,12.7,157000,0,15.7,18,,50580691,https://www.zigbang.com/home/apt/items/50580691
2026-10-10 08:04:43,한신코아,송파구,신천동,매매,고,41.99,12.7,157000,0,15.7,18,,50509345,https://www.zigbang.com/home/apt/items/50509345
2026-10-10 08:04:43,한신코아,송파구,신천동,매매,6,41.99,12.7,160000,0,16.0,18,,50423906,https://www.zigbang.com/home/apt/items/50423906
2026-10-10 08:04:43,한신코아,송파구,신천동,매매,중,41.99,12.7,160000,0,16.0,18,,50341254,https://www.zigbang.com/home/apt/items/50341254
2026-10-10 08:04:43,한신코아,송파구,신천동,매매,고,41.99,12.7,160000,0,16.0,18,,50262941,https://www.zigbang.com/home/apt/items/50262941
2026-10-10 08:04:43,한신코아,송파구,신천동,매매,저,41.99,12.7,160000,0,16.0,18,,50242799,https://www.zigbang.com/home/apt/items/50242799
2026-10-10 08:04:43,한신코아,송파구,신천동,매매,저,52.51,15.88,178000,0,17.8,23,,50242942,https://www.zigbang.com/home/apt/items/50242942
2026-10-10 08:04:43,한신코아,송파구,신천동,매매,저,52.51,15.88,180000,0,18.0,23,,50423764,https://www.zigbang.com/home/apt/items/50423764
2026-10-10 08:04:43,한신코아,송파구,신천동,매매,저,52.51,15.88,183000,0,18.3,23,,50341120,https://www.zigbang.com/home/apt/items/50341120
2026-10-10 08:04:43,한신코아,송파구,신천동,매매,저,52.51,15.88,183000,0,18.3,23,,50215113,https://www.zigbang.com/home/apt/items/50215113
2026-10-10 08:04:43,현대타워,송파구,신천동,전세,중,106.65,32.26,110000,0,11.0,42,,50411409,https://www.zigbang.com/home/apt/items/50411409
2026-10-10 08:04:43,가락상아,송파구,오금동,매매,저,60.7,18.36,200000,0,20.0,25,,50635517,https://www.zigbang.com/home/apt/items/50635517
2026-10-10 08:04:43,가락우창,송파구,오금동,매매,11,109.72,33.19,190000,0,19.0,39,,50625542,https://www.zigbang.com/home/apt/items/50625542
2026-10-10 08:04:43,대림,송파구,오금동,월세,4,84.91,25.69,45000,140,4.5,31,,50653733,https://www.zigbang.com/home/apt/items/50653733
2026-10-10 08:04:43,대림,송파구,오금동,월세,8,84.91,25.69,45000,140,4.5,31,,50648026,https://www.zigbang.com/home/apt/items/50648026
2026-10-10 08:04:43,대림,송파구,오금동,매매,1,84.91,25.69,220000,0,22.0,31,,50648033,https://www.zigbang.com/home/apt/items/50648033
2026-10-10 08:04:43,대림,송파구,오금동,매매,2,84.91,25.69,227000,0,22.7,31,,49574119,https://www.zigbang.com/home/apt/items/49574119
2026-10-10 08:04:43,대림,송파구,오금동,매매,2,84.91,25.69,233000,0,23.3,31,,50624097,https://www.zigbang.com/home/apt/items/50624097
2026-10-10 08:04:43,대림,송파구,오금동,매매,3,84.91,25.69,234000,0,23.4,31,,50648042,https://www.zigbang.com/home/apt/items/50648042
2026-10-10 08:04:43,대림,송파구,오금동,매매,4,84.91,25.69,240000,0,24.0,31,,50648076,https://www.zigbang.com/home/apt/items/50648076
2026-10-10 08:04:43,대림,송파구,오금동,매매,5,84.91,25.69,240000,0,24.0,31,,50648072,https://www.zigbang.com/home/apt/items/50648072
2026-10-10 08:04:43,대림,송파구,오금동,매매,5,84.91,25.69,240000,0,24.0,31,,50648065,https://www.zigbang.com/home/apt/items/50648065
2026-10-10 08:04:43,대림,송파구,오금동,매매,7,84.91,25.69,240000,0,24.0,31,,50648056,https://www.zigbang.com/home/apt/items/50648056
2026-10-10 08:04:43,대림,송파구,오금동,매매,고,84.91,25.69,240000,0,24.0,31,,50648046,https://www.zigbang.com/home/apt/items/50648046
2026-10-10 08:04:43,대림,송파구,오금동,매매,14,84.91,25.69,240000,0,24.0,31,,50605214,https://www.zigbang.com/home/apt/items/50605214
2026-10-10 08:04:43,대림,송파구,오금동,매매,1,125.79,38.05,254000,0,25.4,44,,50648079,https://www.zigbang.com/home/apt/items/50648079
2026-10-10 08:04:43,대림,송파구,오금동,매매,8,125.79,38.05,255000,0,25.5,44,,50606415,https://www.zigbang.com/home/apt/items/50606415
2026-10-10 08:04:43,대림,송파구,오금동,매매,3,125.79,38.05,260000,0,26.0,44,,50618824,https://www.zigbang.com/home/apt/items/50618824
2026-10-10 08:04:43,르네상스빌,송파구,오금동,매매,고,204.11,61.74,200000,0,20.0,73,,50648821,https://www.zigbang.com/home/apt/items/50648821
2026-10-10 08:04:43,르네상스빌,송파구,오금동,매매,13,204.11,61.74,210000,0,21.0,73,,50648830,https://www.zigbang.com/home/apt/items/50648830
2026-10-10 08:04:43,반석블레스빌,송파구,오금동,전세,1,84.15,25.46,85000,0,8.5,31,,50648258,https://www.zigbang.com/home/apt/items/50648258
2026-10-10 08:04:43,반석블레스빌,송파구,오금동,매매,1,84.15,25.46,120000,0,12.0,31,,257347,https://www.zigbang.com/home/apt/items/257347
2026-10-10 08:04:43,상아2차,송파구,오금동,전세,고,84.98,25.71,85000,0,8.5,31,,50635900,https://www.zigbang.com/home/apt/items/50635900
2026-10-10 08:04:43,송파더플래티넘,송파구,오금동,매매,14,52.6,15.91,138000,0,13.8,21A,,222045,https://www.zigbang.com/home/apt/items/222045
2026-10-10 08:04:43,송파더플래티넘,송파구,오금동,매매,13,66.94,20.25,170000,0,17.0,27C,,243950,https://www.zigbang.com/home/apt/items/243950
2026-10-10 08:04:43,송파더플래티넘,송파구,오금동,매매,6,89.07,26.94,185000,0,18.5,35B,,240308,https://www.zigbang.com/home/apt/items/240308
2026-10-10 08:04:43,송파두산위브,송파구,오금동,월세,저,84.9703,25.7,75000,50,7.5,34,,50648407,https://www.zigbang.com/home/apt/items/50648407
2026-10-10 08:04:43,송파두산위브,송파구,오금동,전세,저,84.9703,25.7,85000,0,8.5,34,,50648410,https://www.zigbang.com/home/apt/items/50648410
2026-10-10 08:04:43,송파두산위브,송파구,오금동,매매,고,59.9823,18.14,150000,0,15.0,25,,50157899,https://www.zigbang.com/home/apt/items/50157899
2026-10-10 08:04:43,송파두산위브,송파구,오금동,매매,8,59.9823,18.14,150000,0,15.0,25,,50648427,https://www.zigbang.com/home/apt/items/50648427
2026-10-10 08:04:43,송파두산위브,송파구,오금동,매매,중,59.9823,18.14,150000,0,15.0,25,,50648420,https://www.zigbang.com/home/apt/items/50648420
2026-10-10 08:04:43,송파두산위브,송파구,오금동,매매,15,59.9823,18.14,150000,0,15.0,25,,50648415,https://www.zigbang.com/home/apt/items/50648415
2026-10-10 08:04:43,송파두산위브,송파구,오금동,매매,16,59.9823,18.14,152000,0,15.2,25,,50648430,https://www.zigbang.com/home/apt/items/50648430
2026-10-10 08:04:43,송파두산위브,송파구,오금동,매매,11,84.9703,25.7,170000,0,17.0,34,,101803,https://www.zigbang.com/home/apt/items/101803
2026-10-10 08:04:43,송파두산위브,송파구,오금동,매매,중,84.9703,25.7,175000,0,17.5,34,,50080297,https://www.zigbang.com/home/apt/items/50080297
2026-10-10 08:04:43,송파두산위브,송파구,오금동,매매,저,84.9703,25.7,180000,0,18.0,34,,49432585,https://www.zigbang.com/home/apt/items/49432585
2026-10-10 08:04:43,송파두산위브,송파구,오금동,매매,고,84.9703,25.7,185000,0,18.5,34,,50042795,https://www.zigbang.com/home/apt/items/50042795
2026-10-10 08:04:43,송파레미니스1단지,송파구,오금동,월세,7,84.94,25.69,60000,120,6.0,37CN,,50158340,https://www.zigbang.com/home/apt/items/50158340
2026-10-10 08:04:43,송파레미니스1단지,송파구,오금동,월세,중,84.99,25.71,75000,80,7.5,37A,,50650484,https://www.zigbang.com/home/apt/items/50650484
2026-10-10 08:04:43,송파레미니스1단지,송파구,오금동,월세,고,84.82,25.66,80000,60,8.0,38B,,50617536,https://www.zigbang.com/home/apt/items/50617536
2026-10-10 08:04:43,송파레미니스1단지,송파구,오금동,전세,7,84.94,25.69,93000,0,9.3,37CN,,50158321,https://www.zigbang.com/home/apt/items/50158321
2026-10-10 08:04:43,송파레미니스1단지,송파구,오금동,전세,중,84.99,25.71,95000,0,9.5,37A,,50651300,https://www.zigbang.com/home/apt/items/50651300
2026-10-10 08:04:43,송파레미니스1단지,송파구,오금동,전세,고,84.82,25.66,95000,0,9.5,38B,,50374831,https://www.zigbang.com/home/apt/items/50374831
2026-10-10 08:04:43,송파레미니스1단지,송파구,오금동,전세,고,84.82,25.66,95000,0,9.5,38B,,50283895,https://www.zigbang.com/home/apt/items/50283895
2026-10-10 08:04:43,송파레미니스1단지,송파구,오금동,전세,저,84.99,25.71,105000,0,10.5,37A,,50417363,https://www.zigbang.com/home/apt/items/50417363
2026-10-10 08:04:43,송파레미니스1단지,송파구,오금동,매매,15,59.85,18.1,170000,0,17.0,27A,,49347450,https://www.zigbang.com/home/apt/items/49347450
2026-10-10 08:04:43,송파레미니스1단지,송파구,오금동,매매,중,84.99,25.71,189500,0,18.95,37A,,50100814,https://www.zigbang.com/home/apt/items/50100814
2026-10-10 08:04:43,송파레미니스1단지,송파구,오금동,매매,10,84.94,25.69,190000,0,19.0,37C,,49352754,https://www.zigbang.com/home/apt/items/49352754
2026-10-10 08:04:43,송파레미니스1단지,송파구,오금동,매매,중,84.82,25.66,195000,0,19.5,38B,,50452852,https://www.zigbang.com/home/apt/items/50452852
2026-10-10 08:04:43,송파레미니스1단지,송파구,오금동,매매,중,84.94,25.69,195000,0,19.5,37CN,,49347435,https://www.zigbang.com/home/apt/items/49347435
2026-10-10 08:04:43,송파레미니스1단지,송파구,오금동,매매,고,84.99,25.71,200000,0,20.0,37A,,50419950,https://www.zigbang.com/home/apt/items/50419950
2026-10-10 08:04:43,송파레미니스1단지,송파구,오금동,매매,고,84.94,25.69,200000,0,20.0,37C,,50276822,https://www.zigbang.com/home/apt/items/50276822
2026-10-10 08:04:43,송파레미니스1단지,송파구,오금동,매매,고,84.82,25.66,210000,0,21.0,38B,,49352741,https://www.zigbang.com/home/apt/items/49352741
2026-10-10 08:04:43,송파레미니스1단지,송파구,오금동,매매,저,84.99,25.71,230000,0,23.0,37A,,49352772,https://www.zigbang.com/home/apt/items/49352772
2026-10-10 08:04:43,송파레미니스2단지,송파구,오금동,전세,중,84.94,25.69,92000,0,9.2,37CN,,50648477,https://www.zigbang.com/home/apt/items/50648477
2026-10-10 08:04:43,송파레미니스2단지,송파구,오금동,매매,저,84.82,25.66,180000,0,18.0,38B,,50070270,https://www.zigbang.com/home/apt/items/50070270
2026-10-10 08:04:43,송파레미니스2단지,송파구,오금동,매매,고,84.94,25.69,186000,0,18.6,37CN,,49555710,https://www.zigbang.com/home/apt/items/49555710
2026-10-10 08:04:43,송파레미니스2단지,송파구,오금동,매매,중,84.82,25.66,190000,0,19.0,38B,,50440839,https://www.zigbang.com/home/apt/items/50440839
2026-10-10 08:04:43,송파레미니스2단지,송파구,오금동,매매,20,84.82,25.66,190000,0,19.0,38B,,49347426,https://www.zigbang.com/home/apt/items/49347426
2026-10-10 08:04:43,송파레미니스2단지,송파구,오금동,매매,고,84.82,25.66,200000,0,20.0,38B,,50648715,https://www.zigbang.com/home/apt/items/50648715
2026-10-10 08:04:43,송파레미니스2단지,송파구,오금동,매매,고,84.94,25.69,200000,0,20.0,37C,,50648710,https://www.zigbang.com/home/apt/items/50648710
2026-10-10 08:04:43,송파레미니스2단지,송파구,오금동,매매,중,84.94,25.69,200000,0,20.0,37CN,,49347456,https://www.zigbang.com/home/apt/items/49347456
2026-10-10 08:04:43,송파호반베르디움더퍼스트,송파구,오금동,전세,중,101.4632,30.69,110000,0,11.0,39,,50367209,https://www.zigbang.com/home/apt/items/50367209
2026-10-10 08:04:43,송파호반베르디움더퍼스트,송파구,오금동,매매,중,101.4632,30.69,176000,0,17.6,39,,50644868,https://www.zigbang.com/home/apt/items/50644868
2026-10-10 08:04:43,송파호반베르디움더퍼스트,송파구,오금동,매매,6,101.4632,30.69,178000,0,17.8,39,,50619260,https://www.zigbang.com/home/apt/items/50619260
2026-10-10 08:04:43,송파호반베르디움더퍼스트,송파구,오금동,매매,9,101.4632,30.69,180000,0,18.0,39,,253924,https://www.zigbang.com/home/apt/items/253924
2026-10-10 08:04:43,송파호반베르디움더퍼스트,송파구,오금동,매매,중,101.4632,30.69,184000,0,18.4,39,,50426466,https://www.zigbang.com/home/apt/items/50426466
2026-10-10 08:04:43,오금쌍용스윗닷홈1차,송파구,오금동,매매,5,84.94,25.69,180000,0,18.0,32,,50648758,https://www.zigbang.com/home/apt/items/50648758
2026-10-10 08:04:43,오금쌍용스윗닷홈1차,송파구,오금동,매매,10,84.94,25.69,185000,0,18.5,32,,50648761,https://www.zigbang.com/home/apt/items/50648761
2026-10-10 08:04:43,오금쌍용스윗닷홈1차,송파구,오금동,매매,고,84.94,25.69,187000,0,18.7,32,,50648768,https://www.zigbang.com/home/apt/items/50648768
2026-10-10 08:04:43,오금우방,송파구,오금동,매매,7,114.96,34.78,250000,0,25.0,44,,257402,https://www.zigbang.com/home/apt/items/257402
2026-10-10 08:04:43,올림픽파크센트레빌,송파구,오금동,전세,12,84.77,25.64,90000,0,9.0,33A,,50648793,https://www.zigbang.com/home/apt/items/50648793
2026-10-10 08:04:43,올림픽파크센트레빌,송파구,오금동,매매,7,84.37,25.52,195000,0,19.5,33B,,50648799,https://www.zigbang.com/home/apt/items/50648799
2026-10-10 08:04:43,올림픽파크센트레빌,송파구,오금동,매매,15,84.37,25.52,200000,0,20.0,33B,,50648804,https://www.zigbang.com/home/apt/items/50648804
2026-10-10 08:04:43,올림픽파크센트레빌,송파구,오금동,매매,15,84.58,25.59,210000,0,21.0,33B,,50648810,https://www.zigbang.com/home/apt/items/50648810
2026-10-10 08:04:43,현대,송파구,오금동,매매,9,84.98,25.71,269000,0,26.9,31,,50300642,https://www.zigbang.com/home/apt/items/50300642
2026-10-10 08:04:43,현대,송파구,오금동,매매,13,84.98,25.71,270000,0,27.0,31,,50626760,https://www.zigbang.com/home/apt/items/50626760
2026-10-10 08:04:43,현대,송파구,오금동,매매,4,84.98,25.71,270000,0,27.0,31,,50647959,https://www.zigbang.com/home/apt/items/50647959
2026-10-10 08:04:43,현대,송파구,오금동,매매,중,84.98,25.71,280000,0,28.0,31,,50647965,https://www.zigbang.com/home/apt/items/50647965
2026-10-10 08:04:43,현대,송파구,오금동,매매,고,84.98,25.71,280000,0,28.0,31,,50647962,https://www.zigbang.com/home/apt/items/50647962
2026-10-10 08:04:43,현대,송파구,오금동,매매,1,130.93,39.61,285000,0,28.5,46,,50606868,https://www.zigbang.com/home/apt/items/50606868
2026-10-10 08:04:43,현대,송파구,오금동,매매,5,130.93,39.61,290000,0,29.0,46,,50647969,https://www.zigbang.com/home/apt/items/50647969
2026-10-10 08:04:43,현대,송파구,오금동,매매,9,130.93,39.61,295000,0,29.5,46,,50647975,https://www.zigbang.com/home/apt/items/50647975
2026-10-10 08:04:43,현대,송파구,오금동,매매,2,130.93,39.61,298000,0,29.8,46,,50647979,https://www.zigbang.com/home/apt/items/50647979
2026-10-10 08:04:43,현대,송파구,오금동,매매,중,130.93,39.61,300000,0,30.0,46,,50647992,https://www.zigbang.com/home/apt/items/50647992
2026-10-10 08:04:43,현대,송파구,오금동,매매,8,130.93,39.61,300000,0,30.0,46,,50647989,https://www.zigbang.com/home/apt/items/50647989
2026-10-10 08:04:43,현대,송파구,오금동,매매,8,130.93,39.61,300000,0,30.0,46,,50647987,https://www.zigbang.com/home/apt/items/50647987
2026-10-10 08:04:43,현대,송파구,오금동,매매,9,130.93,39.61,300000,0,30.0,46,,50647986,https://www.zigbang.com/home/apt/items/50647986
2026-10-10 08:04:43,현대,송파구,오금동,매매,9,130.93,39.61,300000,0,30.0,46,,50647983,https://www.zigbang.com/home/apt/items/50647983
2026-10-10 08:04:43,현대,송파구,오금동,매매,10,130.93,39.61,300000,0,30.0,46,,50606970,https://www.zigbang.com/home/apt/items/50606970
2026-10-10 08:04:43,현대,송파구,오금동,매매,3,170.32,51.52,325000,0,32.5,58,,50647994,https://www.zigbang.com/home/apt/items/50647994
2026-10-10 08:04:43,현대,송파구,오금동,매매,10,170.32,51.52,325000,0,32.5,58,,50606681,https://www.zigbang.com/home/apt/items/50606681
2026-10-10 08:04:43,현대,송파구,오금동,매매,저,170.32,51.52,330000,0,33.0,58,,50648000,https://www.zigbang.com/home/apt/items/50648000
2026-10-10 08:04:43,현대,송파구,오금동,매매,저,170.32,51.52,340000,0,34.0,58,,50648003,https://www.zigbang.com/home/apt/items/50648003
2026-10-10 08:04:43,현대,송파구,오금동,매매,1,170.32,51.52,340000,0,34.0,58,,50606772,https://www.zigbang.com/home/apt/items/50606772
2026-10-10 08:04:43,현대,송파구,오금동,매매,4,170.32,51.52,350000,0,35.0,58,,50648005,https://www.zigbang.com/home/apt/items/50648005
2026-10-10 08:04:43,현대백조,송파구,오금동,매매,16,80.25,24.28,175000,0,17.5,31,,50648196,https://www.zigbang.com/home/apt/items/50648196
2026-10-10 08:04:43,현대백조,송파구,오금동,매매,저,84.92,25.69,185000,0,18.5,33,,50648198,https://www.zigbang.com/home/apt/items/50648198
2026-10-10 08:04:43,현대백조,송파구,오금동,매매,중,114.36,34.59,210000,0,21.0,42,,50648204,https://www.zigbang.com/home/apt/items/50648204
2026-10-10 08:04:43,현대백조,송파구,오금동,매매,10,114.36,34.59,225000,0,22.5,42,,50648211,https://www.zigbang.com/home/apt/items/50648211
2026-10-10 08:04:43,갤러리아팰리스,송파구,잠실동,전세,중,162.41,49.13,190000,0,19.0,62A,,50518775,https://www.zigbang.com/home/apt/items/50518775
2026-10-10 08:04:43,갤러리아팰리스,송파구,잠실동,매매,4,163.93,49.59,365000,0,36.5,63C,,50605075,https://www.zigbang.com/home/apt/items/50605075
2026-10-10 08:04:43,갤러리아팰리스,송파구,잠실동,매매,중,163.93,49.59,420000,0,42.0,63C,,50399043,https://www.zigbang.com/home/apt/items/50399043
2026-10-10 08:04:43,레이크팰리스,송파구,잠실동,매매,중,59.97,18.14,266000,0,26.6,26B,,50473274,https://www.zigbang.com/home/apt/items/50473274
2026-10-10 08:04:43,레이크팰리스,송파구,잠실동,매매,저,59.97,18.14,282000,0,28.2,26A,,50473156,https://www.zigbang.com/home/apt/items/50473156
2026-10-10 08:04:43,레이크팰리스,송파구,잠실동,매매,고,116.19,35.15,349000,0,34.9,44,,50337395,https://www.zigbang.com/home/apt/items/50337395
2026-10-10 08:04:43,레이크팰리스,송파구,잠실동,매매,중,116.19,35.15,349000,0,34.9,44,,50230347,https://www.zigbang.com/home/apt/items/50230347
2026-10-10 08:04:43,레이크팰리스,송파구,잠실동,매매,중,136.74,41.36,370000,0,37.0,51B,,50410386,https://www.zigbang.com/home/apt/items/50410386
2026-10-10 08:04:43,레이크팰리스,송파구,잠실동,매매,중,135.82,41.09,375000,0,37.5,50A,,50232187,https://www.zigbang.com/home/apt/items/50232187
2026-10-10 08:04:43,레이크팰리스,송파구,잠실동,매매,중,136.74,41.36,415000,0,41.5,51B,,50510403,https://www.zigbang.com/home/apt/items/50510403
2026-10-10 08:04:43,레이크팰리스,송파구,잠실동,매매,고,136.74,41.36,440000,0,44.0,51B,,50492522,https://www.zigbang.com/home/apt/items/50492522
2026-10-10 08:04:43,레이크팰리스,송파구,잠실동,매매,중,135.82,41.09,440000,0,44.0,50A,,50428699,https://www.zigbang.com/home/apt/items/50428699
2026-10-10 08:04:43,리센츠,송파구,잠실동,월세,고,84.99,25.71,20000,500,2.0,33H,,50649994,https://www.zigbang.com/home/apt/items/50649994
2026-10-10 08:04:43,리센츠,송파구,잠실동,월세,중,84.99,25.71,50000,480,5.0,33B,,50575082,https://www.zigbang.com/home/apt/items/50575082
2026-10-10 08:04:43,리센츠,송파구,잠실동,전세,고,27.68,8.37,63000,0,6.3,13A,,50488172,https://www.zigbang.com/home/apt/items/50488172
2026-10-10 08:04:43,리센츠,송파구,잠실동,전세,저,27.68,8.37,65000,0,6.5,13B,,50649958,https://www.zigbang.com/home/apt/items/50649958
2026-10-10 08:04:43,리센츠,송파구,잠실동,월세,저,84.99,25.71,70000,300,7.0,33B,,50649973,https://www.zigbang.com/home/apt/items/50649973
2026-10-10 08:04:43,리센츠,송파구,잠실동,월세,저,124.22,37.58,70000,500,7.0,48B,,49620559,https://www.zigbang.com/home/apt/items/49620559
2026-10-10 08:04:43,리센츠,송파구,잠실동,월세,저,124.22,37.58,70000,400,7.0,48A,,49577444,https://www.zigbang.com/home/apt/items/49577444
2026-10-10 08:04:43,리센츠,송파구,잠실동,전세,저,27.68,8.37,80000,0,8.0,13C,,50533213,https://www.zigbang.com/home/apt/items/50533213
2026-10-10 08:04:43,리센츠,송파구,잠실동,전세,저,27.68,8.37,80000,0,8.0,13C,,50532326,https://www.zigbang.com/home/apt/items/50532326
2026-10-10 08:04:43,리센츠,송파구,잠실동,전세,중,84.99,25.71,155000,0,15.5,33H,,50533129,https://www.zigbang.com/home/apt/items/50533129
2026-10-10 08:04:43,리센츠,송파구,잠실동,매매,고,27.68,8.37,155000,0,15.5,13A,,50367087,https://www.zigbang.com/home/apt/items/50367087
2026-10-10 08:04:43,리센츠,송파구,잠실동,전세,저,84.99,25.71,155000,0,15.5,33A,,49716051,https://www.zigbang.com/home/apt/items/49716051
2026-10-10 08:04:43,리센츠,송파구,잠실동,전세,중,124.22,37.58,200000,0,20.0,48B,,50533442,https://www.zigbang.com/home/apt/items/50533442
2026-10-10 08:04:43,리센츠,송파구,잠실동,매매,중,84.99,25.71,360000,0,36.0,33H,,50650023,https://www.zigbang.com/home/apt/items/50650023
2026-10-10 08:04:43,"우성1,2,3차",송파구,잠실동,매매,중,96.65,29.24,400000,0,40.0,31A,,49980778,https://www.zigbang.com/home/apt/items/49980778
2026-10-10 08:04:43,우성4차,송파구,잠실동,매매,저,81.14,24.54,250000,0,25.0,27,,50569925,https://www.zigbang.com/home/apt/items/50569925
2026-10-10 08:04:43,우성4차,송파구,잠실동,매매,저,81.14,24.54,250000,0,25.0,27,,50396643,https://www.zigbang.com/home/apt/items/50396643
2026-10-10 08:04:43,우성4차,송파구,잠실동,매매,중,81.14,24.54,255000,0,25.5,27,,50415045,https://www.zigbang.com/home/apt/items/50415045
2026-10-10 08:04:43,우성4차,송파구,잠실동,매매,8,81.14,24.54,255000,0,25.5,27,,253607,https://www.zigbang.com/home/apt/items/253607
2026-10-10 08:04:43,우성4차,송파구,잠실동,매매,6,95.84,28.99,260000,0,26.0,32,,50632877,https://www.zigbang.com/home/apt/items/50632877
2026-10-10 08:04:43,우성4차,송파구,잠실동,매매,중,81.14,24.54,260000,0,26.0,27,,50564335,https://www.zigbang.com/home/apt/items/50564335
2026-10-10 08:04:43,우성4차,송파구,잠실동,매매,14,81.14,24.54,260000,0,26.0,27,,50404290,https://www.zigbang.com/home/apt/items/50404290
2026-10-10 08:04:43,우성4차,송파구,잠실동,매매,1,81.14,24.54,260000,0,26.0,27,,50300633,https://www.zigbang.com/home/apt/items/50300633
2026-10-10 08:04:43,우성4차,송파구,잠실동,매매,중,115.83,35.04,261000,0,26.1,38,,50392782,https://www.zigbang.com/home/apt/items/50392782
2026-10-10 08:04:43,우성4차,송파구,잠실동,매매,고,95.84,28.99,275000,0,27.5,32,,49984095,https://www.zigbang.com/home/apt/items/49984095
2026-10-10 08:04:43,우성4차,송파구,잠실동,매매,중,95.84,28.99,280000,0,28.0,32,,50544218,https://www.zigbang.com/home/apt/items/50544218
2026-10-10 08:04:43,우성4차,송파구,잠실동,매매,중,95.84,28.99,280000,0,28.0,32,,50300636,https://www.zigbang.com/home/apt/items/50300636
2026-10-10 08:04:43,우성4차,송파구,잠실동,매매,14,115.83,35.04,300000,0,30.0,38,,50318537,https://www.zigbang.com/home/apt/items/50318537
2026-10-10 08:04:43,잠실엘스,송파구,잠실동,월세,저,59.96,18.14,20000,360,2.0,25,,50549163,https://www.zigbang.com/home/apt/items/50549163
2026-10-10 08:04:43,잠실엘스,송파구,잠실동,월세,고,59.96,18.14,80000,160,8.0,25,,50396509,https://www.zigbang.com/home/apt/items/50396509
2026-10-10 08:04:43,잠실엘스,송파구,잠실동,전세,고,59.96,18.14,125000,0,12.5,25,,50549079,https://www.zigbang.com/home/apt/items/50549079
2026-10-10 08:04:43,잠실엘스,송파구,잠실동,매매,저,59.96,18.14,280000,0,28.0,25,,50548567,https://www.zigbang.com/home/apt/items/50548567
2026-10-10 08:04:43,잠실엘스,송파구,잠실동,매매,저,84.88,25.68,306000,0,30.6,33A,,50548691,https://www.zigbang.com/home/apt/items/50548691
2026-10-10 08:04:43,잠실엘스,송파구,잠실동,매매,중,84.8,25.65,335000,0,33.5,34,,50640177,https://www.zigbang.com/home/apt/items/50640177
2026-10-10 08:04:43,잠실엘스,송파구,잠실동,매매,2,84.8,25.65,350000,0,35.0,34,,50504345,https://www.zigbang.com/home/apt/items/50504345
2026-10-10 08:04:43,잠실주공5단지,송파구,잠실동,매매,저,76.49,23.14,370000,0,37.0,34B,,50527163,https://www.zigbang.com/home/apt/items/50527163
2026-10-10 08:04:43,잠실주공5단지,송파구,잠실동,매매,저,76.49,23.14,375000,0,37.5,34B,,50564569,https://www.zigbang.com/home/apt/items/50564569
2026-10-10 08:04:43,잠실주공5단지,송파구,잠실동,매매,저,76.49,23.14,380000,0,38.0,34B,,50435019,https://www.zigbang.com/home/apt/items/50435019
2026-10-10 08:04:43,잠실주공5단지,송파구,잠실동,매매,중,76.49,23.14,384000,0,38.4,34B,,50423513,https://www.zigbang.com/home/apt/items/50423513
2026-10-10 08:04:43,잠실주공5단지,송파구,잠실동,매매,저,76.49,23.14,384000,0,38.4,34B,,50273585,https://www.zigbang.com/home/apt/items/50273585
2026-10-10 08:04:43,잠실주공5단지,송파구,잠실동,매매,중,76.49,23.14,384000,0,38.4,34B,,50273023,https://www.zigbang.com/home/apt/items/50273023
2026-10-10 08:04:43,잠실주공5단지,송파구,잠실동,매매,1,76.49,23.14,385000,0,38.5,34B,,50291294,https://www.zigbang.com/home/apt/items/50291294
2026-10-10 08:04:43,잠실주공5단지,송파구,잠실동,매매,중,76.49,23.14,390000,0,39.0,34B,,50273280,https://www.zigbang.com/home/apt/items/50273280
2026-10-10 08:04:43,잠실주공5단지,송파구,잠실동,매매,중,76.49,23.14,390000,0,39.0,34B,,50291298,https://www.zigbang.com/home/apt/items/50291298
2026-10-10 08:04:43,잠실주공5단지,송파구,잠실동,매매,고,76.49,23.14,390000,0,39.0,34B,,50291295,https://www.zigbang.com/home/apt/items/50291295
2026-10-10 08:04:43,잠실주공5단지,송파구,잠실동,매매,고,81.75,24.73,395000,0,39.5,35,,50391198,https://www.zigbang.com/home/apt/items/50391198
2026-10-10 08:04:43,잠실주공5단지,송파구,잠실동,매매,중,76.49,23.14,410000,0,41.0,34A,,50273402,https://www.zigbang.com/home/apt/items/50273402
2026-10-10 08:04:43,잠실주공5단지,송파구,잠실동,매매,고,76.49,23.14,410000,0,41.0,34B,,50291301,https://www.zigbang.com/home/apt/items/50291301
2026-10-10 08:04:43,잠실주공5단지,송파구,잠실동,매매,중,76.49,23.14,415000,0,41.5,34B,,50214951,https://www.zigbang.com/home/apt/items/50214951
2026-10-10 08:04:43,잠실주공5단지,송파구,잠실동,매매,중,76.49,23.14,415000,0,41.5,34B,,49691504,https://www.zigbang.com/home/apt/items/49691504
2026-10-10 08:04:43,잠실주공5단지,송파구,잠실동,매매,중,76.49,23.14,415000,0,41.5,34B,,49691256,https://www.zigbang.com/home/apt/items/49691256
2026-10-10 08:04:43,잠실주공5단지,송파구,잠실동,매매,저,76.49,23.14,420000,0,42.0,34A,,50214846,https://www.zigbang.com/home/apt/items/50214846
2026-10-10 08:04:43,잠실주공5단지,송파구,잠실동,매매,중,76.49,23.14,420000,0,42.0,34B,,49691359,https://www.zigbang.com/home/apt/items/49691359
2026-10-10 08:04:43,잠실주공5단지,송파구,잠실동,매매,고,82.51,24.96,445000,0,44.5,36A,,50273299,https://www.zigbang.com/home/apt/items/50273299
2026-10-10 08:04:43,잠실주공5단지,송파구,잠실동,매매,저,82.51,24.96,450000,0,45.0,36A,,50423633,https://www.zigbang.com/home/apt/items/50423633
2026-10-10 08:04:43,잠실주공5단지,송파구,잠실동,매매,저,82.51,24.96,450000,0,45.0,36A,,50382996,https://www.zigbang.com/home/apt/items/50382996
2026-10-10 08:04:43,잠실주공5단지,송파구,잠실동,매매,중,82.51,24.96,450000,0,45.0,36A,,50214885,https://www.zigbang.com/home/apt/items/50214885
2026-10-10 08:04:43,잠실주공5단지,송파구,잠실동,매매,고,82.61,24.99,460000,0,46.0,36B,,50156792,https://www.zigbang.com/home/apt/items/50156792
2026-10-10 08:04:43,트리지움,송파구,잠실동,월세,중,59.88,18.11,20000,400,2.0,25,,50438984,https://www.zigbang.com/home/apt/items/50438984
2026-10-10 08:04:43,트리지움,송파구,잠실동,월세,중,84.95,25.7,30000,425,3.0,33A,,50439049,https://www.zigbang.com/home/apt/items/50439049
2026-10-10 08:04:43,트리지움,송파구,잠실동,월세,저,59.88,18.11,30000,330,3.0,25,,50439016,https://www.zigbang.com/home/apt/items/50439016
2026-10-10 08:04:43,트리지움,송파구,잠실동,월세,고,84.83,25.66,40000,400,4.0,33,,50439117,https://www.zigbang.com/home/apt/items/50439117
2026-10-10 08:04:43,트리지움,송파구,잠실동,월세,중,84.83,25.66,40000,400,4.0,33,,50439084,https://www.zigbang.com/home/apt/items/50439084
2026-10-10 08:04:43,트리지움,송파구,잠실동,월세,중,59.88,18.11,45000,300,4.5,25,,50439152,https://www.zigbang.com/home/apt/items/50439152
2026-10-10 08:04:43,트리지움,송파구,잠실동,월세,저,84.83,25.66,50000,350,5.0,33,,50439185,https://www.zigbang.com/home/apt/items/50439185
2026-10-10 08:04:43,트리지움,송파구,잠실동,월세,중,59.88,18.11,70000,160,7.0,25,,49655547,https://www.zigbang.com/home/apt/items/49655547
2026-10-10 08:04:43,현대,송파구,잠실동,매매,6,84.68,25.62,220000,0,22.0,31B,,212496,https://www.zigbang.com/home/apt/items/212496
2026-10-10 08:04:43,송파꿈에그린위례24단지,송파구,장지동,월세,중,51.77,15.66,30000,160,3.0,21A,,50400206,https://www.zigbang.com/home/apt/items/50400206
2026-10-10 08:04:43,송파꿈에그린위례24단지,송파구,장지동,월세,고,84.93,25.69,50000,180,5.0,35B,,50363750,https://www.zigbang.com/home/apt/items/50363750
2026-10-10 08:04:43,송파꿈에그린위례24단지,송파구,장지동,월세,중,59.63,18.04,51000,120,5.1,25A,,50614624,https://www.zigbang.com/home/apt/items/50614624
2026-10-10 08:04:43,송파꿈에그린위례24단지,송파구,장지동,월세,중,84.96,25.7,60000,140,6.0,35A,,50577138,https://www.zigbang.com/home/apt/items/50577138
2026-10-10 08:04:43,송파꿈에그린위례24단지,송파구,장지동,전세,중,51.77,15.66,68000,0,6.8,21AN,,49806254,https://www.zigbang.com/home/apt/items/49806254
2026-10-10 08:04:43,송파꿈에그린위례24단지,송파구,장지동,전세,중,51.77,15.66,70000,0,7.0,21A,,50571372,https://www.zigbang.com/home/apt/items/50571372
2026-10-10 08:04:43,송파꿈에그린위례24단지,송파구,장지동,월세,중,75.97,22.98,70000,60,7.0,31A,,50443058,https://www.zigbang.com/home/apt/items/50443058
2026-10-10 08:04:43,송파꿈에그린위례24단지,송파구,장지동,월세,고,84.96,25.7,70000,100,7.0,35A,,50421806,https://www.zigbang.com/home/apt/items/50421806
2026-10-10 08:04:43,송파꿈에그린위례24단지,송파구,장지동,전세,15,51.77,15.66,70000,0,7.0,21A,,254629,https://www.zigbang.com/home/apt/items/254629
2026-10-10 08:04:43,송파꿈에그린위례24단지,송파구,장지동,전세,고,51.82,15.68,70000,0,7.0,21B,,49897606,https://www.zigbang.com/home/apt/items/49897606
2026-10-10 08:04:43,송파꿈에그린위례24단지,송파구,장지동,월세,중,75.97,22.98,70000,60,7.0,31A,,50469461,https://www.zigbang.com/home/apt/items/50469461
2026-10-10 08:04:43,송파꿈에그린위례24단지,송파구,장지동,전세,중,75.97,22.98,85000,0,8.5,31A,,50416461,https://www.zigbang.com/home/apt/items/50416461
2026-10-10 08:04:43,송파꿈에그린위례24단지,송파구,장지동,전세,고,84.96,25.7,95000,0,9.5,35A,,50416858,https://www.zigbang.com/home/apt/items/50416858
2026-10-10 08:04:43,송파꿈에그린위례24단지,송파구,장지동,매매,저,51.77,15.66,153000,0,15.3,21A,,50486161,https://www.zigbang.com/home/apt/items/50486161
2026-10-10 08:04:43,송파꿈에그린위례24단지,송파구,장지동,매매,저,51.77,15.66,160000,0,16.0,21A,,50346420,https://www.zigbang.com/home/apt/items/50346420
2026-10-10 08:04:43,송파꿈에그린위례24단지,송파구,장지동,매매,저,51.77,15.66,160000,0,16.0,21A,,50606476,https://www.zigbang.com/home/apt/items/50606476
2026-10-10 08:04:43,송파꿈에그린위례24단지,송파구,장지동,매매,저,51.77,15.66,161000,0,16.1,21A,,50346268,https://www.zigbang.com/home/apt/items/50346268
2026-10-10 08:04:43,송파꿈에그린위례24단지,송파구,장지동,매매,고,51.77,15.66,161000,0,16.1,21A,,49796544,https://www.zigbang.com/home/apt/items/49796544
2026-10-10 08:04:43,송파꿈에그린위례24단지,송파구,장지동,매매,중,51.77,15.66,162000,0,16.2,21AN,,50276313,https://www.zigbang.com/home/apt/items/50276313
2026-10-10 08:04:43,송파꿈에그린위례24단지,송파구,장지동,매매,저,51.77,15.66,162000,0,16.2,21A,,50264288,https://www.zigbang.com/home/apt/items/50264288
2026-10-10 08:04:43,송파꿈에그린위례24단지,송파구,장지동,매매,중,51.77,15.66,162000,0,16.2,21A,,50230096,https://www.zigbang.com/home/apt/items/50230096
2026-10-10 08:04:43,송파꿈에그린위례24단지,송파구,장지동,매매,고,51.77,15.66,162000,0,16.2,21A,,50154402,https://www.zigbang.com/home/apt/items/50154402
2026-10-10 08:04:43,송파꿈에그린위례24단지,송파구,장지동,매매,고,51.77,15.66,162000,0,16.2,21A,,50122240,https://www.zigbang.com/home/apt/items/50122240
2026-10-10 08:04:43,송파꿈에그린위례24단지,송파구,장지동,매매,중,51.82,15.68,163000,0,16.3,21B,,50590368,https://www.zigbang.com/home/apt/items/50590368
2026-10-10 08:04:43,송파꿈에그린위례24단지,송파구,장지동,매매,중,51.77,15.66,163000,0,16.3,21AN,,50568726,https://www.zigbang.com/home/apt/items/50568726
2026-10-10 08:04:43,송파꿈에그린위례24단지,송파구,장지동,매매,고,51.77,15.66,163000,0,16.3,21A,,50523998,https://www.zigbang.com/home/apt/items/50523998
2026-10-10 08:04:43,송파꿈에그린위례24단지,송파구,장지동,매매,중,51.77,15.66,163000,0,16.3,21A,,50119179,https://www.zigbang.com/home/apt/items/50119179
2026-10-10 08:04:43,송파꿈에그린위례24단지,송파구,장지동,매매,저,51.77,15.66,163000,0,16.3,21A,,49561326,https://www.zigbang.com/home/apt/items/49561326
2026-10-10 08:04:43,송파꿈에그린위례24단지,송파구,장지동,매매,고,51.77,15.66,163000,0,16.3,21A,,49226331,https://www.zigbang.com/home/apt/items/49226331
2026-10-10 08:04:43,송파꿈에그린위례24단지,송파구,장지동,매매,중,51.77,15.66,163000,0,16.3,21A,,49077800,https://www.zigbang.com/home/apt/items/49077800
2026-10-10 08:04:43,송파꿈에그린위례24단지,송파구,장지동,매매,고,51.77,15.66,163000,0,16.3,21A,,49077746,https://www.zigbang.com/home/apt/items/49077746
2026-10-10 08:04:43,송파꿈에그린위례24단지,송파구,장지동,매매,4,51.77,15.66,165000,0,16.5,21A,,49784913,https://www.zigbang.com/home/apt/items/49784913
2026-10-10 08:04:43,송파꿈에그린위례24단지,송파구,장지동,매매,중,51.77,15.66,165000,0,16.5,21A,,49444698,https://www.zigbang.com/home/apt/items/49444698
2026-10-10 08:04:43,송파꿈에그린위례24단지,송파구,장지동,매매,중,51.82,15.68,165000,0,16.5,21B,,50607553,https://www.zigbang.com/home/apt/items/50607553
2026-10-10 08:04:43,송파꿈에그린위례24단지,송파구,장지동,매매,고,51.77,15.66,168000,0,16.8,21A,,50362877,https://www.zigbang.com/home/apt/items/50362877
2026-10-10 08:04:43,송파꿈에그린위례24단지,송파구,장지동,매매,중,51.77,15.66,170000,0,17.0,21A,,50375981,https://www.zigbang.com/home/apt/items/50375981
2026-10-10 08:04:43,송파꿈에그린위례24단지,송파구,장지동,매매,고,51.77,15.66,170000,0,17.0,21A,,50127690,https://www.zigbang.com/home/apt/items/50127690
2026-10-10 08:04:43,송파꿈에그린위례24단지,송파구,장지동,매매,14,54.12,16.37,170000,0,17.0,22A,,49444565,https://www.zigbang.com/home/apt/items/49444565
2026-10-10 08:04:43,송파꿈에그린위례24단지,송파구,장지동,매매,10,59.63,18.04,183000,0,18.3,25A,,49444419,https://www.zigbang.com/home/apt/items/49444419
2026-10-10 08:04:43,송파꿈에그린위례24단지,송파구,장지동,매매,저,59.66,18.05,186000,0,18.6,25C,,50437589,https://www.zigbang.com/home/apt/items/50437589
2026-10-10 08:04:43,송파꿈에그린위례24단지,송파구,장지동,매매,중,59.63,18.04,187000,0,18.7,25A,,50078699,https://www.zigbang.com/home/apt/items/50078699
2026-10-10 08:04:43,송파꿈에그린위례24단지,송파구,장지동,매매,중,59.85,18.1,188000,0,18.8,25C1,,50129619,https://www.zigbang.com/home/apt/items/50129619
2026-10-10 08:04:43,송파꿈에그린위례24단지,송파구,장지동,매매,저,59.63,18.04,189000,0,18.9,25A,,50328647,https://www.zigbang.com/home/apt/items/50328647
2026-10-10 08:04:43,송파꿈에그린위례24단지,송파구,장지동,매매,저,59.63,18.04,190000,0,19.0,25A,,49910948,https://www.zigbang.com/home/apt/items/49910948
2026-10-10 08:04:43,송파꿈에그린위례24단지,송파구,장지동,매매,중,59.63,18.04,195000,0,19.5,25A,,50203917,https://www.zigbang.com/home/apt/items/50203917
2026-10-10 08:04:43,송파꿈에그린위례24단지,송파구,장지동,매매,고,59.63,18.04,200000,0,20.0,25A,,50484584,https://www.zigbang.com/home/apt/items/50484584
2026-10-10 08:04:43,송파꿈에그린위례24단지,송파구,장지동,매매,고,75.97,22.98,213000,0,21.3,31A,,50601651,https://www.zigbang.com/home/apt/items/50601651
2026-10-10 08:04:43,송파꿈에그린위례24단지,송파구,장지동,매매,고,75.97,22.98,215000,0,21.5,31A,,50346374,https://www.zigbang.com/home/apt/items/50346374
2026-10-10 08:04:43,송파꿈에그린위례24단지,송파구,장지동,매매,중,75.97,22.98,215000,0,21.5,31A,,49796372,https://www.zigbang.com/home/apt/items/49796372
2026-10-10 08:04:43,송파꿈에그린위례24단지,송파구,장지동,매매,고,75.97,22.98,215000,0,21.5,31A,,49371806,https://www.zigbang.com/home/apt/items/49371806
2026-10-10 08:04:43,송파꿈에그린위례24단지,송파구,장지동,매매,고,75.97,22.98,215000,0,21.5,31A,,49040930,https://www.zigbang.com/home/apt/items/49040930
2026-10-10 08:04:43,송파꿈에그린위례24단지,송파구,장지동,매매,저,84.93,25.69,220000,0,22.0,35B,,50400415,https://www.zigbang.com/home/apt/items/50400415
2026-10-10 08:04:43,송파꿈에그린위례24단지,송파구,장지동,매매,6,75.97,22.98,220000,0,22.0,31A1N,,49438901,https://www.zigbang.com/home/apt/items/49438901
2026-10-10 08:04:43,송파꿈에그린위례24단지,송파구,장지동,매매,저,84.96,25.7,225000,0,22.5,35A,,50425685,https://www.zigbang.com/home/apt/items/50425685
2026-10-10 08:04:43,송파꿈에그린위례24단지,송파구,장지동,매매,중,84.93,25.69,225000,0,22.5,35B,,49572784,https://www.zigbang.com/home/apt/items/49572784
2026-10-10 08:04:43,송파꿈에그린위례24단지,송파구,장지동,매매,저,84.96,25.7,230000,0,23.0,35A,,50207414,https://www.zigbang.com/home/apt/items/50207414
2026-10-10 08:04:43,송파꿈에그린위례24단지,송파구,장지동,매매,고,84.96,25.7,235000,0,23.5,35A,,50258421,https://www.zigbang.com/home/apt/items/50258421
2026-10-10 08:04:43,송파꿈에그린위례24단지,송파구,장지동,매매,고,84.96,25.7,235000,0,23.5,35A,,50611993,https://www.zigbang.com/home/apt/items/50611993
2026-10-10 08:04:43,송파꿈에그린위례24단지,송파구,장지동,매매,고,84.93,25.69,240000,0,24.0,35C,,50346287,https://www.zigbang.com/home/apt/items/50346287
2026-10-10 08:04:43,송파꿈에그린위례24단지,송파구,장지동,매매,14,84.96,25.7,250000,0,25.0,35A,,49475132,https://www.zigbang.com/home/apt/items/49475132
2026-10-10 08:04:43,송파더센트레,송파구,장지동,월세,저,51.77,15.66,20000,220,2.0,22A,,50397478,https://www.zigbang.com/home/apt/items/50397478
2026-10-10 08:04:43,송파더센트레,송파구,장지동,월세,고,51.77,15.66,30000,180,3.0,22A,,49497043,https://www.zigbang.com/home/apt/items/49497043
2026-10-10 08:04:43,송파더센트레,송파구,장지동,월세,고,51.77,15.66,40000,140,4.0,22A,,49826402,https://www.zigbang.com/home/apt/items/49826402
2026-10-10 08:04:43,송파더센트레,송파구,장지동,월세,고,51.77,15.66,40000,140,4.0,22A,,49012193,https://www.zigbang.com/home/apt/items/49012193
2026-10-10 08:04:43,송파더센트레,송파구,장지동,월세,중,51.77,15.66,45000,100,4.5,22A,,50632164,https://www.zigbang.com/home/apt/items/50632164
2026-10-10 08:04:43,송파더센트레,송파구,장지동,전세,저,51.77,15.66,62000,0,6.2,22A,,50459215,https://www.zigbang.com/home/apt/items/50459215
2026-10-10 08:04:43,송파더센트레,송파구,장지동,전세,저,51.77,15.66,64000,0,6.4,22A,,50511058,https://www.zigbang.com/home/apt/items/50511058
2026-10-10 08:04:43,송파더센트레,송파구,장지동,전세,고,51.77,15.66,65000,0,6.5,22A,,50632070,https://www.zigbang.com/home/apt/items/50632070
2026-10-10 08:04:43,송파더센트레,송파구,장지동,전세,고,51.77,15.66,65000,0,6.5,22A,,50408656,https://www.zigbang.com/home/apt/items/50408656
2026-10-10 08:04:43,송파더센트레,송파구,장지동,전세,중,51.77,15.66,65000,0,6.5,22A,,49877736,https://www.zigbang.com/home/apt/items/49877736
2026-10-10 08:04:43,송파더센트레,송파구,장지동,전세,중,51.77,15.66,67000,0,6.7,22A,,49826356,https://www.zigbang.com/home/apt/items/49826356
2026-10-10 08:04:43,송파더센트레,송파구,장지동,전세,6,59.73,18.07,75000,0,7.5,26B,,50639529,https://www.zigbang.com/home/apt/items/50639529
2026-10-10 08:04:43,송파더센트레,송파구,장지동,전세,중,59.85,18.1,75000,0,7.5,26C,,50408412,https://www.zigbang.com/home/apt/items/50408412
2026-10-10 08:04:43,송파더센트레,송파구,장지동,매매,저,51.77,15.66,155000,0,15.5,22A,,50649136,https://www.zigbang.com/home/apt/items/50649136
2026-10-10 08:04:43,송파더센트레,송파구,장지동,매매,저,51.77,15.66,155000,0,15.5,22A,,50632277,https://www.zigbang.com/home/apt/items/50632277
2026-10-10 08:04:43,송파더센트레,송파구,장지동,매매,고,51.82,15.68,155000,0,15.5,22A1,,50632230,https://www.zigbang.com/home/apt/items/50632230
2026-10-10 08:04:43,송파더센트레,송파구,장지동,매매,저,51.96,15.72,155000,0,15.5,22B1,,50404569,https://www.zigbang.com/home/apt/items/50404569
2026-10-10 08:04:43,송파더센트레,송파구,장지동,매매,저,51.77,15.66,158000,0,15.8,22A,,50484831,https://www.zigbang.com/home/apt/items/50484831
2026-10-10 08:04:43,송파더센트레,송파구,장지동,매매,11,51.77,15.66,158000,0,15.8,22A,,50325454,https://www.zigbang.com/home/apt/items/50325454
2026-10-10 08:04:43,송파더센트레,송파구,장지동,매매,중,51.77,15.66,158000,0,15.8,22A,,50178822,https://www.zigbang.com/home/apt/items/50178822
2026-10-10 08:04:43,송파더센트레,송파구,장지동,매매,저,51.77,15.66,158000,0,15.8,22A,,49913449,https://www.zigbang.com/home/apt/items/49913449
2026-10-10 08:04:43,송파더센트레,송파구,장지동,매매,중,51.77,15.66,158000,0,15.8,22A,,49789473,https://www.zigbang.com/home/apt/items/49789473
2026-10-10 08:04:43,송파더센트레,송파구,장지동,매매,고,51.77,15.66,159500,0,15.95,22A,,50632443,https://www.zigbang.com/home/apt/items/50632443
2026-10-10 08:04:43,송파더센트레,송파구,장지동,매매,8,51.96,15.72,160000,0,16.0,22B1,,50518688,https://www.zigbang.com/home/apt/items/50518688
2026-10-10 08:04:43,송파더센트레,송파구,장지동,매매,저,51.77,15.66,160000,0,16.0,22A,,50361564,https://www.zigbang.com/home/apt/items/50361564
2026-10-10 08:04:43,송파더센트레,송파구,장지동,매매,고,51.82,15.68,160000,0,16.0,22A1,,49925465,https://www.zigbang.com/home/apt/items/49925465
2026-10-10 08:04:43,송파더센트레,송파구,장지동,매매,7,51.82,15.68,160000,0,16.0,22A1,,49789406,https://www.zigbang.com/home/apt/items/49789406
2026-10-10 08:04:43,송파더센트레,송파구,장지동,매매,12,51.77,15.66,160000,0,16.0,22A,,49445885,https://www.zigbang.com/home/apt/items/49445885
2026-10-10 08:04:43,송파더센트레,송파구,장지동,매매,13,51.77,15.66,161000,0,16.1,22A,,50648976,https://www.zigbang.com/home/apt/items/50648976
2026-10-10 08:04:43,송파더센트레,송파구,장지동,매매,고,51.77,15.66,161000,0,16.1,22A,,50484818,https://www.zigbang.com/home/apt/items/50484818
2026-10-10 08:04:43,송파더센트레,송파구,장지동,매매,중,51.77,15.66,163000,0,16.3,22A,,50484792,https://www.zigbang.com/home/apt/items/50484792
2026-10-10 08:04:43,송파더센트레,송파구,장지동,매매,고,51.77,15.66,165000,0,16.5,22A,,48428052,https://www.zigbang.com/home/apt/items/48428052
2026-10-10 08:04:43,송파더센트레,송파구,장지동,매매,저,59.96,18.14,178000,0,17.8,26A,,50632552,https://www.zigbang.com/home/apt/items/50632552
2026-10-10 08:04:43,송파더센트레,송파구,장지동,매매,중,59.85,18.1,180000,0,18.0,26C,,50632642,https://www.zigbang.com/home/apt/items/50632642
2026-10-10 08:04:43,송파더센트레,송파구,장지동,매매,저,59.96,18.14,180000,0,18.0,26A,,50632594,https://www.zigbang.com/home/apt/items/50632594
2026-10-10 08:04:43,송파더센트레,송파구,장지동,매매,저,59.85,18.1,180000,0,18.0,26C,,50203630,https://www.zigbang.com/home/apt/items/50203630
2026-10-10 08:04:43,송파더센트레,송파구,장지동,매매,고,59.85,18.1,185000,0,18.5,26C,,50484783,https://www.zigbang.com/home/apt/items/50484783
2026-10-10 08:04:43,송파더센트레,송파구,장지동,매매,저,59.73,18.07,195000,0,19.5,26B,,50200212,https://www.zigbang.com/home/apt/items/50200212
2026-10-10 08:04:43,송파와이즈더샵,송파구,장지동,전세,고,96.71,29.25,100000,0,10.0,38H,,49644897,https://www.zigbang.com/home/apt/items/49644897
2026-10-10 08:04:43,송파와이즈더샵,송파구,장지동,전세,중,97.16,29.39,105000,0,10.5,38G,,50651098,https://www.zigbang.com/home/apt/items/50651098
2026-10-10 08:04:43,송파와이즈더샵,송파구,장지동,매매,10,97.07,29.36,240000,0,24.0,39B,,49479654,https://www.zigbang.com/home/apt/items/49479654
2026-10-10 08:04:43,송파와이즈더샵,송파구,장지동,매매,저,96.53,29.2,245000,0,24.5,38C,,50653439,https://www.zigbang.com/home/apt/items/50653439
2026-10-10 08:04:43,송파와이즈더샵,송파구,장지동,매매,고,96.75,29.27,290000,0,29.0,38B,,47684559,https://www.zigbang.com/home/apt/items/47684559
2026-10-10 08:04:43,송파파인타운12단지,송파구,장지동,매매,1,84.76,25.64,179000,0,17.9,34A,,50644617,https://www.zigbang.com/home/apt/items/50644617
2026-10-10 08:04:43,송파파인타운3단지,송파구,장지동,매매,중,84.98,25.71,185000,0,18.5,32T2,,47078910,https://www.zigbang.com/home/apt/items/47078910
2026-10-10 08:04:43,송파파인타운3단지,송파구,장지동,매매,중,84.94,25.69,192000,0,19.2,32A,,49491503,https://www.zigbang.com/home/apt/items/49491503
2026-10-10 08:04:43,위례2차아이파크,송파구,장지동,전세,27,108.13,32.71,103000,0,10.3,43A,,50316765,https://www.zigbang.com/home/apt/items/50316765
2026-10-10 08:04:43,위례2차아이파크,송파구,장지동,전세,저,115.64,34.98,110000,0,11.0,45A,,48271601,https://www.zigbang.com/home/apt/items/48271601
2026-10-10 08:04:43,위례2차아이파크,송파구,장지동,매매,5,90.88,27.49,227000,0,22.7,36C,,50482609,https://www.zigbang.com/home/apt/items/50482609
2026-10-10 08:04:43,위례2차아이파크,송파구,장지동,매매,23,90.88,27.49,235000,0,23.5,36C,,50653284,https://www.zigbang.com/home/apt/items/50653284
2026-10-10 08:04:43,위례2차아이파크,송파구,장지동,매매,25,90.88,27.49,240000,0,24.0,36C,,50644288,https://www.zigbang.com/home/apt/items/50644288
2026-10-10 08:04:43,위례2차아이파크,송파구,장지동,매매,저,115.64,34.98,250000,0,25.0,45A,,50326924,https://www.zigbang.com/home/apt/items/50326924
2026-10-10 08:04:43,위례송파푸르지오,송파구,장지동,매매,고,106.96,32.36,245000,0,24.5,42A,,47924633,https://www.zigbang.com/home/apt/items/47924633
2026-10-10 08:04:43,위례송파푸르지오,송파구,장지동,매매,저,106.84,32.32,250000,0,25.0,42,,50327683,https://www.zigbang.com/home/apt/items/50327683
2026-10-10 08:04:43,위례송파푸르지오,송파구,장지동,매매,고,111.6,33.76,250000,0,25.0,44D,,50326724,https://www.zigbang.com/home/apt/items/50326724
2026-10-10 08:04:43,위례송파푸르지오,송파구,장지동,매매,중,108.59,32.85,300000,0,30.0,43,,50276140,https://www.zigbang.com/home/apt/items/50276140
2026-10-10 08:04:43,위례아이파크,송파구,장지동,월세,저,100.85,30.51,80000,140,8.0,40B,,50230938,https://www.zigbang.com/home/apt/items/50230938
2026-10-10 08:04:43,위례아이파크,송파구,장지동,전세,고,87.68,26.52,95000,0,9.5,35B,,50547087,https://www.zigbang.com/home/apt/items/50547087
2026-10-10 08:04:43,위례아이파크,송파구,장지동,전세,고,87.83,26.57,100000,0,10.0,35C,,49973792,https://www.zigbang.com/home/apt/items/49973792
2026-10-10 08:04:43,위례아이파크,송파구,장지동,전세,22,100.85,30.51,111000,0,11.1,40B,,49530554,https://www.zigbang.com/home/apt/items/49530554
2026-10-10 08:04:43,위례아이파크,송파구,장지동,전세,저,100.78,30.49,115000,0,11.5,40A,,50230571,https://www.zigbang.com/home/apt/items/50230571
2026-10-10 08:04:43,위례아이파크,송파구,장지동,매매,중,87.83,26.57,220000,0,22.0,35C,,50602222,https://www.zigbang.com/home/apt/items/50602222
2026-10-10 08:04:43,위례아이파크,송파구,장지동,매매,중,87.83,26.57,230000,0,23.0,35C,,50650485,https://www.zigbang.com/home/apt/items/50650485
2026-10-10 08:04:43,위례아이파크,송파구,장지동,매매,고,87.83,26.57,230000,0,23.0,35C,,50078864,https://www.zigbang.com/home/apt/items/50078864
2026-10-10 08:04:43,위례아이파크,송파구,장지동,매매,고,87.83,26.57,235000,0,23.5,35C,,50006600,https://www.zigbang.com/home/apt/items/50006600
2026-10-10 08:04:43,위례아이파크,송파구,장지동,매매,중,87.83,26.57,235000,0,23.5,35C,,49461283,https://www.zigbang.com/home/apt/items/49461283
2026-10-10 08:04:43,위례중앙푸르지오1단지,송파구,장지동,전세,중,84.78,25.65,95000,0,9.5,34A,,50371991,https://www.zigbang.com/home/apt/items/50371991
2026-10-10 08:04:43,위례중앙푸르지오1단지,송파구,장지동,전세,저,84.78,25.65,100000,0,10.0,34A,,50567927,https://www.zigbang.com/home/apt/items/50567927
2026-10-10 08:04:43,위례중앙푸르지오1단지,송파구,장지동,전세,10,110.22,33.34,105000,0,10.5,43E,,49446763,https://www.zigbang.com/home/apt/items/49446763
2026-10-10 08:04:43,위례중앙푸르지오1단지,송파구,장지동,전세,중,102.04,30.87,108000,0,10.8,41,,49467520,https://www.zigbang.com/home/apt/items/49467520
2026-10-10 08:04:43,위례중앙푸르지오1단지,송파구,장지동,매매,중,84.89,25.68,230000,0,23.0,34D,,49571742,https://www.zigbang.com/home/apt/items/49571742
2026-10-10 08:04:43,위례중앙푸르지오1단지,송파구,장지동,매매,중,84.94,25.69,240000,0,24.0,33G,,50653420,https://www.zigbang.com/home/apt/items/50653420
2026-10-10 08:04:43,위례중앙푸르지오1단지,송파구,장지동,매매,12,110.27,33.36,249000,0,24.9,43C,,49532256,https://www.zigbang.com/home/apt/items/49532256
2026-10-10 08:04:43,위례중앙푸르지오1단지,송파구,장지동,매매,중,110.22,33.34,270000,0,27.0,43E,,48387204,https://www.zigbang.com/home/apt/items/48387204
2026-10-10 08:04:43,위례중앙푸르지오1단지,송파구,장지동,매매,저,110.27,33.36,320000,0,32.0,44A,,50653386,https://www.zigbang.com/home/apt/items/50653386
2026-10-10 08:04:43,위례중앙푸르지오2단지,송파구,장지동,전세,고,84.736,25.63,100000,0,10.0,34D,,50436111,https://www.zigbang.com/home/apt/items/50436111
2026-10-10 08:04:43,위례중앙푸르지오2단지,송파구,장지동,매매,고,84.736,25.63,213000,0,21.3,34D,,49574942,https://www.zigbang.com/home/apt/items/49574942
2026-10-10 08:04:43,위례중앙푸르지오2단지,송파구,장지동,매매,고,196.446,59.42,480000,0,48.0,79,,50402513,https://www.zigbang.com/home/apt/items/50402513
2026-10-10 08:04:43,힐스테이트송파위례,송파구,장지동,월세,저,101.38,30.67,75000,160,7.5,39C,,50397891,https://www.zigbang.com/home/apt/items/50397891
2026-10-10 08:04:43,힐스테이트송파위례,송파구,장지동,월세,저,101.8,30.79,95000,70,9.5,39A,,50397789,https://www.zigbang.com/home/apt/items/50397789
2026-10-10 08:04:43,힐스테이트송파위례,송파구,장지동,전세,고,101.8,30.79,103000,0,10.3,39A,,50456647,https://www.zigbang.com/home/apt/items/50456647
2026-10-10 08:04:43,힐스테이트송파위례,송파구,장지동,전세,중,101.8,30.79,105000,0,10.5,39D,,50456488,https://www.zigbang.com/home/apt/items/50456488
2026-10-10 08:04:43,힐스테이트송파위례,송파구,장지동,전세,고,101.8,30.79,105000,0,10.5,39A,,47822840,https://www.zigbang.com/home/apt/items/47822840
2026-10-10 08:04:43,힐스테이트송파위례,송파구,장지동,전세,저,101.8,30.79,113000,0,11.3,39A,,50398168,https://www.zigbang.com/home/apt/items/50398168
2026-10-10 08:04:43,힐스테이트송파위례,송파구,장지동,매매,12,101.8,30.79,230000,0,23.0,39E,,50641217,https://www.zigbang.com/home/apt/items/50641217
2026-10-10 08:04:43,힐스테이트송파위례,송파구,장지동,매매,24,101.38,30.67,235000,0,23.5,39C,,50348402,https://www.zigbang.com/home/apt/items/50348402
2026-10-10 08:04:43,힐스테이트송파위례,송파구,장지동,매매,29,101.38,30.67,250000,0,25.0,39G,,50653265,https://www.zigbang.com/home/apt/items/50653265
2026-10-10 08:04:43,KNP상상,송파구,풍납동,매매,2,84.95,25.7,108000,0,10.8,31,,50621120,https://www.zigbang.com/home/apt/items/50621120
2026-10-10 08:04:43,갑을,송파구,풍납동,매매,중,84.9,25.68,145000,0,14.5,32,,50080929,https://www.zigbang.com/home/apt/items/50080929
2026-10-10 08:04:43,강변현대,송파구,풍납동,매매,저,83.19,25.16,159000,0,15.9,30,,49085282,https://www.zigbang.com/home/apt/items/49085282
2026-10-10 08:04:43,미성맨션,송파구,풍납동,매매,저,63.39,19.18,190000,0,19.0,26,,50638717,https://www.zigbang.com/home/apt/items/50638717
2026-10-10 08:04:43,신동아,송파구,풍납동,매매,12,59.36,17.96,95000,0,9.5,24,,49520953,https://www.zigbang.com/home/apt/items/49520953
2026-10-10 08:04:43,잠실올림픽공원아이파크,송파구,풍납동,월세,중,59.97,18.14,50000,260,5.0,25A,,49808315,https://www.zigbang.com/home/apt/items/49808315
2026-10-10 08:04:43,잠실올림픽공원아이파크,송파구,풍납동,전세,중,59.97,18.14,105000,0,10.5,25B,,50510521,https://www.zigbang.com/home/apt/items/50510521
2026-10-10 08:04:43,잠실올림픽공원아이파크,송파구,풍납동,전세,저,75.99,22.99,120000,0,12.0,31A,,48707468,https://www.zigbang.com/home/apt/items/48707468
2026-10-10 08:04:43,잠실올림픽공원아이파크,송파구,풍납동,매매,고,51.9,15.7,220000,0,22.0,23,,50444284,https://www.zigbang.com/home/apt/items/50444284
2026-10-10 08:04:43,잠실올림픽공원아이파크,송파구,풍납동,매매,중,75.99,22.99,260000,0,26.0,31A,,50404872,https://www.zigbang.com/home/apt/items/50404872
2026-10-10 08:04:43,잠실올림픽공원아이파크,송파구,풍납동,매매,14,75.99,22.99,268000,0,26.8,31A,,50404103,https://www.zigbang.com/home/apt/items/50404103
2026-10-10 08:04:43,잠실올림픽공원아이파크,송파구,풍납동,매매,중,84.99,25.71,270000,0,27.0,34T,,50398896,https://www.zigbang.com/home/apt/items/50398896
2026-10-10 08:04:43,잠실올림픽공원아이파크,송파구,풍납동,매매,저,75.91,22.96,270000,0,27.0,32T,,49244788,https://www.zigbang.com/home/apt/items/49244788
2026-10-10 08:04:43,잠실올림픽공원아이파크,송파구,풍납동,매매,중,84.99,25.71,270000,0,27.0,34T,,48712470,https://www.zigbang.com/home/apt/items/48712470
2026-10-10 08:04:43,잠실올림픽공원아이파크,송파구,풍납동,매매,중,75.99,22.99,270000,0,27.0,31A,,48707702,https://www.zigbang.com/home/apt/items/48707702
2026-10-10 08:04:43,잠실올림픽공원아이파크,송파구,풍납동,매매,중,84.95,25.7,290000,0,29.0,34C,,50214978,https://www.zigbang.com/home/apt/items/50214978
2026-10-10 08:04:43,잠실올림픽공원아이파크,송파구,풍납동,매매,중,84.99,25.71,290000,0,29.0,34T,,49244559,https://www.zigbang.com/home/apt/items/49244559
2026-10-10 08:04:43,현대리버빌1차,송파구,풍납동,매매,중,43.2,13.07,108000,0,10.8,18,,50349875,https://www.zigbang.com/home/apt/items/50349875
2026-10-10 08:04:43,현대리버빌1차,송파구,풍납동,매매,9,43.2,13.07,114000,0,11.4,18,,50347416,https://www.zigbang.com/home/apt/items/50347416
2026-10-10 08:04:43,현대리버빌1차,송파구,풍납동,매매,고,84.95,25.7,175000,0,17.5,32,,50604716,https://www.zigbang.com/home/apt/items/50604716
2026-10-10 08:04:43,현대리버빌2차,송파구,풍납동,매매,저,78.78,23.83,142000,0,14.2,31,,48548654,https://www.zigbang.com/home/apt/items/48548654
2026-10-10 08:04:43,현대리버빌2차,송파구,풍납동,매매,고,84.97,25.7,158000,0,15.8,32,,50577931,https://www.zigbang.com/home/apt/items/50577931
2026-10-10 08:04:43,현대리버빌2차,송파구,풍납동,매매,중,84.97,25.7,170000,0,17.0,32,,50565653,https://www.zigbang.com/home/apt/items/50565653
