수집시간,단지명,구,동,거래유형,층,면적(m2),평,보증금,월세,가격(억),타입,방향,매물ID,URL
2026-07-18 04:46:36,가락금호,송파구,가락동,매매,17,84.85,25.67,225000,0,22.5,32B,,49694413,https://www.zigbang.com/home/apt/items/49694413
2026-07-18 04:46:36,가락대림,송파구,가락동,매매,중,68.78,20.81,155000,0,15.5,27,,49270265,https://www.zigbang.com/home/apt/items/49270265
2026-07-18 04:46:36,가락대림,송파구,가락동,매매,중,84.11,25.44,176000,0,17.6,31,,49270335,https://www.zigbang.com/home/apt/items/49270335
2026-07-18 04:46:36,가락대림,송파구,가락동,매매,저,99.38,30.06,217000,0,21.7,36,,49428507,https://www.zigbang.com/home/apt/items/49428507
2026-07-18 04:46:36,가락대림,송파구,가락동,매매,중,120.96,36.59,220000,0,22.0,44,,49428467,https://www.zigbang.com/home/apt/items/49428467
2026-07-18 04:46:36,가락대림,송파구,가락동,매매,저,120.96,36.59,220000,0,22.0,44,,49428334,https://www.zigbang.com/home/apt/items/49428334
2026-07-18 04:46:36,가락대림,송파구,가락동,매매,11,120.96,36.59,230000,0,23.0,44,,245523,https://www.zigbang.com/home/apt/items/245523
2026-07-18 04:46:36,가락대림,송파구,가락동,매매,12,120.96,36.59,230000,0,23.0,44,,242752,https://www.zigbang.com/home/apt/items/242752
2026-07-18 04:46:36,가락스타클래스,송파구,가락동,매매,10,84.98,25.71,165000,0,16.5,33D,,49749577,https://www.zigbang.com/home/apt/items/49749577
2026-07-18 04:46:36,가락스타클래스,송파구,가락동,매매,중,84.97,25.7,170000,0,17.0,33C,,49749586,https://www.zigbang.com/home/apt/items/49749586
2026-07-18 04:46:36,가락스타클래스,송파구,가락동,매매,고,84.93,25.69,170000,0,17.0,33B,,49749580,https://www.zigbang.com/home/apt/items/49749580
2026-07-18 04:46:36,가락쌍용1차,송파구,가락동,매매,고,59.92,18.13,210000,0,21.0,25,,49234181,https://www.zigbang.com/home/apt/items/49234181
2026-07-18 04:46:36,가락쌍용1차,송파구,가락동,매매,2,84.69,25.62,240000,0,24.0,33,,207005,https://www.zigbang.com/home/apt/items/207005
2026-07-18 04:46:36,가락쌍용1차,송파구,가락동,매매,1,84.69,25.62,240000,0,24.0,33,,192136,https://www.zigbang.com/home/apt/items/192136
2026-07-18 04:46:36,가락쌍용1차,송파구,가락동,매매,고,84.69,25.62,255000,0,25.5,33,,49446864,https://www.zigbang.com/home/apt/items/49446864
2026-07-18 04:46:36,가락쌍용1차,송파구,가락동,매매,저,84.69,25.62,260000,0,26.0,33,,49446898,https://www.zigbang.com/home/apt/items/49446898
2026-07-18 04:46:36,가락쌍용2차,송파구,가락동,매매,17,59.88,18.11,185000,0,18.5,25,,49283373,https://www.zigbang.com/home/apt/items/49283373
2026-07-18 04:46:36,가락쌍용2차,송파구,가락동,매매,저,84.42,25.54,190000,0,19.0,33,,49380379,https://www.zigbang.com/home/apt/items/49380379
2026-07-18 04:46:36,가락쌍용2차,송파구,가락동,매매,저,84.42,25.54,197000,0,19.7,33,,49262925,https://www.zigbang.com/home/apt/items/49262925
2026-07-18 04:46:36,가락쌍용2차,송파구,가락동,매매,중,84.42,25.54,200000,0,20.0,33,,49380349,https://www.zigbang.com/home/apt/items/49380349
2026-07-18 04:46:36,가락쌍용2차,송파구,가락동,매매,중,84.42,25.54,200000,0,20.0,33,,49263034,https://www.zigbang.com/home/apt/items/49263034
2026-07-18 04:46:36,가락쌍용2차,송파구,가락동,매매,7,84.42,25.54,200000,0,20.0,33,,242553,https://www.zigbang.com/home/apt/items/242553
2026-07-18 04:46:36,더샵송파루미스타,송파구,가락동,전세,중,74.9753,22.68,90000,0,9.0,30,,49368368,https://www.zigbang.com/home/apt/items/49368368
2026-07-18 04:46:36,더샵송파루미스타,송파구,가락동,전세,저,84.9856,25.71,95000,0,9.5,34A,,49411234,https://www.zigbang.com/home/apt/items/49411234
2026-07-18 04:46:36,더샵송파루미스타,송파구,가락동,전세,5,99.9989,30.25,126000,0,12.6,40,,49547182,https://www.zigbang.com/home/apt/items/49547182
2026-07-18 04:46:36,성원상떼빌,송파구,가락동,전세,저,117.16,35.44,100000,0,10.0,44,,49733064,https://www.zigbang.com/home/apt/items/49733064
2026-07-18 04:46:36,성원상떼빌,송파구,가락동,매매,9,101.52,30.71,140000,0,14.0,38,,236008,https://www.zigbang.com/home/apt/items/236008
2026-07-18 04:46:36,성원상떼빌,송파구,가락동,매매,저,101.52,30.71,143000,0,14.3,38,,49737223,https://www.zigbang.com/home/apt/items/49737223
2026-07-18 04:46:36,성원상떼빌,송파구,가락동,매매,저,101.52,30.71,150000,0,15.0,38,,49410607,https://www.zigbang.com/home/apt/items/49410607
2026-07-18 04:46:36,성원상떼빌,송파구,가락동,매매,중,118.85,35.95,152500,0,15.25,45,,49379712,https://www.zigbang.com/home/apt/items/49379712
2026-07-18 04:46:36,성원상떼빌,송파구,가락동,매매,7,117.16,35.44,165000,0,16.5,44,,243559,https://www.zigbang.com/home/apt/items/243559
2026-07-18 04:46:36,송파가락두산위브센티움,송파구,가락동,매매,10,33.1,10.01,27000,0,2.7,14B,,194494,https://www.zigbang.com/home/apt/items/194494
2026-07-18 04:46:36,송파동부센트레빌,송파구,가락동,월세,저,84.98,25.71,70000,120,7.0,32,,49157385,https://www.zigbang.com/home/apt/items/49157385
2026-07-18 04:46:36,송파동부센트레빌,송파구,가락동,월세,고,84.98,25.71,80000,80,8.0,32,,49439029,https://www.zigbang.com/home/apt/items/49439029
2026-07-18 04:46:36,한화오벨리스크,송파구,가락동,매매,20,25.32,7.66,18700,0,1.87,11,,213541,https://www.zigbang.com/home/apt/items/213541
2026-07-18 04:46:36,한화오벨리스크,송파구,가락동,매매,20,48.8,14.76,60000,0,6.0,21,,224644,https://www.zigbang.com/home/apt/items/224644
2026-07-18 04:46:36,헬리오시티,송파구,가락동,월세,중,84.98,25.71,10000,470,1.0,33G,,49263617,https://www.zigbang.com/home/apt/items/49263617
2026-07-18 04:46:36,헬리오시티,송파구,가락동,월세,고,84.95,25.7,20000,440,2.0,33F,,49633181,https://www.zigbang.com/home/apt/items/49633181
2026-07-18 04:46:36,헬리오시티,송파구,가락동,월세,중,110.44,33.41,20000,550,2.0,43B,,49455805,https://www.zigbang.com/home/apt/items/49455805
2026-07-18 04:46:36,헬리오시티,송파구,가락동,월세,저,59.96,18.14,20000,350,2.0,25,,49151572,https://www.zigbang.com/home/apt/items/49151572
2026-07-18 04:46:36,헬리오시티,송파구,가락동,월세,고,59.96,18.14,20000,350,2.0,25,,47770850,https://www.zigbang.com/home/apt/items/47770850
2026-07-18 04:46:36,헬리오시티,송파구,가락동,월세,고,110.44,33.41,20000,550,2.0,43B,,49343871,https://www.zigbang.com/home/apt/items/49343871
2026-07-18 04:46:36,헬리오시티,송파구,가락동,월세,중,110.66,33.47,30000,500,3.0,42A,,49736195,https://www.zigbang.com/home/apt/items/49736195
2026-07-18 04:46:36,헬리오시티,송파구,가락동,월세,중,84.99,25.71,30000,400,3.0,33D,,49711761,https://www.zigbang.com/home/apt/items/49711761
2026-07-18 04:46:36,헬리오시티,송파구,가락동,월세,고,110.66,33.47,30000,560,3.0,42A,,49415009,https://www.zigbang.com/home/apt/items/49415009
2026-07-18 04:46:36,헬리오시티,송파구,가락동,월세,저,84.98,25.71,30000,400,3.0,33K,,49302815,https://www.zigbang.com/home/apt/items/49302815
2026-07-18 04:46:36,헬리오시티,송파구,가락동,월세,29,84.99,25.71,30000,400,3.0,33D,,49730947,https://www.zigbang.com/home/apt/items/49730947
2026-07-18 04:46:36,헬리오시티,송파구,가락동,월세,고,84.99,25.71,30000,400,3.0,33D,,49343938,https://www.zigbang.com/home/apt/items/49343938
2026-07-18 04:46:36,헬리오시티,송파구,가락동,월세,저,84.98,25.71,40000,350,4.0,33K,,49457597,https://www.zigbang.com/home/apt/items/49457597
2026-07-18 04:46:36,헬리오시티,송파구,가락동,월세,저,110.66,33.47,40000,500,4.0,42A,,48559300,https://www.zigbang.com/home/apt/items/48559300
2026-07-18 04:46:36,헬리오시티,송파구,가락동,월세,저,84.98,25.71,50000,320,5.0,33E,,49663243,https://www.zigbang.com/home/apt/items/49663243
2026-07-18 04:46:36,헬리오시티,송파구,가락동,월세,저,84.98,25.71,50000,320,5.0,33E,,49628952,https://www.zigbang.com/home/apt/items/49628952
2026-07-18 04:46:36,헬리오시티,송파구,가락동,월세,저,84.98,25.71,50000,300,5.0,33E,,49506307,https://www.zigbang.com/home/apt/items/49506307
2026-07-18 04:46:36,헬리오시티,송파구,가락동,월세,중,59.96,18.14,50000,240,5.0,25,,49286653,https://www.zigbang.com/home/apt/items/49286653
2026-07-18 04:46:36,헬리오시티,송파구,가락동,월세,고,84.95,25.7,50000,320,5.0,33F,,49343918,https://www.zigbang.com/home/apt/items/49343918
2026-07-18 04:46:36,헬리오시티,송파구,가락동,월세,고,84.95,25.7,60000,300,6.0,33F,,49737293,https://www.zigbang.com/home/apt/items/49737293
2026-07-18 04:46:36,헬리오시티,송파구,가락동,월세,중,84.95,25.7,60000,300,6.0,33F,,49645319,https://www.zigbang.com/home/apt/items/49645319
2026-07-18 04:46:36,헬리오시티,송파구,가락동,월세,중,84.99,25.71,60000,300,6.0,33D,,49449823,https://www.zigbang.com/home/apt/items/49449823
2026-07-18 04:46:36,헬리오시티,송파구,가락동,월세,중,84.98,25.71,70000,240,7.0,33E,,49722781,https://www.zigbang.com/home/apt/items/49722781
2026-07-18 04:46:36,헬리오시티,송파구,가락동,월세,저,59.96,18.14,70000,165,7.0,25,,49722654,https://www.zigbang.com/home/apt/items/49722654
2026-07-18 04:46:36,헬리오시티,송파구,가락동,월세,중,59.96,18.14,70000,165,7.0,25,,49644655,https://www.zigbang.com/home/apt/items/49644655
2026-07-18 04:46:36,헬리오시티,송파구,가락동,월세,중,110.66,33.47,70000,400,7.0,42A,,49428742,https://www.zigbang.com/home/apt/items/49428742
2026-07-18 04:46:36,헬리오시티,송파구,가락동,월세,고,84.98,25.71,70000,240,7.0,32A,,49157938,https://www.zigbang.com/home/apt/items/49157938
2026-07-18 04:46:36,헬리오시티,송파구,가락동,월세,중,84.99,25.71,70000,220,7.0,33D,,48644184,https://www.zigbang.com/home/apt/items/48644184
2026-07-18 04:46:36,헬리오시티,송파구,가락동,월세,저,84.99,25.71,70000,240,7.0,33D,,49343798,https://www.zigbang.com/home/apt/items/49343798
2026-07-18 04:46:36,헬리오시티,송파구,가락동,월세,30,84.98,25.71,80000,200,8.0,32A,,49260709,https://www.zigbang.com/home/apt/items/49260709
2026-07-18 04:46:36,헬리오시티,송파구,가락동,월세,고,59.96,18.14,80000,120,8.0,25,,49238197,https://www.zigbang.com/home/apt/items/49238197
2026-07-18 04:46:36,헬리오시티,송파구,가락동,전세,중,39.1,11.83,80000,0,8.0,18A,,49233885,https://www.zigbang.com/home/apt/items/49233885
2026-07-18 04:46:36,헬리오시티,송파구,가락동,월세,중,59.96,18.14,80000,120,8.0,25,,49227527,https://www.zigbang.com/home/apt/items/49227527
2026-07-18 04:46:36,헬리오시티,송파구,가락동,전세,중,39.86,12.06,85000,0,8.5,19C,,49751435,https://www.zigbang.com/home/apt/items/49751435
2026-07-18 04:46:36,헬리오시티,송파구,가락동,전세,중,39.12,11.83,85000,0,8.5,18B,,49751377,https://www.zigbang.com/home/apt/items/49751377
2026-07-18 04:46:36,헬리오시티,송파구,가락동,전세,고,39.1,11.83,85000,0,8.5,18A,,49723632,https://www.zigbang.com/home/apt/items/49723632
2026-07-18 04:46:36,헬리오시티,송파구,가락동,전세,저,39.1,11.83,85000,0,8.5,18A,,49051204,https://www.zigbang.com/home/apt/items/49051204
2026-07-18 04:46:36,헬리오시티,송파구,가락동,전세,고,59.96,18.14,102000,0,10.2,25,,49113806,https://www.zigbang.com/home/apt/items/49113806
2026-07-18 04:46:36,헬리오시티,송파구,가락동,월세,중,84.95,25.7,105000,100,10.5,33F,,49302931,https://www.zigbang.com/home/apt/items/49302931
2026-07-18 04:46:36,헬리오시티,송파구,가락동,월세,중,84.95,25.7,105000,100,10.5,33F,,49272413,https://www.zigbang.com/home/apt/items/49272413
2026-07-18 04:46:36,헬리오시티,송파구,가락동,전세,고,59.96,18.14,105000,0,10.5,25,,49238072,https://www.zigbang.com/home/apt/items/49238072
2026-07-18 04:46:36,헬리오시티,송파구,가락동,월세,중,84.98,25.71,105000,100,10.5,32A,,48561877,https://www.zigbang.com/home/apt/items/48561877
2026-07-18 04:46:36,헬리오시티,송파구,가락동,전세,고,59.96,18.14,105000,0,10.5,25,,49343927,https://www.zigbang.com/home/apt/items/49343927
2026-07-18 04:46:36,헬리오시티,송파구,가락동,전세,중,59.96,18.14,107000,0,10.7,25,,49570615,https://www.zigbang.com/home/apt/items/49570615
2026-07-18 04:46:36,헬리오시티,송파구,가락동,전세,중,84.98,25.71,123000,0,12.3,33E,,48904285,https://www.zigbang.com/home/apt/items/48904285
2026-07-18 04:46:36,헬리오시티,송파구,가락동,전세,고,84.98,25.71,125000,0,12.5,32A,,49343778,https://www.zigbang.com/home/apt/items/49343778
2026-07-18 04:46:36,헬리오시티,송파구,가락동,전세,중,84.95,25.7,130000,0,13.0,33F,,49724655,https://www.zigbang.com/home/apt/items/49724655
2026-07-18 04:46:36,헬리오시티,송파구,가락동,전세,중,84.98,25.71,130000,0,13.0,32A,,49722913,https://www.zigbang.com/home/apt/items/49722913
2026-07-18 04:46:36,헬리오시티,송파구,가락동,전세,중,84.98,25.71,130000,0,13.0,32A,,49716683,https://www.zigbang.com/home/apt/items/49716683
2026-07-18 04:46:36,헬리오시티,송파구,가락동,전세,고,84.99,25.71,130000,0,13.0,33C,,49675751,https://www.zigbang.com/home/apt/items/49675751
2026-07-18 04:46:36,헬리오시티,송파구,가락동,전세,저,84.99,25.71,130000,0,13.0,33D,,49642666,https://www.zigbang.com/home/apt/items/49642666
2026-07-18 04:46:36,헬리오시티,송파구,가락동,전세,고,84.95,25.7,130000,0,13.0,33F,,49621483,https://www.zigbang.com/home/apt/items/49621483
2026-07-18 04:46:36,헬리오시티,송파구,가락동,전세,저,84.99,25.71,130000,0,13.0,33D,,49341351,https://www.zigbang.com/home/apt/items/49341351
2026-07-18 04:46:36,헬리오시티,송파구,가락동,전세,중,84.96,25.7,130000,0,13.0,32J1,,49260494,https://www.zigbang.com/home/apt/items/49260494
2026-07-18 04:46:36,헬리오시티,송파구,가락동,전세,26,84.98,25.71,130000,0,13.0,33G,,49258274,https://www.zigbang.com/home/apt/items/49258274
2026-07-18 04:46:36,헬리오시티,송파구,가락동,전세,저,84.98,25.71,130000,0,13.0,32A,,49060891,https://www.zigbang.com/home/apt/items/49060891
2026-07-18 04:46:36,헬리오시티,송파구,가락동,전세,고,84.99,25.71,130000,0,13.0,33D,,49343912,https://www.zigbang.com/home/apt/items/49343912
2026-07-18 04:46:36,헬리오시티,송파구,가락동,전세,고,84.98,25.71,134000,0,13.4,33E,,49716077,https://www.zigbang.com/home/apt/items/49716077
2026-07-18 04:46:36,헬리오시티,송파구,가락동,전세,중,84.95,25.7,135000,0,13.5,33F,,49634286,https://www.zigbang.com/home/apt/items/49634286
2026-07-18 04:46:36,헬리오시티,송파구,가락동,전세,중,84.98,25.71,135000,0,13.5,33E,,49479433,https://www.zigbang.com/home/apt/items/49479433
2026-07-18 04:46:36,헬리오시티,송파구,가락동,전세,저,99.6,30.13,140000,0,14.0,38,,49343878,https://www.zigbang.com/home/apt/items/49343878
2026-07-18 04:46:36,헬리오시티,송파구,가락동,전세,중,99.6,30.13,160000,0,16.0,38,,49675639,https://www.zigbang.com/home/apt/items/49675639
2026-07-18 04:46:36,헬리오시티,송파구,가락동,전세,중,99.6,30.13,160000,0,16.0,38,,49591581,https://www.zigbang.com/home/apt/items/49591581
2026-07-18 04:46:36,헬리오시티,송파구,가락동,전세,중,110.44,33.41,170000,0,17.0,43B,,49671834,https://www.zigbang.com/home/apt/items/49671834
2026-07-18 04:46:36,헬리오시티,송파구,가락동,전세,저,110.44,33.41,170000,0,17.0,43B,,49591897,https://www.zigbang.com/home/apt/items/49591897
2026-07-18 04:46:36,헬리오시티,송파구,가락동,전세,27,110.44,33.41,170000,0,17.0,43B,,49379126,https://www.zigbang.com/home/apt/items/49379126
2026-07-18 04:46:36,헬리오시티,송파구,가락동,전세,중,110.66,33.47,175000,0,17.5,42A,,49660154,https://www.zigbang.com/home/apt/items/49660154
2026-07-18 04:46:36,헬리오시티,송파구,가락동,전세,저,110.44,33.41,175000,0,17.5,43B,,49306447,https://www.zigbang.com/home/apt/items/49306447
2026-07-18 04:46:36,헬리오시티,송파구,가락동,매매,중,39.1,11.83,205000,0,20.5,18A,,49723521,https://www.zigbang.com/home/apt/items/49723521
2026-07-18 04:46:36,헬리오시티,송파구,가락동,매매,중,39.1,11.83,205000,0,20.5,18A,,49670766,https://www.zigbang.com/home/apt/items/49670766
2026-07-18 04:46:36,헬리오시티,송파구,가락동,매매,중,39.12,11.83,206000,0,20.6,18B,,49736275,https://www.zigbang.com/home/apt/items/49736275
2026-07-18 04:46:36,헬리오시티,송파구,가락동,매매,고,39.86,12.06,210000,0,21.0,19C,,49429001,https://www.zigbang.com/home/apt/items/49429001
2026-07-18 04:46:36,헬리오시티,송파구,가락동,매매,중,39.1,11.83,210000,0,21.0,18A,,48698679,https://www.zigbang.com/home/apt/items/48698679
2026-07-18 04:46:36,헬리오시티,송파구,가락동,매매,고,49.19,14.88,240000,0,24.0,22A,,49343834,https://www.zigbang.com/home/apt/items/49343834
2026-07-18 04:46:36,헬리오시티,송파구,가락동,매매,중,49.19,14.88,248000,0,24.8,22A,,49398104,https://www.zigbang.com/home/apt/items/49398104
2026-07-18 04:46:36,헬리오시티,송파구,가락동,매매,중,49.32,14.92,250000,0,25.0,22B,,49711353,https://www.zigbang.com/home/apt/items/49711353
2026-07-18 04:46:36,헬리오시티,송파구,가락동,매매,고,49.32,14.92,250000,0,25.0,22B,,49393654,https://www.zigbang.com/home/apt/items/49393654
2026-07-18 04:46:36,헬리오시티,송파구,가락동,매매,고,59.96,18.14,270000,0,27.0,25,,49395413,https://www.zigbang.com/home/apt/items/49395413
2026-07-18 04:46:36,헬리오시티,송파구,가락동,매매,고,59.96,18.14,277000,0,27.7,25,,48488314,https://www.zigbang.com/home/apt/items/48488314
2026-07-18 04:46:36,헬리오시티,송파구,가락동,매매,고,59.96,18.14,280000,0,28.0,25,,49723101,https://www.zigbang.com/home/apt/items/49723101
2026-07-18 04:46:36,헬리오시티,송파구,가락동,매매,중,84.99,25.71,284000,0,28.4,33D,,49483717,https://www.zigbang.com/home/apt/items/49483717
2026-07-18 04:46:36,헬리오시티,송파구,가락동,매매,저,59.96,18.14,285000,0,28.5,25,,49343806,https://www.zigbang.com/home/apt/items/49343806
2026-07-18 04:46:36,헬리오시티,송파구,가락동,매매,고,84.96,25.7,288000,0,28.8,32J1,,49723223,https://www.zigbang.com/home/apt/items/49723223
2026-07-18 04:46:36,헬리오시티,송파구,가락동,매매,고,84.96,25.7,288000,0,28.8,32J1,,49209193,https://www.zigbang.com/home/apt/items/49209193
2026-07-18 04:46:36,헬리오시티,송파구,가락동,매매,35,84.99,25.71,290000,0,29.0,33D,,49723385,https://www.zigbang.com/home/apt/items/49723385
2026-07-18 04:46:36,헬리오시티,송파구,가락동,매매,중,84.99,25.71,290000,0,29.0,33D,,49079198,https://www.zigbang.com/home/apt/items/49079198
2026-07-18 04:46:36,헬리오시티,송파구,가락동,매매,저,84.98,25.71,294000,0,29.4,33K,,49666786,https://www.zigbang.com/home/apt/items/49666786
2026-07-18 04:46:36,헬리오시티,송파구,가락동,매매,저,84.98,25.71,295000,0,29.5,33K,,49711822,https://www.zigbang.com/home/apt/items/49711822
2026-07-18 04:46:36,헬리오시티,송파구,가락동,매매,고,84.96,25.7,295000,0,29.5,32J2,,49084331,https://www.zigbang.com/home/apt/items/49084331
2026-07-18 04:46:36,헬리오시티,송파구,가락동,매매,중,84.98,25.71,295000,0,29.5,32A,,48440781,https://www.zigbang.com/home/apt/items/48440781
2026-07-18 04:46:36,헬리오시티,송파구,가락동,매매,고,84.99,25.71,295000,0,29.5,33D,,47637625,https://www.zigbang.com/home/apt/items/47637625
2026-07-18 04:46:36,헬리오시티,송파구,가락동,매매,저,84.98,25.71,295000,0,29.5,33E,,49343818,https://www.zigbang.com/home/apt/items/49343818
2026-07-18 04:46:36,헬리오시티,송파구,가락동,매매,고,84.98,25.71,300000,0,30.0,33K,,49724558,https://www.zigbang.com/home/apt/items/49724558
2026-07-18 04:46:36,헬리오시티,송파구,가락동,매매,중,84.95,25.7,300000,0,30.0,33F,,49722566,https://www.zigbang.com/home/apt/items/49722566
2026-07-18 04:46:36,헬리오시티,송파구,가락동,매매,중,84.98,25.71,300000,0,30.0,32A,,48684451,https://www.zigbang.com/home/apt/items/48684451
2026-07-18 04:46:36,헬리오시티,송파구,가락동,매매,고,84.98,25.71,300000,0,30.0,33E,,47764035,https://www.zigbang.com/home/apt/items/47764035
2026-07-18 04:46:36,헬리오시티,송파구,가락동,매매,중,84.95,25.7,300000,0,30.0,33F,,47623531,https://www.zigbang.com/home/apt/items/47623531
2026-07-18 04:46:36,헬리오시티,송파구,가락동,매매,저,84.98,25.71,300000,0,30.0,33E,,47623477,https://www.zigbang.com/home/apt/items/47623477
2026-07-18 04:46:36,헬리오시티,송파구,가락동,매매,저,84.98,25.71,300000,0,30.0,33E,,49343898,https://www.zigbang.com/home/apt/items/49343898
2026-07-18 04:46:36,헬리오시티,송파구,가락동,매매,고,84.98,25.71,300000,0,30.0,33K,,49343886,https://www.zigbang.com/home/apt/items/49343886
2026-07-18 04:46:36,헬리오시티,송파구,가락동,매매,고,84.99,25.71,300000,0,30.0,33D,,49343857,https://www.zigbang.com/home/apt/items/49343857
2026-07-18 04:46:36,헬리오시티,송파구,가락동,매매,저,84.99,25.71,300000,0,30.0,33D,,49343847,https://www.zigbang.com/home/apt/items/49343847
2026-07-18 04:46:36,헬리오시티,송파구,가락동,매매,저,84.98,25.71,302000,0,30.2,33E,,49352561,https://www.zigbang.com/home/apt/items/49352561
2026-07-18 04:46:36,헬리오시티,송파구,가락동,매매,중,84.95,25.7,304000,0,30.4,33F,,49352602,https://www.zigbang.com/home/apt/items/49352602
2026-07-18 04:46:36,헬리오시티,송파구,가락동,매매,중,84.98,25.71,305000,0,30.5,33E,,49668542,https://www.zigbang.com/home/apt/items/49668542
2026-07-18 04:46:36,헬리오시티,송파구,가락동,매매,중,84.95,25.7,305000,0,30.5,33F,,49116042,https://www.zigbang.com/home/apt/items/49116042
2026-07-18 04:46:36,헬리오시티,송파구,가락동,매매,중,84.99,25.71,310000,0,31.0,33D,,49722313,https://www.zigbang.com/home/apt/items/49722313
2026-07-18 04:46:36,헬리오시티,송파구,가락동,매매,중,84.99,25.71,310000,0,31.0,33D,,49344299,https://www.zigbang.com/home/apt/items/49344299
2026-07-18 04:46:36,헬리오시티,송파구,가락동,매매,중,84.95,25.7,310000,0,31.0,33F,,48763084,https://www.zigbang.com/home/apt/items/48763084
2026-07-18 04:46:36,헬리오시티,송파구,가락동,매매,중,84.99,25.71,310000,0,31.0,33C,,48315019,https://www.zigbang.com/home/apt/items/48315019
2026-07-18 04:46:36,헬리오시티,송파구,가락동,매매,중,84.95,25.7,310000,0,31.0,33F,,47616320,https://www.zigbang.com/home/apt/items/47616320
2026-07-18 04:46:36,헬리오시티,송파구,가락동,매매,중,84.99,25.71,310000,0,31.0,33D,,47616240,https://www.zigbang.com/home/apt/items/47616240
2026-07-18 04:46:36,헬리오시티,송파구,가락동,매매,고,84.98,25.71,310000,0,31.0,32A,,49343861,https://www.zigbang.com/home/apt/items/49343861
2026-07-18 04:46:36,헬리오시티,송파구,가락동,매매,고,84.98,25.71,315000,0,31.5,33K,,49666824,https://www.zigbang.com/home/apt/items/49666824
2026-07-18 04:46:36,헬리오시티,송파구,가락동,매매,저,84.99,25.71,315000,0,31.5,33D,,47616464,https://www.zigbang.com/home/apt/items/47616464
2026-07-18 04:46:36,헬리오시티,송파구,가락동,매매,중,99.6,30.13,318000,0,31.8,38,,48292041,https://www.zigbang.com/home/apt/items/48292041
2026-07-18 04:46:36,헬리오시티,송파구,가락동,매매,21,84.95,25.7,318000,0,31.8,33F,,49742775,https://www.zigbang.com/home/apt/items/49742775
2026-07-18 04:46:36,헬리오시티,송파구,가락동,매매,중,99.6,30.13,320000,0,32.0,38,,48502942,https://www.zigbang.com/home/apt/items/48502942
2026-07-18 04:46:36,헬리오시티,송파구,가락동,매매,중,99.6,30.13,320000,0,32.0,38,,48292015,https://www.zigbang.com/home/apt/items/48292015
2026-07-18 04:46:36,헬리오시티,송파구,가락동,매매,중,84.99,25.71,330000,0,33.0,33D,,46815166,https://www.zigbang.com/home/apt/items/46815166
2026-07-18 04:46:36,헬리오시티,송파구,가락동,매매,중,99.6,30.13,330000,0,33.0,38,,49343906,https://www.zigbang.com/home/apt/items/49343906
2026-07-18 04:46:36,헬리오시티,송파구,가락동,매매,저,110.66,33.47,335000,0,33.5,42A,,48988446,https://www.zigbang.com/home/apt/items/48988446
2026-07-18 04:46:36,헬리오시티,송파구,가락동,매매,저,110.66,33.47,335000,0,33.5,42A,,49343829,https://www.zigbang.com/home/apt/items/49343829
2026-07-18 04:46:36,헬리오시티,송파구,가락동,매매,저,110.44,33.41,340000,0,34.0,43B,,49708876,https://www.zigbang.com/home/apt/items/49708876
2026-07-18 04:46:36,헬리오시티,송파구,가락동,매매,중,99.6,30.13,340000,0,34.0,38,,49281701,https://www.zigbang.com/home/apt/items/49281701
2026-07-18 04:46:36,헬리오시티,송파구,가락동,매매,저,110.44,33.41,340000,0,34.0,43B,,48988558,https://www.zigbang.com/home/apt/items/48988558
2026-07-18 04:46:36,헬리오시티,송파구,가락동,매매,저,110.44,33.41,340000,0,34.0,43B,,47765234,https://www.zigbang.com/home/apt/items/47765234
2026-07-18 04:46:36,헬리오시티,송파구,가락동,매매,고,110.44,33.41,340000,0,34.0,43B,,49343839,https://www.zigbang.com/home/apt/items/49343839
2026-07-18 04:46:36,헬리오시티,송파구,가락동,매매,중,110.66,33.47,345000,0,34.5,42A,,49323400,https://www.zigbang.com/home/apt/items/49323400
2026-07-18 04:46:36,헬리오시티,송파구,가락동,매매,중,110.44,33.41,350000,0,35.0,43B,,49708771,https://www.zigbang.com/home/apt/items/49708771
2026-07-18 04:46:36,헬리오시티,송파구,가락동,매매,고,110.44,33.41,350000,0,35.0,43B,,49707097,https://www.zigbang.com/home/apt/items/49707097
2026-07-18 04:46:36,e편한세상송파파크센트럴,송파구,거여동,월세,저,84.97,25.7,10000,340,1.0,34C,,49706395,https://www.zigbang.com/home/apt/items/49706395
2026-07-18 04:46:36,e편한세상송파파크센트럴,송파구,거여동,월세,5,84.97,25.7,20000,300,2.0,34C,,49719978,https://www.zigbang.com/home/apt/items/49719978
2026-07-18 04:46:36,e편한세상송파파크센트럴,송파구,거여동,월세,저,84.95,25.7,50000,200,5.0,34F,,49577870,https://www.zigbang.com/home/apt/items/49577870
2026-07-18 04:46:36,e편한세상송파파크센트럴,송파구,거여동,월세,중,84.96,25.7,70000,120,7.0,34H,,49620875,https://www.zigbang.com/home/apt/items/49620875
2026-07-18 04:46:36,e편한세상송파파크센트럴,송파구,거여동,전세,중,59.96,18.14,87000,0,8.7,25A,,49629299,https://www.zigbang.com/home/apt/items/49629299
2026-07-18 04:46:36,e편한세상송파파크센트럴,송파구,거여동,전세,중,113.18,34.24,110000,0,11.0,41B,,49508547,https://www.zigbang.com/home/apt/items/49508547
2026-07-18 04:46:36,e편한세상송파파크센트럴,송파구,거여동,전세,4,113.18,34.24,110000,0,11.0,41B,,49508433,https://www.zigbang.com/home/apt/items/49508433
2026-07-18 04:46:36,e편한세상송파파크센트럴,송파구,거여동,전세,4,113.63,34.37,110000,0,11.0,42A,,49059377,https://www.zigbang.com/home/apt/items/49059377
2026-07-18 04:46:36,e편한세상송파파크센트럴,송파구,거여동,매매,5,59.94,18.13,180000,0,18.0,25B,,49664292,https://www.zigbang.com/home/apt/items/49664292
2026-07-18 04:46:36,e편한세상송파파크센트럴,송파구,거여동,매매,10,59.94,18.13,190000,0,19.0,25B,,48956706,https://www.zigbang.com/home/apt/items/48956706
2026-07-18 04:46:36,e편한세상송파파크센트럴,송파구,거여동,매매,중,84.97,25.7,200000,0,20.0,34C,,49731605,https://www.zigbang.com/home/apt/items/49731605
2026-07-18 04:46:36,e편한세상송파파크센트럴,송파구,거여동,매매,4,84.96,25.7,200000,0,20.0,34H,,49558097,https://www.zigbang.com/home/apt/items/49558097
2026-07-18 04:46:36,e편한세상송파파크센트럴,송파구,거여동,매매,중,84.95,25.7,200000,0,20.0,34F,,49073184,https://www.zigbang.com/home/apt/items/49073184
2026-07-18 04:46:36,e편한세상송파파크센트럴,송파구,거여동,매매,중,84.95,25.7,200000,0,20.0,34F,,48948646,https://www.zigbang.com/home/apt/items/48948646
2026-07-18 04:46:36,e편한세상송파파크센트럴,송파구,거여동,매매,7,84.96,25.7,205000,0,20.5,34A,,48993461,https://www.zigbang.com/home/apt/items/48993461
2026-07-18 04:46:36,e편한세상송파파크센트럴,송파구,거여동,매매,5,84.96,25.7,220000,0,22.0,34A,,49125194,https://www.zigbang.com/home/apt/items/49125194
2026-07-18 04:46:36,e편한세상송파파크센트럴,송파구,거여동,매매,13,113.18,34.24,225000,0,22.5,41B,,49666501,https://www.zigbang.com/home/apt/items/49666501
2026-07-18 04:46:36,송파레이크파크호반써밋1차,송파구,거여동,전세,고,108.8119,32.92,100000,0,10.0,41A,,49583901,https://www.zigbang.com/home/apt/items/49583901
2026-07-18 04:46:36,송파레이크파크호반써밋1차,송파구,거여동,전세,저,108.8119,32.92,110000,0,11.0,41A,,49079212,https://www.zigbang.com/home/apt/items/49079212
2026-07-18 04:46:36,송파레이크파크호반써밋1차,송파구,거여동,매매,중,108.8119,32.92,209000,0,20.9,41A,,49739329,https://www.zigbang.com/home/apt/items/49739329
2026-07-18 04:46:36,송파레이크파크호반써밋1차,송파구,거여동,매매,중,108.8119,32.92,209000,0,20.9,41A,,49665380,https://www.zigbang.com/home/apt/items/49665380
2026-07-18 04:46:36,송파레이크파크호반써밋1차,송파구,거여동,매매,저,108.8119,32.92,209000,0,20.9,41A,,48858350,https://www.zigbang.com/home/apt/items/48858350
2026-07-18 04:46:36,송파레이크파크호반써밋1차,송파구,거여동,매매,중,108.8119,32.92,210000,0,21.0,41A,,48404828,https://www.zigbang.com/home/apt/items/48404828
2026-07-18 04:46:36,송파레이크파크호반써밋2차,송파구,거여동,월세,중,108.8119,32.92,100000,100,10.0,41A,,49658473,https://www.zigbang.com/home/apt/items/49658473
2026-07-18 04:46:36,송파레이크파크호반써밋2차,송파구,거여동,전세,중,108.8119,32.92,120000,0,12.0,41A,,49658379,https://www.zigbang.com/home/apt/items/49658379
2026-07-18 04:46:36,송파레이크파크호반써밋2차,송파구,거여동,전세,저,110.8519,33.53,140000,0,14.0,42A,,49320013,https://www.zigbang.com/home/apt/items/49320013
2026-07-18 04:46:36,송파레이크파크호반써밋2차,송파구,거여동,매매,중,108.8109,32.92,235000,0,23.5,41C,,48859749,https://www.zigbang.com/home/apt/items/48859749
2026-07-18 04:46:36,송파레이크파크호반써밋2차,송파구,거여동,매매,13,108.8119,32.92,240000,0,24.0,41A,,49391124,https://www.zigbang.com/home/apt/items/49391124
2026-07-18 04:46:36,송파레이크파크호반써밋2차,송파구,거여동,매매,12,108.8109,32.92,245000,0,24.5,41C,,210298,https://www.zigbang.com/home/apt/items/210298
2026-07-18 04:46:36,송파레이크파크호반써밋2차,송파구,거여동,매매,중,110.8519,33.53,280000,0,28.0,42A,,49423756,https://www.zigbang.com/home/apt/items/49423756
2026-07-18 04:46:36,송파레이크파크호반써밋2차,송파구,거여동,매매,중,108.8109,32.92,290000,0,29.0,41C,,46667888,https://www.zigbang.com/home/apt/items/46667888
2026-07-18 04:46:36,송파레이크파크호반써밋2차,송파구,거여동,매매,저,110.8519,33.53,300000,0,30.0,42A,,49320058,https://www.zigbang.com/home/apt/items/49320058
2026-07-18 04:46:36,송파레이크힐,송파구,거여동,월세,저,84.92,25.69,20000,350,2.0,33C,,49679602,https://www.zigbang.com/home/apt/items/49679602
2026-07-18 04:46:36,송파레이크힐,송파구,거여동,월세,중,74.9,22.66,20000,300,2.0,29C,,49178745,https://www.zigbang.com/home/apt/items/49178745
2026-07-18 04:46:36,송파레이크힐,송파구,거여동,월세,5,74.93,22.67,25000,230,2.5,29D,,207668,https://www.zigbang.com/home/apt/items/207668
2026-07-18 04:46:36,송파레이크힐,송파구,거여동,월세,중,74.9,22.66,25000,200,2.5,29E,,49712416,https://www.zigbang.com/home/apt/items/49712416
2026-07-18 04:46:36,송파레이크힐,송파구,거여동,월세,저,84.75,25.64,45000,200,4.5,33A,,49562267,https://www.zigbang.com/home/apt/items/49562267
2026-07-18 04:46:36,송파레이크힐,송파구,거여동,전세,2,74.96,22.68,85000,0,8.5,29A,,49625301,https://www.zigbang.com/home/apt/items/49625301
2026-07-18 04:46:36,송파레이크힐,송파구,거여동,전세,저,84.75,25.64,97000,0,9.7,33A,,49562227,https://www.zigbang.com/home/apt/items/49562227
2026-07-18 04:46:36,송파레이크힐,송파구,거여동,전세,저,84.75,25.64,100000,0,10.0,33A,,49347429,https://www.zigbang.com/home/apt/items/49347429
2026-07-18 04:46:36,송파레이크힐,송파구,거여동,전세,고,84.75,25.64,100000,0,10.0,33A,,48765634,https://www.zigbang.com/home/apt/items/48765634
2026-07-18 04:46:36,송파레이크힐,송파구,거여동,매매,저,64.94,19.64,175000,0,17.5,25A,,49489943,https://www.zigbang.com/home/apt/items/49489943
2026-07-18 04:46:36,송파레이크힐,송파구,거여동,매매,저,74.9,22.66,190000,0,19.0,29E,,49362815,https://www.zigbang.com/home/apt/items/49362815
2026-07-18 04:46:36,송파레이크힐,송파구,거여동,매매,중,74.96,22.68,200000,0,20.0,29B,,49350405,https://www.zigbang.com/home/apt/items/49350405
2026-07-18 04:46:36,송파레이크힐,송파구,거여동,매매,저,74.9,22.66,200000,0,20.0,29E,,49051584,https://www.zigbang.com/home/apt/items/49051584
2026-07-18 04:46:36,송파레이크힐,송파구,거여동,매매,저,84.75,25.64,210000,0,21.0,33A,,49561855,https://www.zigbang.com/home/apt/items/49561855
2026-07-18 04:46:36,송파레이크힐,송파구,거여동,매매,5,84.75,25.64,220000,0,22.0,33A,,248427,https://www.zigbang.com/home/apt/items/248427
2026-07-18 04:46:36,송파레이크힐,송파구,거여동,매매,중,84.75,25.64,220000,0,22.0,33A,,49540387,https://www.zigbang.com/home/apt/items/49540387
2026-07-18 04:46:36,송파시그니처롯데캐슬,송파구,거여동,월세,22,84.98,25.71,40000,165,4.0,34B,,49207296,https://www.zigbang.com/home/apt/items/49207296
2026-07-18 04:46:36,송파시그니처롯데캐슬,송파구,거여동,월세,중,84.98,25.71,50000,200,5.0,33A,,49416922,https://www.zigbang.com/home/apt/items/49416922
2026-07-18 04:46:36,송파시그니처롯데캐슬,송파구,거여동,월세,저,59.98,18.14,60000,80,6.0,25,,49207189,https://www.zigbang.com/home/apt/items/49207189
2026-07-18 04:46:36,송파시그니처롯데캐슬,송파구,거여동,월세,3,84.98,25.71,70000,100,7.0,34C,,49394304,https://www.zigbang.com/home/apt/items/49394304
2026-07-18 04:46:36,송파시그니처롯데캐슬,송파구,거여동,전세,15,84.98,25.71,78000,0,7.8,34B,,49630660,https://www.zigbang.com/home/apt/items/49630660
2026-07-18 04:46:36,송파시그니처롯데캐슬,송파구,거여동,전세,중,84.98,25.71,80000,0,8.0,34B,,49251322,https://www.zigbang.com/home/apt/items/49251322
2026-07-18 04:46:36,송파시그니처롯데캐슬,송파구,거여동,전세,1,59.98,18.14,80000,0,8.0,25,,49065139,https://www.zigbang.com/home/apt/items/49065139
2026-07-18 04:46:36,송파시그니처롯데캐슬,송파구,거여동,전세,중,59.98,18.14,85000,0,8.5,26B,,49151823,https://www.zigbang.com/home/apt/items/49151823
2026-07-18 04:46:36,송파시그니처롯데캐슬,송파구,거여동,전세,저,84.98,25.71,90000,0,9.0,33B,,49308492,https://www.zigbang.com/home/apt/items/49308492
2026-07-18 04:46:36,송파시그니처롯데캐슬,송파구,거여동,전세,3,84.98,25.71,98000,0,9.8,34C,,49065050,https://www.zigbang.com/home/apt/items/49065050
2026-07-18 04:46:36,송파시그니처롯데캐슬,송파구,거여동,전세,2,84.98,25.71,100000,0,10.0,33B,,49065233,https://www.zigbang.com/home/apt/items/49065233
2026-07-18 04:46:36,송파시그니처롯데캐슬,송파구,거여동,전세,14,84.98,25.71,103000,0,10.3,34B,,243063,https://www.zigbang.com/home/apt/items/243063
2026-07-18 04:46:36,송파시그니처롯데캐슬,송파구,거여동,전세,고,84.98,25.71,105000,0,10.5,33A,,49365616,https://www.zigbang.com/home/apt/items/49365616
2026-07-18 04:46:36,송파시그니처롯데캐슬,송파구,거여동,전세,저,84.98,25.71,110000,0,11.0,34C,,49207512,https://www.zigbang.com/home/apt/items/49207512
2026-07-18 04:46:36,송파시그니처롯데캐슬,송파구,거여동,매매,6,59.98,18.14,185000,0,18.5,25,,49474753,https://www.zigbang.com/home/apt/items/49474753
2026-07-18 04:46:36,송파시그니처롯데캐슬,송파구,거여동,매매,7,59.98,18.14,190000,0,19.0,26B,,49474770,https://www.zigbang.com/home/apt/items/49474770
2026-07-18 04:46:36,송파시그니처롯데캐슬,송파구,거여동,매매,1,84.98,25.71,200000,0,20.0,33A,,49066189,https://www.zigbang.com/home/apt/items/49066189
2026-07-18 04:46:36,송파시그니처롯데캐슬,송파구,거여동,매매,14,84.98,25.71,205000,0,20.5,34C,,49018433,https://www.zigbang.com/home/apt/items/49018433
2026-07-18 04:46:36,송파시그니처롯데캐슬,송파구,거여동,매매,3,84.98,25.71,210000,0,21.0,33B,,49725135,https://www.zigbang.com/home/apt/items/49725135
2026-07-18 04:46:36,송파시그니처롯데캐슬,송파구,거여동,매매,13,84.98,25.71,210000,0,21.0,34A,,49084517,https://www.zigbang.com/home/apt/items/49084517
2026-07-18 04:46:36,송파시그니처롯데캐슬,송파구,거여동,매매,11,84.98,25.71,210000,0,21.0,34A,,49081704,https://www.zigbang.com/home/apt/items/49081704
2026-07-18 04:46:36,송파시그니처롯데캐슬,송파구,거여동,매매,14,84.98,25.71,210000,0,21.0,34,,49066316,https://www.zigbang.com/home/apt/items/49066316
2026-07-18 04:46:36,송파시그니처롯데캐슬,송파구,거여동,매매,11,84.98,25.71,210000,0,21.0,34B,,49066240,https://www.zigbang.com/home/apt/items/49066240
2026-07-18 04:46:36,송파시그니처롯데캐슬,송파구,거여동,매매,8,84.98,25.71,210000,0,21.0,33A,,49066115,https://www.zigbang.com/home/apt/items/49066115
2026-07-18 04:46:36,송파시그니처롯데캐슬,송파구,거여동,매매,중,84.98,25.71,220000,0,22.0,34B,,49420948,https://www.zigbang.com/home/apt/items/49420948
2026-07-18 04:46:36,송파시그니처롯데캐슬,송파구,거여동,매매,31,84.98,25.71,220000,0,22.0,33A,,49065489,https://www.zigbang.com/home/apt/items/49065489
2026-07-18 04:46:36,송파시그니처롯데캐슬,송파구,거여동,매매,9,84.98,25.71,227000,0,22.7,34,,49081357,https://www.zigbang.com/home/apt/items/49081357
2026-07-18 04:46:36,송파시그니처롯데캐슬,송파구,거여동,매매,15,84.98,25.71,230000,0,23.0,33A,,49066419,https://www.zigbang.com/home/apt/items/49066419
2026-07-18 04:46:36,송파시그니처롯데캐슬,송파구,거여동,매매,26,84.98,25.71,230000,0,23.0,33A,,49065572,https://www.zigbang.com/home/apt/items/49065572
2026-07-18 04:46:36,송파시그니처롯데캐슬,송파구,거여동,매매,9,84.98,25.71,230000,0,23.0,33A,,49018024,https://www.zigbang.com/home/apt/items/49018024
2026-07-18 04:46:36,송파시그니처롯데캐슬,송파구,거여동,매매,저,108.98,32.97,235000,0,23.5,41,,49557937,https://www.zigbang.com/home/apt/items/49557937
2026-07-18 04:46:36,송파시그니처롯데캐슬,송파구,거여동,매매,고,84.98,25.71,235000,0,23.5,33A,,49018671,https://www.zigbang.com/home/apt/items/49018671
2026-07-18 04:46:36,송파시그니처롯데캐슬,송파구,거여동,매매,13,84.98,25.71,235000,0,23.5,33A,,49018586,https://www.zigbang.com/home/apt/items/49018586
2026-07-18 04:46:36,송파시그니처롯데캐슬,송파구,거여동,매매,4,108.98,32.97,237000,0,23.7,41,,49018717,https://www.zigbang.com/home/apt/items/49018717
2026-07-18 04:46:36,송파시그니처롯데캐슬,송파구,거여동,매매,16,84.98,25.71,250000,0,25.0,34C,,49081734,https://www.zigbang.com/home/apt/items/49081734
2026-07-18 04:46:36,송파시그니처롯데캐슬,송파구,거여동,매매,11,84.98,25.71,250000,0,25.0,34,,49066380,https://www.zigbang.com/home/apt/items/49066380
2026-07-18 04:46:36,송파시그니처롯데캐슬,송파구,거여동,매매,30,84.98,25.71,250000,0,25.0,33B,,49065865,https://www.zigbang.com/home/apt/items/49065865
2026-07-18 04:46:36,송파시그니처롯데캐슬,송파구,거여동,매매,13,108.98,32.97,320000,0,32.0,41,,177300,https://www.zigbang.com/home/apt/items/177300
2026-07-18 04:46:36,송파위례리슈빌,송파구,거여동,전세,중,105.4624,31.9,115000,0,11.5,40,,49748155,https://www.zigbang.com/home/apt/items/49748155
2026-07-18 04:46:36,송파위례리슈빌,송파구,거여동,전세,저,105.4624,31.9,125000,0,12.5,40T,,49721389,https://www.zigbang.com/home/apt/items/49721389
2026-07-18 04:46:36,송파위례리슈빌,송파구,거여동,매매,중,105.4624,31.9,240000,0,24.0,40,,49395204,https://www.zigbang.com/home/apt/items/49395204
2026-07-18 04:46:36,송파위례리슈빌,송파구,거여동,매매,중,105.4624,31.9,240000,0,24.0,40,,48836563,https://www.zigbang.com/home/apt/items/48836563
2026-07-18 04:46:36,송파위례리슈빌,송파구,거여동,매매,고,105.4624,31.9,250000,0,25.0,40,,49711474,https://www.zigbang.com/home/apt/items/49711474
2026-07-18 04:46:36,송파위례리슈빌,송파구,거여동,매매,5,116.6104,35.27,295000,0,29.5,44A,,49349598,https://www.zigbang.com/home/apt/items/49349598
2026-07-18 04:46:36,쌍용스윗닷홈거여역1차,송파구,거여동,매매,7,84.95,25.7,130000,0,13.0,31,,250237,https://www.zigbang.com/home/apt/items/250237
2026-07-18 04:46:36,포레나송파,송파구,거여동,월세,중,84.8,25.65,40000,220,4.0,33A,,49725392,https://www.zigbang.com/home/apt/items/49725392
2026-07-18 04:46:36,포레나송파,송파구,거여동,월세,저,75.6,22.87,45000,160,4.5,30B,,49618772,https://www.zigbang.com/home/apt/items/49618772
2026-07-18 04:46:36,포레나송파,송파구,거여동,월세,23,84.8,25.65,50000,190,5.0,33A,,49664786,https://www.zigbang.com/home/apt/items/49664786
2026-07-18 04:46:36,포레나송파,송파구,거여동,월세,10,80.72,24.42,50000,180,5.0,31D,,49587965,https://www.zigbang.com/home/apt/items/49587965
2026-07-18 04:46:36,포레나송파,송파구,거여동,월세,저,75.6,22.87,50000,200,5.0,30B,,49572414,https://www.zigbang.com/home/apt/items/49572414
2026-07-18 04:46:36,포레나송파,송파구,거여동,월세,중,80.72,24.42,70000,80,7.0,31D,,49237445,https://www.zigbang.com/home/apt/items/49237445
2026-07-18 04:46:36,포레나송파,송파구,거여동,월세,고,70.95,21.46,80000,30,8.0,28B,,49724380,https://www.zigbang.com/home/apt/items/49724380
2026-07-18 04:46:36,포레나송파,송파구,거여동,전세,중,70.99,21.47,85000,0,8.5,28D,,49635080,https://www.zigbang.com/home/apt/items/49635080
2026-07-18 04:46:36,포레나송파,송파구,거여동,전세,중,80.72,24.42,85000,0,8.5,31D,,49129907,https://www.zigbang.com/home/apt/items/49129907
2026-07-18 04:46:36,포레나송파,송파구,거여동,전세,21,84.8,25.65,89000,0,8.9,33A,,49660602,https://www.zigbang.com/home/apt/items/49660602
2026-07-18 04:46:36,포레나송파,송파구,거여동,전세,10,80.72,24.42,90000,0,9.0,31D,,49587923,https://www.zigbang.com/home/apt/items/49587923
2026-07-18 04:46:36,포레나송파,송파구,거여동,전세,중,84.8,25.65,93000,0,9.3,33A,,49689611,https://www.zigbang.com/home/apt/items/49689611
2026-07-18 04:46:36,포레나송파,송파구,거여동,전세,중,84.6,25.59,93000,0,9.3,33B,,49417634,https://www.zigbang.com/home/apt/items/49417634
2026-07-18 04:46:36,포레나송파,송파구,거여동,전세,중,84.8,25.65,97000,0,9.7,33A,,49391355,https://www.zigbang.com/home/apt/items/49391355
2026-07-18 04:46:36,포레나송파,송파구,거여동,매매,중,66.83,20.22,178000,0,17.8,26A,,49644766,https://www.zigbang.com/home/apt/items/49644766
2026-07-18 04:46:36,포레나송파,송파구,거여동,매매,고,66.83,20.22,190000,0,19.0,26A,,49006956,https://www.zigbang.com/home/apt/items/49006956
2026-07-18 04:46:36,포레나송파,송파구,거여동,매매,중,70.95,21.46,190000,0,19.0,28B,,48502419,https://www.zigbang.com/home/apt/items/48502419
2026-07-18 04:46:36,포레나송파,송파구,거여동,매매,고,80.41,24.32,195000,0,19.5,31A,,49109961,https://www.zigbang.com/home/apt/items/49109961
2026-07-18 04:46:36,포레나송파,송파구,거여동,매매,중,70.95,21.46,205000,0,20.5,28B,,49620830,https://www.zigbang.com/home/apt/items/49620830
2026-07-18 04:46:36,포레나송파,송파구,거여동,매매,8,80.36,24.31,210000,0,21.0,31C,,246644,https://www.zigbang.com/home/apt/items/246644
2026-07-18 04:46:36,포레나송파,송파구,거여동,매매,중,80.41,24.32,210000,0,21.0,31A,,49237538,https://www.zigbang.com/home/apt/items/49237538
2026-07-18 04:46:36,포레나송파,송파구,거여동,매매,중,80.41,24.32,210000,0,21.0,31A,,48837040,https://www.zigbang.com/home/apt/items/48837040
2026-07-18 04:46:36,포레나송파,송파구,거여동,매매,중,84.8,25.65,210000,0,21.0,33A,,49208656,https://www.zigbang.com/home/apt/items/49208656
2026-07-18 04:46:36,포레나송파,송파구,거여동,매매,고,84.8,25.65,215000,0,21.5,33A,,48918749,https://www.zigbang.com/home/apt/items/48918749
2026-07-18 04:46:36,포레나송파,송파구,거여동,매매,저,75.91,22.96,215000,0,21.5,29A,,48837369,https://www.zigbang.com/home/apt/items/48837369
2026-07-18 04:46:36,포레나송파,송파구,거여동,매매,고,75.91,22.96,215000,0,21.5,29A,,48121863,https://www.zigbang.com/home/apt/items/48121863
2026-07-18 04:46:36,포레나송파,송파구,거여동,매매,중,80.41,24.32,215000,0,21.5,31A,,49612320,https://www.zigbang.com/home/apt/items/49612320
2026-07-18 04:46:36,포레나송파,송파구,거여동,매매,중,80.57,24.37,219000,0,21.9,31E,,49562340,https://www.zigbang.com/home/apt/items/49562340
2026-07-18 04:46:36,포레나송파,송파구,거여동,매매,10,80.72,24.42,220000,0,22.0,31D,,49592460,https://www.zigbang.com/home/apt/items/49592460
2026-07-18 04:46:36,포레나송파,송파구,거여동,매매,고,84.6,25.59,230000,0,23.0,33B,,49067653,https://www.zigbang.com/home/apt/items/49067653
2026-07-18 04:46:36,송파파크데일2단지,송파구,마천동,매매,7,84.86,25.67,150000,0,15.0,34B,,49597493,https://www.zigbang.com/home/apt/items/49597493
2026-07-18 04:46:36,송파파크데일2단지,송파구,마천동,매매,12,114.81,34.73,170000,0,17.0,45A,,245533,https://www.zigbang.com/home/apt/items/245533
2026-07-18 04:46:36,건영,송파구,문정동,매매,7,77.68,23.5,178000,0,17.8,28,,246582,https://www.zigbang.com/home/apt/items/246582
2026-07-18 04:46:36,문정래미안,송파구,문정동,매매,저,84.96,25.7,205000,0,20.5,34,,49647443,https://www.zigbang.com/home/apt/items/49647443
2026-07-18 04:46:36,문정래미안,송파구,문정동,매매,중,133.29,40.32,220000,0,22.0,48,,49538346,https://www.zigbang.com/home/apt/items/49538346
2026-07-18 04:46:36,문정래미안,송파구,문정동,매매,저,120.97,36.59,220000,0,22.0,44,,47035159,https://www.zigbang.com/home/apt/items/47035159
2026-07-18 04:46:36,문정래미안,송파구,문정동,매매,2,133.29,40.32,235000,0,23.5,48,,239776,https://www.zigbang.com/home/apt/items/239776
2026-07-18 04:46:36,문정래미안,송파구,문정동,매매,16,84.96,25.7,240000,0,24.0,34,,187441,https://www.zigbang.com/home/apt/items/187441
2026-07-18 04:46:36,문정래미안,송파구,문정동,매매,8,133.29,40.32,280000,0,28.0,48,,98893,https://www.zigbang.com/home/apt/items/98893
2026-07-18 04:46:36,문정래미안,송파구,문정동,매매,7,133.29,40.32,300000,0,30.0,48,,193339,https://www.zigbang.com/home/apt/items/193339
2026-07-18 04:46:36,문정시영,송파구,문정동,월세,중,25.65,7.76,500,90,0.05,11,,49291879,https://www.zigbang.com/home/apt/items/49291879
2026-07-18 04:46:36,문정시영,송파구,문정동,월세,6,25.65,7.76,1500,100,0.15,11,,49218143,https://www.zigbang.com/home/apt/items/49218143
2026-07-18 04:46:36,문정시영,송파구,문정동,월세,4,39.69,12.01,5000,130,0.5,18,,49591131,https://www.zigbang.com/home/apt/items/49591131
2026-07-18 04:46:36,문정시영,송파구,문정동,매매,중,25.65,7.76,80000,0,8.0,11,,49386646,https://www.zigbang.com/home/apt/items/49386646
2026-07-18 04:46:36,문정시영,송파구,문정동,매매,6,35.46,10.73,95000,0,9.5,16,,214702,https://www.zigbang.com/home/apt/items/214702
2026-07-18 04:46:36,문정시영,송파구,문정동,매매,고,39.69,12.01,120000,0,12.0,18,,49053357,https://www.zigbang.com/home/apt/items/49053357
2026-07-18 04:46:36,문정시영,송파구,문정동,매매,고,39.69,12.01,121000,0,12.1,18,,49601618,https://www.zigbang.com/home/apt/items/49601618
2026-07-18 04:46:36,문정시영,송파구,문정동,매매,저,46.26,13.99,135000,0,13.5,22,,49268975,https://www.zigbang.com/home/apt/items/49268975
2026-07-18 04:46:36,문정시영,송파구,문정동,매매,중,46.26,13.99,149000,0,14.9,22,,48860863,https://www.zigbang.com/home/apt/items/48860863
2026-07-18 04:46:36,문정시영,송파구,문정동,매매,고,46.26,13.99,150000,0,15.0,22,,48705768,https://www.zigbang.com/home/apt/items/48705768
2026-07-18 04:46:36,문정푸르지오2차,송파구,문정동,매매,중,84.82,25.66,167000,0,16.7,34A,,49647348,https://www.zigbang.com/home/apt/items/49647348
2026-07-18 04:46:36,송파파크하비오푸르지오,송파구,문정동,매매,11,84.97,25.7,210000,0,21.0,35A,,237833,https://www.zigbang.com/home/apt/items/237833
2026-07-18 04:46:36,송파파크하비오푸르지오,송파구,문정동,매매,중,84.99,25.71,220000,0,22.0,35E,,47369385,https://www.zigbang.com/home/apt/items/47369385
2026-07-18 04:46:36,송파파크하비오푸르지오,송파구,문정동,매매,14,84.97,25.7,230000,0,23.0,35A,,170944,https://www.zigbang.com/home/apt/items/170944
2026-07-18 04:46:36,송파파크하비오푸르지오,송파구,문정동,매매,17,84.97,25.7,230000,0,23.0,35A,,146797,https://www.zigbang.com/home/apt/items/146797
2026-07-18 04:46:36,송파파크하비오푸르지오,송파구,문정동,매매,4,84.96,25.7,255000,0,25.5,35B,,249341,https://www.zigbang.com/home/apt/items/249341
2026-07-18 04:46:36,트윈팰리스,송파구,문정동,매매,9,84.78,25.65,115000,0,11.5,31A,,212084,https://www.zigbang.com/home/apt/items/212084
2026-07-18 04:46:36,현대,송파구,문정동,매매,6,71.52,21.63,120000,0,12.0,27,,243374,https://www.zigbang.com/home/apt/items/243374
2026-07-18 04:46:36,현대,송파구,문정동,매매,고,84.03,25.42,125000,0,12.5,31,,49492178,https://www.zigbang.com/home/apt/items/49492178
2026-07-18 04:46:36,현대,송파구,문정동,매매,3,84.03,25.42,125000,0,12.5,31,,244349,https://www.zigbang.com/home/apt/items/244349
2026-07-18 04:46:36,현대,송파구,문정동,매매,고,84.03,25.42,132000,0,13.2,31,,49268342,https://www.zigbang.com/home/apt/items/49268342
2026-07-18 04:46:36,힐스테이트e편한세상문정,송파구,문정동,월세,고,59.94,18.13,10000,270,1.0,25A,,49664092,https://www.zigbang.com/home/apt/items/49664092
2026-07-18 04:46:36,힐스테이트e편한세상문정,송파구,문정동,월세,중,49.4,14.94,20000,210,2.0,20B,,49583279,https://www.zigbang.com/home/apt/items/49583279
2026-07-18 04:46:36,힐스테이트e편한세상문정,송파구,문정동,월세,고,74.95,22.67,50000,200,5.0,31B,,49634481,https://www.zigbang.com/home/apt/items/49634481
2026-07-18 04:46:36,힐스테이트e편한세상문정,송파구,문정동,월세,저,49.4,14.94,50000,100,5.0,20B,,49269101,https://www.zigbang.com/home/apt/items/49269101
2026-07-18 04:46:36,힐스테이트e편한세상문정,송파구,문정동,전세,중,59.87,18.11,87000,0,8.7,24B,,48721050,https://www.zigbang.com/home/apt/items/48721050
2026-07-18 04:46:36,힐스테이트e편한세상문정,송파구,문정동,전세,중,59.87,18.11,87000,0,8.7,24B,,49728939,https://www.zigbang.com/home/apt/items/49728939
2026-07-18 04:46:36,힐스테이트e편한세상문정,송파구,문정동,전세,고,74.43,22.51,94000,0,9.4,31C,,49592173,https://www.zigbang.com/home/apt/items/49592173
2026-07-18 04:46:36,힐스테이트e편한세상문정,송파구,문정동,전세,고,74.43,22.51,95000,0,9.5,31D,,49326577,https://www.zigbang.com/home/apt/items/49326577
2026-07-18 04:46:36,힐스테이트e편한세상문정,송파구,문정동,매매,중,59.94,18.13,184000,0,18.4,25A,,49041612,https://www.zigbang.com/home/apt/items/49041612
2026-07-18 04:46:36,힐스테이트e편한세상문정,송파구,문정동,매매,저,59.94,18.13,190000,0,19.0,25A,,49386806,https://www.zigbang.com/home/apt/items/49386806
2026-07-18 04:46:36,힐스테이트e편한세상문정,송파구,문정동,매매,중,59.94,18.13,190000,0,19.0,25A,,49386774,https://www.zigbang.com/home/apt/items/49386774
2026-07-18 04:46:36,힐스테이트e편한세상문정,송파구,문정동,매매,중,59.94,18.13,190000,0,19.0,25A,,49041082,https://www.zigbang.com/home/apt/items/49041082
2026-07-18 04:46:36,힐스테이트e편한세상문정,송파구,문정동,매매,저,59.94,18.13,190000,0,19.0,25A,,48986238,https://www.zigbang.com/home/apt/items/48986238
2026-07-18 04:46:36,힐스테이트e편한세상문정,송파구,문정동,매매,저,59.94,18.13,190000,0,19.0,25A,,48971498,https://www.zigbang.com/home/apt/items/48971498
2026-07-18 04:46:36,힐스테이트e편한세상문정,송파구,문정동,매매,저,59.94,18.13,190000,0,19.0,25A,,48708784,https://www.zigbang.com/home/apt/items/48708784
2026-07-18 04:46:36,힐스테이트e편한세상문정,송파구,문정동,매매,중,59.87,18.11,200000,0,20.0,24B,,48708342,https://www.zigbang.com/home/apt/items/48708342
2026-07-18 04:46:36,힐스테이트e편한세상문정,송파구,문정동,매매,중,59.94,18.13,210000,0,21.0,25A,,48231045,https://www.zigbang.com/home/apt/items/48231045
2026-07-18 04:46:36,힐스테이트e편한세상문정,송파구,문정동,매매,중,74.95,22.67,218000,0,21.8,31B,,49117037,https://www.zigbang.com/home/apt/items/49117037
2026-07-18 04:46:36,힐스테이트e편한세상문정,송파구,문정동,매매,중,74.95,22.67,218000,0,21.8,31B,,49095337,https://www.zigbang.com/home/apt/items/49095337
2026-07-18 04:46:36,힐스테이트e편한세상문정,송파구,문정동,매매,중,74.95,22.67,225000,0,22.5,31B,,49338819,https://www.zigbang.com/home/apt/items/49338819
2026-07-18 04:46:36,힐스테이트e편한세상문정,송파구,문정동,매매,고,74.43,22.51,225000,0,22.5,31D,,49037503,https://www.zigbang.com/home/apt/items/49037503
2026-07-18 04:46:36,힐스테이트e편한세상문정,송파구,문정동,매매,중,74.95,22.67,228000,0,22.8,31B,,49066975,https://www.zigbang.com/home/apt/items/49066975
2026-07-18 04:46:36,힐스테이트e편한세상문정,송파구,문정동,매매,저,74.95,22.67,230000,0,23.0,31B,,49728864,https://www.zigbang.com/home/apt/items/49728864
2026-07-18 04:46:36,힐스테이트e편한세상문정,송파구,문정동,매매,중,74.95,22.67,230000,0,23.0,31B,,48757261,https://www.zigbang.com/home/apt/items/48757261
2026-07-18 04:46:36,힐스테이트e편한세상문정,송파구,문정동,매매,13,74.95,22.67,235000,0,23.5,31B,,48434225,https://www.zigbang.com/home/apt/items/48434225
2026-07-18 04:46:36,힐스테이트e편한세상문정,송파구,문정동,매매,저,84.98,25.71,250000,0,25.0,35CD,,49728777,https://www.zigbang.com/home/apt/items/49728777
2026-07-18 04:46:36,대림,송파구,방이동,매매,10,125.07,37.83,280000,0,28.0,44,,49749150,https://www.zigbang.com/home/apt/items/49749150
2026-07-18 04:46:36,대림,송파구,방이동,매매,중,153.47,46.42,285000,0,28.5,53,,49344926,https://www.zigbang.com/home/apt/items/49344926
2026-07-18 04:46:36,대림,송파구,방이동,매매,4,153.47,46.42,290000,0,29.0,53,,49749151,https://www.zigbang.com/home/apt/items/49749151
2026-07-18 04:46:36,대림,송파구,방이동,매매,7,153.47,46.42,300000,0,30.0,53,,244096,https://www.zigbang.com/home/apt/items/244096
2026-07-18 04:46:36,동광팰리스,송파구,방이동,매매,중,23.02,6.96,38000,0,3.8,9B,,49103960,https://www.zigbang.com/home/apt/items/49103960
2026-07-18 04:46:36,동광팰리스,송파구,방이동,매매,15,23.02,6.96,39000,0,3.9,9B,,239577,https://www.zigbang.com/home/apt/items/239577
2026-07-18 04:46:36,방이금호어울림,송파구,방이동,매매,3,84.3,25.5,150000,0,15.0,32,,49615707,https://www.zigbang.com/home/apt/items/49615707
2026-07-18 04:46:36,방이금호어울림,송파구,방이동,매매,8,84.3,25.5,170000,0,17.0,32,,233324,https://www.zigbang.com/home/apt/items/233324
2026-07-18 04:46:36,신동아타워,송파구,방이동,매매,중,50.4,15.25,70000,0,7.0,21,,49463578,https://www.zigbang.com/home/apt/items/49463578
2026-07-18 04:46:36,신동아타워,송파구,방이동,매매,고,50.4,15.25,73000,0,7.3,21,,49463598,https://www.zigbang.com/home/apt/items/49463598
2026-07-18 04:46:36,신동아타워,송파구,방이동,매매,중,58.38,17.66,80000,0,8.0,24,,49463504,https://www.zigbang.com/home/apt/items/49463504
2026-07-18 04:46:36,신동아타워,송파구,방이동,매매,고,58.38,17.66,90000,0,9.0,24,,49463673,https://www.zigbang.com/home/apt/items/49463673
2026-07-18 04:46:36,신동아타워,송파구,방이동,매매,17,80.13,24.24,98000,0,9.8,33,,213286,https://www.zigbang.com/home/apt/items/213286
2026-07-18 04:46:36,신동아타워,송파구,방이동,매매,고,80.13,24.24,99000,0,9.9,33,,49463651,https://www.zigbang.com/home/apt/items/49463651
2026-07-18 04:46:36,신동아타워,송파구,방이동,매매,고,80.13,24.24,100000,0,10.0,33,,49463551,https://www.zigbang.com/home/apt/items/49463551
2026-07-18 04:46:36,신동아타워,송파구,방이동,매매,11,80.13,24.24,125000,0,12.5,33,,137089,https://www.zigbang.com/home/apt/items/137089
2026-07-18 04:46:36,올림픽선수기자촌,송파구,방이동,매매,12,100.82,30.5,310000,0,31.0,40B,,49751365,https://www.zigbang.com/home/apt/items/49751365
2026-07-18 04:46:36,올림픽선수기자촌,송파구,방이동,매매,3,83.06,25.13,310000,0,31.0,34,,49452124,https://www.zigbang.com/home/apt/items/49452124
2026-07-18 04:46:36,올림픽선수기자촌,송파구,방이동,매매,고,100.31,30.34,350000,0,35.0,40A,,49308504,https://www.zigbang.com/home/apt/items/49308504
2026-07-18 04:46:36,올림픽선수기자촌,송파구,방이동,매매,저,100.82,30.5,350000,0,35.0,40B,,49015195,https://www.zigbang.com/home/apt/items/49015195
2026-07-18 04:46:36,올림픽선수기자촌,송파구,방이동,매매,7,126.18,38.17,397000,0,39.7,49,,49749201,https://www.zigbang.com/home/apt/items/49749201
2026-07-18 04:46:36,잠실3차한양,송파구,방이동,매매,9,146.96,44.46,295000,0,29.5,51,,223206,https://www.zigbang.com/home/apt/items/223206
2026-07-18 04:46:36,잠실3차한양,송파구,방이동,매매,6,146.96,44.46,300000,0,30.0,51,,49749193,https://www.zigbang.com/home/apt/items/49749193
2026-07-18 04:46:36,코오롱,송파구,방이동,매매,15,84.95,25.7,222000,0,22.2,33,,49749180,https://www.zigbang.com/home/apt/items/49749180
2026-07-18 04:46:36,코오롱,송파구,방이동,매매,8,84.95,25.7,223000,0,22.3,33,,49749183,https://www.zigbang.com/home/apt/items/49749183
2026-07-18 04:46:36,코오롱,송파구,방이동,매매,10,84.95,25.7,225000,0,22.5,33,,49749185,https://www.zigbang.com/home/apt/items/49749185
2026-07-18 04:46:36,코오롱,송파구,방이동,매매,11,84.95,25.7,230000,0,23.0,33,,49749190,https://www.zigbang.com/home/apt/items/49749190
2026-07-18 04:46:36,현대,송파구,삼전동,매매,중,80.01,24.2,145000,0,14.5,30,,49631741,https://www.zigbang.com/home/apt/items/49631741
2026-07-18 04:46:36,석촌예명,송파구,석촌동,매매,고,84.27,25.49,140000,0,14.0,35,,49618459,https://www.zigbang.com/home/apt/items/49618459
2026-07-18 04:46:36,가락삼익맨숀,송파구,송파동,매매,12,84.82,25.66,265000,0,26.5,31,,49749206,https://www.zigbang.com/home/apt/items/49749206
2026-07-18 04:46:36,경남레이크파크,송파구,송파동,매매,고,149.89,45.34,220000,0,22.0,55,,49559543,https://www.zigbang.com/home/apt/items/49559543
2026-07-18 04:46:36,미성맨션,송파구,송파동,매매,14,84.95,25.7,245000,0,24.5,31,,49547934,https://www.zigbang.com/home/apt/items/49547934
2026-07-18 04:46:36,송파센텀레이크,송파구,송파동,매매,3,69.4109,21.0,180000,0,18.0,25A3,,194534,https://www.zigbang.com/home/apt/items/194534
2026-07-18 04:46:36,송파역마에스트로,송파구,송파동,매매,중,44.5364,13.47,115000,0,11.5,20,,49495292,https://www.zigbang.com/home/apt/items/49495292
2026-07-18 04:46:36,송파역마에스트로,송파구,송파동,매매,저,52.5039,15.88,118000,0,11.8,23,,49482967,https://www.zigbang.com/home/apt/items/49482967
2026-07-18 04:46:36,송파역마에스트로,송파구,송파동,매매,중,44.5364,13.47,120000,0,12.0,20,,49482227,https://www.zigbang.com/home/apt/items/49482227
2026-07-18 04:46:36,송파역마에스트로,송파구,송파동,매매,고,52.5039,15.88,135000,0,13.5,23,,49483738,https://www.zigbang.com/home/apt/items/49483738
2026-07-18 04:46:36,송파파밀리에더퍼스트,송파구,송파동,매매,중,84,25.41,215000,0,21.5,33B,,49293225,https://www.zigbang.com/home/apt/items/49293225
2026-07-18 04:46:36,송파파밀리에더퍼스트,송파구,송파동,매매,6,84,25.41,230000,0,23.0,33A,,243243,https://www.zigbang.com/home/apt/items/243243
2026-07-18 04:46:36,잠실더샵루벤,송파구,송파동,전세,중,106.8873,32.33,125000,0,12.5,40A,,49650717,https://www.zigbang.com/home/apt/items/49650717
2026-07-18 04:46:36,잠실더샵루벤,송파구,송파동,전세,중,106.8873,32.33,125000,0,12.5,40A,,49291574,https://www.zigbang.com/home/apt/items/49291574
2026-07-18 04:46:36,잠실더샵루벤,송파구,송파동,매매,저,106.9848,32.36,230000,0,23.0,40D,,49213473,https://www.zigbang.com/home/apt/items/49213473
2026-07-18 04:46:36,잠실더샵루벤,송파구,송파동,매매,고,106.8571,32.32,230000,0,23.0,40C,,49212359,https://www.zigbang.com/home/apt/items/49212359
2026-07-18 04:46:36,잠실더샵루벤,송파구,송파동,매매,중,106.9848,32.36,235000,0,23.5,40D,,49213669,https://www.zigbang.com/home/apt/items/49213669
2026-07-18 04:46:36,잠실더샵루벤,송파구,송파동,매매,중,106.8873,32.33,240000,0,24.0,40A,,49670662,https://www.zigbang.com/home/apt/items/49670662
2026-07-18 04:46:36,잠실더샵루벤,송파구,송파동,매매,저,106.8873,32.33,240000,0,24.0,40A,,49384633,https://www.zigbang.com/home/apt/items/49384633
2026-07-18 04:46:36,잠실더샵루벤,송파구,송파동,매매,6,106.8873,32.33,250000,0,25.0,40A,,49292050,https://www.zigbang.com/home/apt/items/49292050
2026-07-18 04:46:36,잠실더샵루벤,송파구,송파동,매매,저,106.8571,32.32,255000,0,25.5,40C,,49299063,https://www.zigbang.com/home/apt/items/49299063
2026-07-18 04:46:36,잠실더샵루벤,송파구,송파동,매매,중,106.8873,32.33,260000,0,26.0,40A,,49319688,https://www.zigbang.com/home/apt/items/49319688
2026-07-18 04:46:36,잠실더샵루벤,송파구,송파동,매매,중,106.9995,32.37,260000,0,26.0,40B,,49298753,https://www.zigbang.com/home/apt/items/49298753
2026-07-18 04:46:36,잠실더샵루벤,송파구,송파동,매매,12,106.8571,32.32,300000,0,30.0,40C,,49384493,https://www.zigbang.com/home/apt/items/49384493
2026-07-18 04:46:36,현대,송파구,송파동,매매,6,84.96,25.7,200000,0,20.0,33,,239406,https://www.zigbang.com/home/apt/items/239406
2026-07-18 04:46:36,잠실래미안아이파크,송파구,신천동,월세,중,84.88,25.68,5000,420,0.5,34A,,49517077,https://www.zigbang.com/home/apt/items/49517077
2026-07-18 04:46:36,잠실래미안아이파크,송파구,신천동,월세,저,129.96,39.31,20000,220,2.0,50B,,49436590,https://www.zigbang.com/home/apt/items/49436590
2026-07-18 04:46:36,잠실래미안아이파크,송파구,신천동,월세,중,129.96,39.31,45000,60,4.5,50B,,49281954,https://www.zigbang.com/home/apt/items/49281954
2026-07-18 04:46:36,잠실래미안아이파크,송파구,신천동,월세,저,84.99,25.71,50000,440,5.0,34C,,49023781,https://www.zigbang.com/home/apt/items/49023781
2026-07-18 04:46:36,잠실래미안아이파크,송파구,신천동,월세,고,104.32,31.56,50000,800,5.0,41B,,49436578,https://www.zigbang.com/home/apt/items/49436578
2026-07-18 04:46:36,잠실래미안아이파크,송파구,신천동,전세,고,129.96,39.31,60000,0,6.0,50B,,49216398,https://www.zigbang.com/home/apt/items/49216398
2026-07-18 04:46:36,잠실래미안아이파크,송파구,신천동,전세,중,129.96,39.31,70000,0,7.0,50B,,49732349,https://www.zigbang.com/home/apt/items/49732349
2026-07-18 04:46:36,잠실래미안아이파크,송파구,신천동,전세,고,129.96,39.31,70000,0,7.0,50B,,49519561,https://www.zigbang.com/home/apt/items/49519561
2026-07-18 04:46:36,잠실래미안아이파크,송파구,신천동,월세,중,84.88,25.68,70000,350,7.0,34A,,49308495,https://www.zigbang.com/home/apt/items/49308495
2026-07-18 04:46:36,잠실래미안아이파크,송파구,신천동,월세,고,43.73,13.23,70000,120,7.0,21,,49308494,https://www.zigbang.com/home/apt/items/49308494
2026-07-18 04:46:36,잠실래미안아이파크,송파구,신천동,월세,고,43.73,13.23,70000,140,7.0,21,,49264237,https://www.zigbang.com/home/apt/items/49264237
2026-07-18 04:46:36,잠실래미안아이파크,송파구,신천동,월세,저,43.73,13.23,75000,70,7.5,21,,47781694,https://www.zigbang.com/home/apt/items/47781694
2026-07-18 04:46:36,잠실래미안아이파크,송파구,신천동,전세,중,43.73,13.23,75000,0,7.5,21,,49706742,https://www.zigbang.com/home/apt/items/49706742
2026-07-18 04:46:36,잠실래미안아이파크,송파구,신천동,월세,고,84.96,25.7,90000,200,9.0,34D,,49436576,https://www.zigbang.com/home/apt/items/49436576
2026-07-18 04:46:36,잠실래미안아이파크,송파구,신천동,월세,고,74.94,22.67,100000,240,10.0,32B,,49214760,https://www.zigbang.com/home/apt/items/49214760
2026-07-18 04:46:36,잠실래미안아이파크,송파구,신천동,월세,중,129.96,39.31,100000,700,10.0,50C,,49109249,https://www.zigbang.com/home/apt/items/49109249
2026-07-18 04:46:36,잠실래미안아이파크,송파구,신천동,월세,고,84.99,25.71,100000,200,10.0,34C,,49023808,https://www.zigbang.com/home/apt/items/49023808
2026-07-18 04:46:36,잠실래미안아이파크,송파구,신천동,월세,고,129.97,39.32,100000,680,10.0,50A,,49569731,https://www.zigbang.com/home/apt/items/49569731
2026-07-18 04:46:36,잠실래미안아이파크,송파구,신천동,전세,중,43.73,13.23,100000,0,10.0,21,,49308491,https://www.zigbang.com/home/apt/items/49308491
2026-07-18 04:46:36,잠실래미안아이파크,송파구,신천동,전세,중,43.73,13.23,105000,0,10.5,21,,49436579,https://www.zigbang.com/home/apt/items/49436579
2026-07-18 04:46:36,잠실래미안아이파크,송파구,신천동,전세,저,118,35.69,115000,0,11.5,46A,,49419095,https://www.zigbang.com/home/apt/items/49419095
2026-07-18 04:46:36,잠실래미안아이파크,송파구,신천동,전세,중,157.92,47.77,115000,0,11.5,62B,,49706716,https://www.zigbang.com/home/apt/items/49706716
2026-07-18 04:46:36,잠실래미안아이파크,송파구,신천동,전세,저,157.92,47.77,115000,0,11.5,62B,,49559948,https://www.zigbang.com/home/apt/items/49559948
2026-07-18 04:46:36,잠실래미안아이파크,송파구,신천동,전세,저,157.92,47.77,120000,0,12.0,62B,,49181953,https://www.zigbang.com/home/apt/items/49181953
2026-07-18 04:46:36,잠실래미안아이파크,송파구,신천동,월세,저,104.32,31.56,120000,320,12.0,41B,,48911516,https://www.zigbang.com/home/apt/items/48911516
2026-07-18 04:46:36,잠실래미안아이파크,송파구,신천동,전세,고,84.88,25.68,135000,0,13.5,34A,,49384102,https://www.zigbang.com/home/apt/items/49384102
2026-07-18 04:46:36,잠실래미안아이파크,송파구,신천동,전세,중,84.88,25.68,135000,0,13.5,34A,,49216396,https://www.zigbang.com/home/apt/items/49216396
2026-07-18 04:46:36,잠실래미안아이파크,송파구,신천동,전세,고,59.46,17.99,138000,0,13.8,27C,,49400769,https://www.zigbang.com/home/apt/items/49400769
2026-07-18 04:46:36,잠실래미안아이파크,송파구,신천동,전세,고,59.46,17.99,140000,0,14.0,27C,,49377271,https://www.zigbang.com/home/apt/items/49377271
2026-07-18 04:46:36,잠실래미안아이파크,송파구,신천동,전세,중,59.47,17.99,140000,0,14.0,27A,,49361734,https://www.zigbang.com/home/apt/items/49361734
2026-07-18 04:46:36,잠실래미안아이파크,송파구,신천동,월세,중,118,35.69,140000,320,14.0,46B,,47052535,https://www.zigbang.com/home/apt/items/47052535
2026-07-18 04:46:36,잠실래미안아이파크,송파구,신천동,전세,고,59.45,17.98,140000,0,14.0,26B,,49436580,https://www.zigbang.com/home/apt/items/49436580
2026-07-18 04:46:36,잠실래미안아이파크,송파구,신천동,전세,중,59.45,17.98,140000,0,14.0,26B,,47925996,https://www.zigbang.com/home/apt/items/47925996
2026-07-18 04:46:36,잠실래미안아이파크,송파구,신천동,전세,저,84.96,25.7,145000,0,14.5,34D,,49629391,https://www.zigbang.com/home/apt/items/49629391
2026-07-18 04:46:36,잠실래미안아이파크,송파구,신천동,전세,중,84.96,25.7,145000,0,14.5,34D,,49308493,https://www.zigbang.com/home/apt/items/49308493
2026-07-18 04:46:36,잠실래미안아이파크,송파구,신천동,전세,저,84.88,25.68,150000,0,15.0,34A,,49519420,https://www.zigbang.com/home/apt/items/49519420
2026-07-18 04:46:36,잠실래미안아이파크,송파구,신천동,전세,고,74.94,22.67,160000,0,16.0,32B,,49214672,https://www.zigbang.com/home/apt/items/49214672
2026-07-18 04:46:36,잠실래미안아이파크,송파구,신천동,전세,중,104.24,31.53,160000,0,16.0,41D,,46940895,https://www.zigbang.com/home/apt/items/46940895
2026-07-18 04:46:36,잠실래미안아이파크,송파구,신천동,전세,중,84.88,25.68,165000,0,16.5,34A,,49532257,https://www.zigbang.com/home/apt/items/49532257
2026-07-18 04:46:36,잠실래미안아이파크,송파구,신천동,전세,중,104.32,31.56,170000,0,17.0,41A,,48249538,https://www.zigbang.com/home/apt/items/48249538
2026-07-18 04:46:36,잠실래미안아이파크,송파구,신천동,전세,저,157.92,47.77,200000,0,20.0,62B,,49023793,https://www.zigbang.com/home/apt/items/49023793
2026-07-18 04:46:36,잠실래미안아이파크,송파구,신천동,전세,저,157.92,47.77,200000,0,20.0,62B,,49023789,https://www.zigbang.com/home/apt/items/49023789
2026-07-18 04:46:36,잠실래미안아이파크,송파구,신천동,전세,중,129.96,39.31,200000,0,20.0,50B,,48979860,https://www.zigbang.com/home/apt/items/48979860
2026-07-18 04:46:36,잠실래미안아이파크,송파구,신천동,전세,고,104.24,31.53,200000,0,20.0,41D,,49128806,https://www.zigbang.com/home/apt/items/49128806
2026-07-18 04:46:36,잠실래미안아이파크,송파구,신천동,전세,중,104.24,31.53,220000,0,22.0,41D,,49436584,https://www.zigbang.com/home/apt/items/49436584
2026-07-18 04:46:36,잠실래미안아이파크,송파구,신천동,전세,중,118,35.69,230000,0,23.0,46C,,49426470,https://www.zigbang.com/home/apt/items/49426470
2026-07-18 04:46:36,잠실래미안아이파크,송파구,신천동,전세,중,118,35.69,230000,0,23.0,46C,,48884732,https://www.zigbang.com/home/apt/items/48884732
2026-07-18 04:46:36,잠실래미안아이파크,송파구,신천동,전세,중,118,35.69,230000,0,23.0,46C,,49569678,https://www.zigbang.com/home/apt/items/49569678
2026-07-18 04:46:36,잠실래미안아이파크,송파구,신천동,전세,저,118,35.69,230000,0,23.0,46C,,49436586,https://www.zigbang.com/home/apt/items/49436586
2026-07-18 04:46:36,잠실래미안아이파크,송파구,신천동,전세,저,118,35.69,235000,0,23.5,46B,,49216397,https://www.zigbang.com/home/apt/items/49216397
2026-07-18 04:46:36,잠실래미안아이파크,송파구,신천동,매매,12,43.73,13.23,238000,0,23.8,21,,49629281,https://www.zigbang.com/home/apt/items/49629281
2026-07-18 04:46:36,잠실래미안아이파크,송파구,신천동,전세,4,157.92,47.77,290000,0,29.0,62A,,48860265,https://www.zigbang.com/home/apt/items/48860265
2026-07-18 04:46:36,잠실래미안아이파크,송파구,신천동,전세,중,157.92,47.77,330000,0,33.0,62B,,48496222,https://www.zigbang.com/home/apt/items/48496222
2026-07-18 04:46:36,잠실래미안아이파크,송파구,신천동,매매,중,74.96,22.68,360000,0,36.0,32A,,49011468,https://www.zigbang.com/home/apt/items/49011468
2026-07-18 04:46:36,잠실래미안아이파크,송파구,신천동,매매,고,74.96,22.68,380000,0,38.0,32A,,49234884,https://www.zigbang.com/home/apt/items/49234884
2026-07-18 04:46:36,잠실래미안아이파크,송파구,신천동,매매,저,84.99,25.71,410000,0,41.0,34C,,49460244,https://www.zigbang.com/home/apt/items/49460244
2026-07-18 04:46:36,잠실래미안아이파크,송파구,신천동,매매,저,84.96,25.7,420000,0,42.0,34D,,49548189,https://www.zigbang.com/home/apt/items/49548189
2026-07-18 04:46:36,잠실래미안아이파크,송파구,신천동,매매,중,84.99,25.71,420000,0,42.0,34C,,49234847,https://www.zigbang.com/home/apt/items/49234847
2026-07-18 04:46:36,잠실래미안아이파크,송파구,신천동,매매,중,84.88,25.68,420000,0,42.0,34A,,48885708,https://www.zigbang.com/home/apt/items/48885708
2026-07-18 04:46:36,잠실래미안아이파크,송파구,신천동,매매,중,84.99,25.71,420000,0,42.0,34B,,49738646,https://www.zigbang.com/home/apt/items/49738646
2026-07-18 04:46:36,잠실래미안아이파크,송파구,신천동,매매,중,84.99,25.71,420000,0,42.0,34C,,49560175,https://www.zigbang.com/home/apt/items/49560175
2026-07-18 04:46:36,잠실래미안아이파크,송파구,신천동,매매,저,84.88,25.68,435000,0,43.5,34A,,49532620,https://www.zigbang.com/home/apt/items/49532620
2026-07-18 04:46:36,잠실래미안아이파크,송파구,신천동,매매,중,84.96,25.7,439000,0,43.9,34D,,49720295,https://www.zigbang.com/home/apt/items/49720295
2026-07-18 04:46:36,잠실래미안아이파크,송파구,신천동,매매,고,84.99,25.71,450000,0,45.0,34C,,49548792,https://www.zigbang.com/home/apt/items/49548792
2026-07-18 04:46:36,잠실래미안아이파크,송파구,신천동,매매,고,84.99,25.71,450000,0,45.0,34C,,49460870,https://www.zigbang.com/home/apt/items/49460870
2026-07-18 04:46:36,잠실래미안아이파크,송파구,신천동,매매,31,84.99,25.71,450000,0,45.0,34C,,246536,https://www.zigbang.com/home/apt/items/246536
2026-07-18 04:46:36,잠실래미안아이파크,송파구,신천동,매매,고,84.99,25.71,450000,0,45.0,34C,,48874881,https://www.zigbang.com/home/apt/items/48874881
2026-07-18 04:46:36,잠실래미안아이파크,송파구,신천동,매매,중,84.88,25.68,460000,0,46.0,34A,,49023801,https://www.zigbang.com/home/apt/items/49023801
2026-07-18 04:46:36,잠실래미안아이파크,송파구,신천동,매매,중,104.24,31.53,505000,0,50.5,41D,,48864461,https://www.zigbang.com/home/apt/items/48864461
2026-07-18 04:46:36,잠실래미안아이파크,송파구,신천동,매매,고,104.32,31.56,530000,0,53.0,41C,,49666763,https://www.zigbang.com/home/apt/items/49666763
2026-07-18 04:46:36,잠실래미안아이파크,송파구,신천동,매매,중,104.32,31.56,550000,0,55.0,41C,,49183902,https://www.zigbang.com/home/apt/items/49183902
2026-07-18 04:46:36,잠실래미안아이파크,송파구,신천동,매매,저,118,35.69,550000,0,55.0,46C,,49023750,https://www.zigbang.com/home/apt/items/49023750
2026-07-18 04:46:36,잠실래미안아이파크,송파구,신천동,매매,저,129.96,39.31,550000,0,55.0,50B,,48941311,https://www.zigbang.com/home/apt/items/48941311
2026-07-18 04:46:36,잠실래미안아이파크,송파구,신천동,매매,중,104.32,31.56,550000,0,55.0,41C,,49495329,https://www.zigbang.com/home/apt/items/49495329
2026-07-18 04:46:36,잠실래미안아이파크,송파구,신천동,매매,저,118,35.69,550000,0,55.0,46B,,49349786,https://www.zigbang.com/home/apt/items/49349786
2026-07-18 04:46:36,잠실래미안아이파크,송파구,신천동,매매,중,157.92,47.77,630000,0,63.0,62A,,47386979,https://www.zigbang.com/home/apt/items/47386979
2026-07-18 04:46:36,잠실래미안아이파크,송파구,신천동,매매,저,157.92,47.77,650000,0,65.0,62B,,49495372,https://www.zigbang.com/home/apt/items/49495372
2026-07-18 04:46:36,잠실래미안아이파크,송파구,신천동,매매,저,157.92,47.77,675000,0,67.5,62A,,49495403,https://www.zigbang.com/home/apt/items/49495403
2026-07-18 04:46:36,잠실래미안아이파크,송파구,신천동,매매,저,157.92,47.77,750000,0,75.0,62A,,49370469,https://www.zigbang.com/home/apt/items/49370469
2026-07-18 04:46:36,잠실래미안아이파크,송파구,신천동,매매,저,157.92,47.77,750000,0,75.0,62A,,49579205,https://www.zigbang.com/home/apt/items/49579205
2026-07-18 04:46:36,잠실롯데캐슬골드,송파구,신천동,월세,고,203.26,61.49,90000,540,9.0,79,,49213811,https://www.zigbang.com/home/apt/items/49213811
2026-07-18 04:46:36,잠실롯데캐슬골드,송파구,신천동,월세,고,209.4,63.34,90000,550,9.0,81A,,49211859,https://www.zigbang.com/home/apt/items/49211859
2026-07-18 04:46:36,잠실롯데캐슬골드,송파구,신천동,전세,중,148.15,44.82,140000,0,14.0,57,,49182509,https://www.zigbang.com/home/apt/items/49182509
2026-07-18 04:46:36,잠실롯데캐슬골드,송파구,신천동,전세,고,243.4,73.63,450000,0,45.0,94,,47526595,https://www.zigbang.com/home/apt/items/47526595
2026-07-18 04:46:36,잠실르엘,송파구,신천동,월세,저,106.82,32.31,10000,750,1.0,42,,49436582,https://www.zigbang.com/home/apt/items/49436582
2026-07-18 04:46:36,잠실르엘,송파구,신천동,월세,중,84.81,25.65,20000,680,2.0,33B,,49023832,https://www.zigbang.com/home/apt/items/49023832
2026-07-18 04:46:36,잠실르엘,송파구,신천동,월세,저,51.9095,15.7,30000,380,3.0,23,,49023880,https://www.zigbang.com/home/apt/items/49023880
2026-07-18 04:46:36,잠실르엘,송파구,신천동,월세,저,106.82,32.31,45000,380,4.5,42,,49747633,https://www.zigbang.com/home/apt/items/49747633
2026-07-18 04:46:36,잠실르엘,송파구,신천동,월세,중,51.9095,15.7,50000,400,5.0,23,,49620942,https://www.zigbang.com/home/apt/items/49620942
2026-07-18 04:46:36,잠실르엘,송파구,신천동,월세,중,74.2804,22.47,50000,460,5.0,30B,,49720258,https://www.zigbang.com/home/apt/items/49720258
2026-07-18 04:46:36,잠실르엘,송파구,신천동,월세,중,74.2804,22.47,55000,400,5.5,30B,,49747481,https://www.zigbang.com/home/apt/items/49747481
2026-07-18 04:46:36,잠실르엘,송파구,신천동,월세,중,59.8151,18.09,70000,240,7.0,25B,,49436588,https://www.zigbang.com/home/apt/items/49436588
2026-07-18 04:46:36,잠실르엘,송파구,신천동,월세,중,84.83,25.66,70000,280,7.0,33C,,47604163,https://www.zigbang.com/home/apt/items/47604163
2026-07-18 04:46:36,잠실르엘,송파구,신천동,월세,중,74.2804,22.47,90000,220,9.0,30B,,47901442,https://www.zigbang.com/home/apt/items/47901442
2026-07-18 04:46:36,잠실르엘,송파구,신천동,월세,저,59.87,18.11,100000,240,10.0,25A,,49720187,https://www.zigbang.com/home/apt/items/49720187
2026-07-18 04:46:36,잠실르엘,송파구,신천동,월세,중,74.2804,22.47,100000,220,10.0,30B,,49244941,https://www.zigbang.com/home/apt/items/49244941
2026-07-18 04:46:36,잠실르엘,송파구,신천동,월세,중,59.87,18.11,110000,160,11.0,25A,,49641974,https://www.zigbang.com/home/apt/items/49641974
2026-07-18 04:46:36,잠실르엘,송파구,신천동,월세,중,84.83,25.66,120000,220,12.0,33C,,49136204,https://www.zigbang.com/home/apt/items/49136204
2026-07-18 04:46:36,잠실르엘,송파구,신천동,월세,저,59.87,18.11,130000,40,13.0,25A,,49308497,https://www.zigbang.com/home/apt/items/49308497
2026-07-18 04:46:36,잠실르엘,송파구,신천동,전세,중,74.37,22.5,135000,0,13.5,30A,,48885786,https://www.zigbang.com/home/apt/items/48885786
2026-07-18 04:46:36,잠실르엘,송파구,신천동,전세,중,59.87,18.11,145000,0,14.5,25A,,49436581,https://www.zigbang.com/home/apt/items/49436581
2026-07-18 04:46:36,잠실르엘,송파구,신천동,전세,중,59.87,18.11,150000,0,15.0,25A,,49732181,https://www.zigbang.com/home/apt/items/49732181
2026-07-18 04:46:36,잠실르엘,송파구,신천동,전세,고,59.87,18.11,150000,0,15.0,25A,,49463056,https://www.zigbang.com/home/apt/items/49463056
2026-07-18 04:46:36,잠실르엘,송파구,신천동,전세,중,59.87,18.11,150000,0,15.0,25A,,49722310,https://www.zigbang.com/home/apt/items/49722310
2026-07-18 04:46:36,잠실르엘,송파구,신천동,전세,중,74.2804,22.47,159000,0,15.9,30B,,49729117,https://www.zigbang.com/home/apt/items/49729117
2026-07-18 04:46:36,잠실르엘,송파구,신천동,전세,중,74.2804,22.47,160000,0,16.0,30B,,49715821,https://www.zigbang.com/home/apt/items/49715821
2026-07-18 04:46:36,잠실르엘,송파구,신천동,전세,중,74.2804,22.47,160000,0,16.0,30B,,49629189,https://www.zigbang.com/home/apt/items/49629189
2026-07-18 04:46:36,잠실르엘,송파구,신천동,전세,중,74.2804,22.47,160000,0,16.0,30B,,49463247,https://www.zigbang.com/home/apt/items/49463247
2026-07-18 04:46:36,잠실르엘,송파구,신천동,월세,고,126.16,38.16,170000,520,17.0,50,,48993735,https://www.zigbang.com/home/apt/items/48993735
2026-07-18 04:46:36,잠실르엘,송파구,신천동,전세,저,95.07,28.76,170000,0,17.0,37,,48974160,https://www.zigbang.com/home/apt/items/48974160
2026-07-18 04:46:36,잠실르엘,송파구,신천동,전세,고,84.87,25.67,170000,0,17.0,33A,,48940366,https://www.zigbang.com/home/apt/items/48940366
2026-07-18 04:46:36,잠실르엘,송파구,신천동,전세,중,84.83,25.66,170000,0,17.0,33C,,49436585,https://www.zigbang.com/home/apt/items/49436585
2026-07-18 04:46:36,잠실르엘,송파구,신천동,전세,저,84.83,25.66,170000,0,17.0,33C,,49155098,https://www.zigbang.com/home/apt/items/49155098
2026-07-18 04:46:36,잠실르엘,송파구,신천동,월세,중,95.07,28.76,180000,200,18.0,37,,49732163,https://www.zigbang.com/home/apt/items/49732163
2026-07-18 04:46:36,잠실르엘,송파구,신천동,월세,저,126.16,38.16,180000,320,18.0,50,,49216399,https://www.zigbang.com/home/apt/items/49216399
2026-07-18 04:46:36,잠실르엘,송파구,신천동,전세,고,84.83,25.66,185000,0,18.5,33C,,49238576,https://www.zigbang.com/home/apt/items/49238576
2026-07-18 04:46:36,잠실르엘,송파구,신천동,전세,중,84.81,25.65,190000,0,19.0,33B,,49222836,https://www.zigbang.com/home/apt/items/49222836
2026-07-18 04:46:36,잠실르엘,송파구,신천동,전세,중,84.81,25.65,190000,0,19.0,33B,,49069883,https://www.zigbang.com/home/apt/items/49069883
2026-07-18 04:46:36,잠실르엘,송파구,신천동,전세,고,95.07,28.76,190000,0,19.0,37,,49436587,https://www.zigbang.com/home/apt/items/49436587
2026-07-18 04:46:36,잠실르엘,송파구,신천동,월세,중,126.16,38.16,200000,400,20.0,50,,49246170,https://www.zigbang.com/home/apt/items/49246170
2026-07-18 04:46:36,잠실르엘,송파구,신천동,전세,중,95.07,28.76,200000,0,20.0,37,,49023819,https://www.zigbang.com/home/apt/items/49023819
2026-07-18 04:46:36,잠실르엘,송파구,신천동,전세,고,145.55,44.03,220000,0,22.0,57,,48483361,https://www.zigbang.com/home/apt/items/48483361
2026-07-18 04:46:36,잠실르엘,송파구,신천동,전세,중,106.82,32.31,225000,0,22.5,42,,49023992,https://www.zigbang.com/home/apt/items/49023992
2026-07-18 04:46:36,잠실르엘,송파구,신천동,전세,중,126.16,38.16,230000,0,23.0,50,,49738647,https://www.zigbang.com/home/apt/items/49738647
2026-07-18 04:46:36,잠실르엘,송파구,신천동,전세,중,95.07,28.76,230000,0,23.0,37,,49500639,https://www.zigbang.com/home/apt/items/49500639
2026-07-18 04:46:36,잠실르엘,송파구,신천동,전세,저,106.82,32.31,240000,0,24.0,42,,49246375,https://www.zigbang.com/home/apt/items/49246375
2026-07-18 04:46:36,잠실르엘,송파구,신천동,전세,고,126.16,38.16,300000,0,30.0,50,,48992613,https://www.zigbang.com/home/apt/items/48992613
2026-07-18 04:46:36,잠실르엘,송파구,신천동,매매,고,59.87,18.11,370000,0,37.0,25A,,48325398,https://www.zigbang.com/home/apt/items/48325398
2026-07-18 04:46:36,잠실르엘,송파구,신천동,매매,고,59.87,18.11,375000,0,37.5,25A,,49498587,https://www.zigbang.com/home/apt/items/49498587
2026-07-18 04:46:36,잠실르엘,송파구,신천동,전세,고,134.83,40.79,380000,0,38.0,53,,49494535,https://www.zigbang.com/home/apt/items/49494535
2026-07-18 04:46:36,잠실르엘,송파구,신천동,매매,고,59.87,18.11,380000,0,38.0,25A,,49448932,https://www.zigbang.com/home/apt/items/49448932
2026-07-18 04:46:36,잠실르엘,송파구,신천동,전세,33,129.6468,39.22,390000,0,39.0,52A,,49499805,https://www.zigbang.com/home/apt/items/49499805
2026-07-18 04:46:36,잠실르엘,송파구,신천동,매매,고,74.2804,22.47,410000,0,41.0,30B,,48799404,https://www.zigbang.com/home/apt/items/48799404
2026-07-18 04:46:36,잠실르엘,송파구,신천동,매매,고,74.2804,22.47,410000,0,41.0,30B,,49011445,https://www.zigbang.com/home/apt/items/49011445
2026-07-18 04:46:36,잠실르엘,송파구,신천동,매매,고,84.83,25.66,440000,0,44.0,33C,,49011456,https://www.zigbang.com/home/apt/items/49011456
2026-07-18 04:46:36,잠실르엘,송파구,신천동,매매,중,126.16,38.16,450000,0,45.0,50,,49407625,https://www.zigbang.com/home/apt/items/49407625
2026-07-18 04:46:36,잠실르엘,송파구,신천동,매매,중,84.83,25.66,450000,0,45.0,33C,,48861606,https://www.zigbang.com/home/apt/items/48861606
2026-07-18 04:46:36,잠실르엘,송파구,신천동,매매,중,84.87,25.67,450000,0,45.0,33A,,49532637,https://www.zigbang.com/home/apt/items/49532637
2026-07-18 04:46:36,잠실르엘,송파구,신천동,매매,중,84.83,25.66,460000,0,46.0,33C,,49407537,https://www.zigbang.com/home/apt/items/49407537
2026-07-18 04:46:36,잠실르엘,송파구,신천동,매매,중,59.87,18.11,470000,0,47.0,25A,,49407399,https://www.zigbang.com/home/apt/items/49407399
2026-07-18 04:46:36,잠실르엘,송파구,신천동,매매,중,84.87,25.67,470000,0,47.0,33A,,49328334,https://www.zigbang.com/home/apt/items/49328334
2026-07-18 04:46:36,잠실르엘,송파구,신천동,매매,중,84.87,25.67,470000,0,47.0,33A,,48433764,https://www.zigbang.com/home/apt/items/48433764
2026-07-18 04:46:36,잠실르엘,송파구,신천동,매매,저,106.82,32.31,485000,0,48.5,42,,49233265,https://www.zigbang.com/home/apt/items/49233265
2026-07-18 04:46:36,잠실르엘,송파구,신천동,매매,중,84.83,25.66,500000,0,50.0,33C,,49597308,https://www.zigbang.com/home/apt/items/49597308
2026-07-18 04:46:36,잠실르엘,송파구,신천동,매매,고,84.83,25.66,500000,0,50.0,33C,,49597223,https://www.zigbang.com/home/apt/items/49597223
2026-07-18 04:46:36,잠실르엘,송파구,신천동,매매,고,84.83,25.66,510000,0,51.0,33C,,49672359,https://www.zigbang.com/home/apt/items/49672359
2026-07-18 04:46:36,잠실르엘,송파구,신천동,매매,저,106.82,32.31,520000,0,52.0,42,,48861686,https://www.zigbang.com/home/apt/items/48861686
2026-07-18 04:46:36,잠실르엘,송파구,신천동,매매,저,106.82,32.31,520000,0,52.0,42,,48666630,https://www.zigbang.com/home/apt/items/48666630
2026-07-18 04:46:36,잠실르엘,송파구,신천동,매매,고,84.83,25.66,520000,0,52.0,33C,,47793194,https://www.zigbang.com/home/apt/items/47793194
2026-07-18 04:46:36,잠실르엘,송파구,신천동,매매,중,84.81,25.65,530000,0,53.0,33B,,49182518,https://www.zigbang.com/home/apt/items/49182518
2026-07-18 04:46:36,잠실르엘,송파구,신천동,매매,저,106.82,32.31,540000,0,54.0,42,,49617055,https://www.zigbang.com/home/apt/items/49617055
2026-07-18 04:46:36,잠실르엘,송파구,신천동,매매,저,106.82,32.31,540000,0,54.0,42,,48861968,https://www.zigbang.com/home/apt/items/48861968
2026-07-18 04:46:36,잠실르엘,송파구,신천동,매매,고,95.07,28.76,600000,0,60.0,37,,49494977,https://www.zigbang.com/home/apt/items/49494977
2026-07-18 04:46:36,장미1차,송파구,신천동,월세,중,120,36.3,10000,360,1.0,45,,48167288,https://www.zigbang.com/home/apt/items/48167288
2026-07-18 04:46:36,장미1차,송파구,신천동,월세,저,82.45,24.94,25000,200,2.5,33,,49695577,https://www.zigbang.com/home/apt/items/49695577
2026-07-18 04:46:36,장미1차,송파구,신천동,월세,11,71.2,21.54,35000,160,3.5,28,,49584784,https://www.zigbang.com/home/apt/items/49584784
2026-07-18 04:46:36,장미1차,송파구,신천동,월세,4,82.45,24.94,45000,140,4.5,33,,49536070,https://www.zigbang.com/home/apt/items/49536070
2026-07-18 04:46:36,장미1차,송파구,신천동,월세,중,82.45,24.94,50000,120,5.0,33,,49720603,https://www.zigbang.com/home/apt/items/49720603
2026-07-18 04:46:36,장미1차,송파구,신천동,월세,2,71.2,21.54,55000,100,5.5,28,,49506928,https://www.zigbang.com/home/apt/items/49506928
2026-07-18 04:46:36,장미1차,송파구,신천동,월세,2,71.2,21.54,55000,100,5.5,28,,49245006,https://www.zigbang.com/home/apt/items/49245006
2026-07-18 04:46:36,장미1차,송파구,신천동,전세,1,71.2,21.54,60000,0,6.0,28,,49425575,https://www.zigbang.com/home/apt/items/49425575
2026-07-18 04:46:36,장미1차,송파구,신천동,월세,저,71.2,21.54,60000,60,6.0,28,,49694760,https://www.zigbang.com/home/apt/items/49694760
2026-07-18 04:46:36,장미1차,송파구,신천동,전세,1,71.2,21.54,75000,0,7.5,28,,49349053,https://www.zigbang.com/home/apt/items/49349053
2026-07-18 04:46:36,장미1차,송파구,신천동,전세,1,71.2,21.54,75000,0,7.5,28,,49290136,https://www.zigbang.com/home/apt/items/49290136
2026-07-18 04:46:36,장미1차,송파구,신천동,전세,저,71.2,21.54,75000,0,7.5,28,,49536191,https://www.zigbang.com/home/apt/items/49536191
2026-07-18 04:46:36,장미1차,송파구,신천동,전세,3,120,36.3,100000,0,10.0,45,,49663261,https://www.zigbang.com/home/apt/items/49663261
2026-07-18 04:46:36,장미1차,송파구,신천동,전세,중,120,36.3,128000,0,12.8,45,,49652783,https://www.zigbang.com/home/apt/items/49652783
2026-07-18 04:46:36,장미1차,송파구,신천동,매매,6,71.2,21.54,300000,0,30.0,28,,49584887,https://www.zigbang.com/home/apt/items/49584887
2026-07-18 04:46:36,장미1차,송파구,신천동,매매,중,71.2,21.54,300000,0,30.0,28,,49692081,https://www.zigbang.com/home/apt/items/49692081
2026-07-18 04:46:36,장미1차,송파구,신천동,매매,고,71.2,21.54,300000,0,30.0,28,,49690703,https://www.zigbang.com/home/apt/items/49690703
2026-07-18 04:46:36,장미1차,송파구,신천동,매매,고,71.2,21.54,303000,0,30.3,28,,49492767,https://www.zigbang.com/home/apt/items/49492767
2026-07-18 04:46:36,장미1차,송파구,신천동,매매,14,71.2,21.54,305000,0,30.5,28,,49532705,https://www.zigbang.com/home/apt/items/49532705
2026-07-18 04:46:36,장미1차,송파구,신천동,매매,14,71.2,21.54,305000,0,30.5,28,,49691081,https://www.zigbang.com/home/apt/items/49691081
2026-07-18 04:46:36,장미1차,송파구,신천동,매매,고,71.2,21.54,305000,0,30.5,28,,49258829,https://www.zigbang.com/home/apt/items/49258829
2026-07-18 04:46:36,장미1차,송파구,신천동,매매,저,71.2,21.54,307000,0,30.7,28,,49258023,https://www.zigbang.com/home/apt/items/49258023
2026-07-18 04:46:36,장미1차,송파구,신천동,매매,14,71.2,21.54,310000,0,31.0,28,,49691065,https://www.zigbang.com/home/apt/items/49691065
2026-07-18 04:46:36,장미1차,송파구,신천동,매매,4,71.2,21.54,310000,0,31.0,28,,49690771,https://www.zigbang.com/home/apt/items/49690771
2026-07-18 04:46:36,장미1차,송파구,신천동,매매,3,82.45,24.94,330000,0,33.0,33,,49295718,https://www.zigbang.com/home/apt/items/49295718
2026-07-18 04:46:36,장미1차,송파구,신천동,매매,중,82.45,24.94,340000,0,34.0,33,,49314520,https://www.zigbang.com/home/apt/items/49314520
2026-07-18 04:46:36,장미1차,송파구,신천동,매매,10,82.45,24.94,350000,0,35.0,33,,49532661,https://www.zigbang.com/home/apt/items/49532661
2026-07-18 04:46:36,장미1차,송파구,신천동,매매,고,99,29.95,350000,0,35.0,38,,49489921,https://www.zigbang.com/home/apt/items/49489921
2026-07-18 04:46:36,장미1차,송파구,신천동,매매,10,82.45,24.94,350000,0,35.0,33,,49690964,https://www.zigbang.com/home/apt/items/49690964
2026-07-18 04:46:36,장미1차,송파구,신천동,매매,10,82.45,24.94,350000,0,35.0,33,,49690935,https://www.zigbang.com/home/apt/items/49690935
2026-07-18 04:46:36,장미1차,송파구,신천동,매매,중,99,29.95,370000,0,37.0,38,,49690387,https://www.zigbang.com/home/apt/items/49690387
2026-07-18 04:46:36,장미1차,송파구,신천동,매매,저,99,29.95,370000,0,37.0,38,,49690350,https://www.zigbang.com/home/apt/items/49690350
2026-07-18 04:46:36,장미1차,송파구,신천동,매매,중,120,36.3,380000,0,38.0,45,,49741088,https://www.zigbang.com/home/apt/items/49741088
2026-07-18 04:46:36,장미1차,송파구,신천동,매매,12,120,36.3,380000,0,38.0,45,,49315879,https://www.zigbang.com/home/apt/items/49315879
2026-07-18 04:46:36,장미1차,송파구,신천동,매매,고,120,36.3,380000,0,38.0,45,,49750358,https://www.zigbang.com/home/apt/items/49750358
2026-07-18 04:46:36,장미1차,송파구,신천동,매매,14,120,36.3,390000,0,39.0,45,,49632096,https://www.zigbang.com/home/apt/items/49632096
2026-07-18 04:46:36,장미1차,송파구,신천동,매매,4,120,36.3,390000,0,39.0,45,,49314745,https://www.zigbang.com/home/apt/items/49314745
2026-07-18 04:46:36,장미1차,송파구,신천동,매매,저,120,36.3,390000,0,39.0,45,,49690565,https://www.zigbang.com/home/apt/items/49690565
2026-07-18 04:46:36,장미1차,송파구,신천동,매매,고,120,36.3,398000,0,39.8,45,,49690276,https://www.zigbang.com/home/apt/items/49690276
2026-07-18 04:46:36,장미1차,송파구,신천동,매매,저,196.76,59.52,420000,0,42.0,64,,49175067,https://www.zigbang.com/home/apt/items/49175067
2026-07-18 04:46:36,장미1차,송파구,신천동,매매,중,174.55,52.8,420000,0,42.0,56,,48167129,https://www.zigbang.com/home/apt/items/48167129
2026-07-18 04:46:36,장미1차,송파구,신천동,매매,저,174.55,52.8,420000,0,42.0,56,,49262717,https://www.zigbang.com/home/apt/items/49262717
2026-07-18 04:46:36,장미1차,송파구,신천동,매매,1,196.76,59.52,450000,0,45.0,64,,49314564,https://www.zigbang.com/home/apt/items/49314564
2026-07-18 04:46:36,장미1차,송파구,신천동,매매,저,196.76,59.52,450000,0,45.0,64,,49175124,https://www.zigbang.com/home/apt/items/49175124
2026-07-18 04:46:36,장미1차,송파구,신천동,매매,고,174.55,52.8,480000,0,48.0,56,,48423324,https://www.zigbang.com/home/apt/items/48423324
2026-07-18 04:46:36,장미1차,송파구,신천동,매매,고,196.76,59.52,480000,0,48.0,64,,47806524,https://www.zigbang.com/home/apt/items/47806524
2026-07-18 04:46:36,장미1차,송파구,신천동,매매,중,196.76,59.52,500000,0,50.0,64,,49262825,https://www.zigbang.com/home/apt/items/49262825
2026-07-18 04:46:36,장미1차,송파구,신천동,매매,고,174.55,52.8,520000,0,52.0,56,,49632191,https://www.zigbang.com/home/apt/items/49632191
2026-07-18 04:46:36,장미1차,송파구,신천동,매매,고,196.76,59.52,550000,0,55.0,64,,49690631,https://www.zigbang.com/home/apt/items/49690631
2026-07-18 04:46:36,장미2차,송파구,신천동,월세,7,86.41,26.14,20000,200,2.0,28B,,49652483,https://www.zigbang.com/home/apt/items/49652483
2026-07-18 04:46:36,장미2차,송파구,신천동,월세,11,118.41,35.82,20000,330,2.0,38B,,49314447,https://www.zigbang.com/home/apt/items/49314447
2026-07-18 04:46:36,장미2차,송파구,신천동,전세,2,86.25,26.09,70000,0,7.0,28A,,49632013,https://www.zigbang.com/home/apt/items/49632013
2026-07-18 04:46:36,장미2차,송파구,신천동,전세,저,86.25,26.09,70000,0,7.0,28A,,49588816,https://www.zigbang.com/home/apt/items/49588816
2026-07-18 04:46:36,장미2차,송파구,신천동,전세,저,103.97,31.45,75000,0,7.5,34B,,49651823,https://www.zigbang.com/home/apt/items/49651823
2026-07-18 04:46:36,장미2차,송파구,신천동,전세,중,119.47,36.14,90000,0,9.0,39A,,49695485,https://www.zigbang.com/home/apt/items/49695485
2026-07-18 04:46:36,장미2차,송파구,신천동,매매,중,86.41,26.14,320000,0,32.0,28B,,49691046,https://www.zigbang.com/home/apt/items/49691046
2026-07-18 04:46:36,장미2차,송파구,신천동,매매,3,101.02,30.56,325000,0,32.5,33A,,48901660,https://www.zigbang.com/home/apt/items/48901660
2026-07-18 04:46:36,장미2차,송파구,신천동,매매,7,101.02,30.56,330000,0,33.0,33A,,49267978,https://www.zigbang.com/home/apt/items/49267978
2026-07-18 04:46:36,장미2차,송파구,신천동,매매,14,101.02,30.56,340000,0,34.0,33A,,49315706,https://www.zigbang.com/home/apt/items/49315706
2026-07-18 04:46:36,장미2차,송파구,신천동,매매,고,118.41,35.82,340000,0,34.0,38B,,48167225,https://www.zigbang.com/home/apt/items/48167225
2026-07-18 04:46:36,장미2차,송파구,신천동,매매,중,101.06,30.57,350000,0,35.0,33A,,49739451,https://www.zigbang.com/home/apt/items/49739451
2026-07-18 04:46:36,장미2차,송파구,신천동,매매,중,101.06,30.57,350000,0,35.0,33A,,49690869,https://www.zigbang.com/home/apt/items/49690869
2026-07-18 04:46:36,장미2차,송파구,신천동,매매,고,101.06,30.57,350000,0,35.0,33A,,49690498,https://www.zigbang.com/home/apt/items/49690498
2026-07-18 04:46:36,장미2차,송파구,신천동,매매,4,118.41,35.82,360000,0,36.0,38C,,49314822,https://www.zigbang.com/home/apt/items/49314822
2026-07-18 04:46:36,장미2차,송파구,신천동,매매,3,118.41,35.82,360000,0,36.0,38B,,49315235,https://www.zigbang.com/home/apt/items/49315235
2026-07-18 04:46:36,장미2차,송파구,신천동,매매,3,118.41,35.82,360000,0,36.0,38B,,49690314,https://www.zigbang.com/home/apt/items/49690314
2026-07-18 04:46:36,장미2차,송파구,신천동,매매,저,119.57,36.17,370000,0,37.0,39A,,49690838,https://www.zigbang.com/home/apt/items/49690838
2026-07-18 04:46:36,장미2차,송파구,신천동,매매,저,122.08,36.93,370000,0,37.0,40,,49690741,https://www.zigbang.com/home/apt/items/49690741
2026-07-18 04:46:36,장미2차,송파구,신천동,매매,중,141.78,42.89,390000,0,39.0,46A,,49690233,https://www.zigbang.com/home/apt/items/49690233
2026-07-18 04:46:36,장미3차,송파구,신천동,전세,7,134.16,40.58,130000,0,13.0,47,,49714909,https://www.zigbang.com/home/apt/items/49714909
2026-07-18 04:46:36,장미3차,송파구,신천동,매매,고,134.16,40.58,400000,0,40.0,47,,48442785,https://www.zigbang.com/home/apt/items/48442785
2026-07-18 04:46:36,장미3차,송파구,신천동,매매,중,134.16,40.58,420000,0,42.0,47,,49574256,https://www.zigbang.com/home/apt/items/49574256
2026-07-18 04:46:36,장미3차,송파구,신천동,매매,8,134.16,40.58,420000,0,42.0,47,,49314668,https://www.zigbang.com/home/apt/items/49314668
2026-07-18 04:46:36,파크리오,송파구,신천동,월세,중,35.24,10.66,5000,170,0.5,16,,49569802,https://www.zigbang.com/home/apt/items/49569802
2026-07-18 04:46:36,파크리오,송파구,신천동,월세,저,84.79,25.65,10000,420,1.0,33B,,49662337,https://www.zigbang.com/home/apt/items/49662337
2026-07-18 04:46:36,파크리오,송파구,신천동,월세,중,59.95,18.13,10000,400,1.0,26A,,49470509,https://www.zigbang.com/home/apt/items/49470509
2026-07-18 04:46:36,파크리오,송파구,신천동,월세,저,84.9,25.68,10000,420,1.0,33C,,49404157,https://www.zigbang.com/home/apt/items/49404157
2026-07-18 04:46:36,파크리오,송파구,신천동,월세,중,35.24,10.66,10000,160,1.0,16,,49237959,https://www.zigbang.com/home/apt/items/49237959
2026-07-18 04:46:36,파크리오,송파구,신천동,월세,중,84.9,25.68,10000,420,1.0,33C,,49656076,https://www.zigbang.com/home/apt/items/49656076
2026-07-18 04:46:36,파크리오,송파구,신천동,월세,중,59.95,18.13,20000,360,2.0,26A,,49668605,https://www.zigbang.com/home/apt/items/49668605
2026-07-18 04:46:36,파크리오,송파구,신천동,월세,저,84.9,25.68,20000,400,2.0,33C,,49738631,https://www.zigbang.com/home/apt/items/49738631
2026-07-18 04:46:36,파크리오,송파구,신천동,월세,저,35.24,10.66,20000,200,2.0,16,,49738624,https://www.zigbang.com/home/apt/items/49738624
2026-07-18 04:46:36,파크리오,송파구,신천동,월세,저,35.24,10.66,25000,150,2.5,16,,49297808,https://www.zigbang.com/home/apt/items/49297808
2026-07-18 04:46:36,파크리오,송파구,신천동,월세,저,84.9,25.68,30000,360,3.0,33C,,49667018,https://www.zigbang.com/home/apt/items/49667018
2026-07-18 04:46:36,파크리오,송파구,신천동,월세,저,84.9,25.68,30000,320,3.0,33C,,49627250,https://www.zigbang.com/home/apt/items/49627250
2026-07-18 04:46:36,파크리오,송파구,신천동,월세,고,84.9,25.68,30000,280,3.0,33C,,49436591,https://www.zigbang.com/home/apt/items/49436591
2026-07-18 04:46:36,파크리오,송파구,신천동,월세,중,35.24,10.66,30000,100,3.0,16,,49400775,https://www.zigbang.com/home/apt/items/49400775
2026-07-18 04:46:36,파크리오,송파구,신천동,월세,저,84.9,25.68,40000,360,4.0,33C,,49703168,https://www.zigbang.com/home/apt/items/49703168
2026-07-18 04:46:36,파크리오,송파구,신천동,월세,저,84.9,25.68,40000,360,4.0,33C,,49668177,https://www.zigbang.com/home/apt/items/49668177
2026-07-18 04:46:36,파크리오,송파구,신천동,월세,중,59.95,18.13,45000,280,4.5,26A,,49740567,https://www.zigbang.com/home/apt/items/49740567
2026-07-18 04:46:36,파크리오,송파구,신천동,월세,중,35.24,10.66,45000,60,4.5,16,,49297706,https://www.zigbang.com/home/apt/items/49297706
2026-07-18 04:46:36,파크리오,송파구,신천동,월세,고,84.9,25.68,50000,320,5.0,33C,,49678315,https://www.zigbang.com/home/apt/items/49678315
2026-07-18 04:46:36,파크리오,송파구,신천동,월세,저,35.24,10.66,50000,80,5.0,16,,49567496,https://www.zigbang.com/home/apt/items/49567496
2026-07-18 04:46:36,파크리오,송파구,신천동,월세,중,35.24,10.66,50000,80,5.0,16,,49509002,https://www.zigbang.com/home/apt/items/49509002
2026-07-18 04:46:36,파크리오,송파구,신천동,월세,중,35.24,10.66,50000,80,5.0,16,,49571537,https://www.zigbang.com/home/apt/items/49571537
2026-07-18 04:46:36,파크리오,송파구,신천동,월세,고,35.24,10.66,55000,30,5.5,16,,49571231,https://www.zigbang.com/home/apt/items/49571231
2026-07-18 04:46:36,파크리오,송파구,신천동,월세,저,84.9,25.68,60000,240,6.0,33C,,49446866,https://www.zigbang.com/home/apt/items/49446866
2026-07-18 04:46:36,파크리오,송파구,신천동,전세,저,35.24,10.66,68000,0,6.8,16,,49571039,https://www.zigbang.com/home/apt/items/49571039
2026-07-18 04:46:36,파크리오,송파구,신천동,월세,중,84.9,25.68,70000,230,7.0,33C,,49696359,https://www.zigbang.com/home/apt/items/49696359
2026-07-18 04:46:36,파크리오,송파구,신천동,월세,중,84.9,25.68,70000,230,7.0,33C,,49678124,https://www.zigbang.com/home/apt/items/49678124
2026-07-18 04:46:36,파크리오,송파구,신천동,전세,저,35.24,10.66,70000,0,7.0,16,,49567747,https://www.zigbang.com/home/apt/items/49567747
2026-07-18 04:46:36,파크리오,송파구,신천동,월세,중,84.79,25.65,70000,220,7.0,33B,,49738629,https://www.zigbang.com/home/apt/items/49738629
2026-07-18 04:46:36,파크리오,송파구,신천동,전세,중,35.24,10.66,70000,0,7.0,16,,49570791,https://www.zigbang.com/home/apt/items/49570791
2026-07-18 04:46:36,파크리오,송파구,신천동,월세,고,84.9,25.68,80000,160,8.0,33C,,49627208,https://www.zigbang.com/home/apt/items/49627208
2026-07-18 04:46:36,파크리오,송파구,신천동,월세,중,84.9,25.68,80000,170,8.0,33C,,49595437,https://www.zigbang.com/home/apt/items/49595437
2026-07-18 04:46:36,파크리오,송파구,신천동,월세,고,84.9,25.68,80000,200,8.0,33C,,49582869,https://www.zigbang.com/home/apt/items/49582869
2026-07-18 04:46:36,파크리오,송파구,신천동,월세,고,144.77,43.79,80000,310,8.0,53,,49338234,https://www.zigbang.com/home/apt/items/49338234
2026-07-18 04:46:36,파크리오,송파구,신천동,월세,고,84.9,25.68,90000,150,9.0,33C,,49678392,https://www.zigbang.com/home/apt/items/49678392
2026-07-18 04:46:36,파크리오,송파구,신천동,월세,고,84.9,25.68,90000,160,9.0,33C,,49678101,https://www.zigbang.com/home/apt/items/49678101
2026-07-18 04:46:36,파크리오,송파구,신천동,월세,저,84.79,25.65,90000,150,9.0,33B,,49255929,https://www.zigbang.com/home/apt/items/49255929
2026-07-18 04:46:36,파크리오,송파구,신천동,월세,중,84.9,25.68,90000,160,9.0,33C,,49070411,https://www.zigbang.com/home/apt/items/49070411
2026-07-18 04:46:36,파크리오,송파구,신천동,월세,고,144.77,43.79,90000,330,9.0,53,,48951800,https://www.zigbang.com/home/apt/items/48951800
2026-07-18 04:46:36,파크리오,송파구,신천동,전세,중,59.95,18.13,110000,0,11.0,26A,,49298040,https://www.zigbang.com/home/apt/items/49298040
2026-07-18 04:46:36,파크리오,송파구,신천동,전세,중,59.95,18.13,110000,0,11.0,26A,,49217777,https://www.zigbang.com/home/apt/items/49217777
2026-07-18 04:46:36,파크리오,송파구,신천동,전세,저,59.64,18.04,115000,0,11.5,26C,,49738608,https://www.zigbang.com/home/apt/items/49738608
2026-07-18 04:46:36,파크리오,송파구,신천동,전세,고,84.79,25.65,119000,0,11.9,33B,,49747275,https://www.zigbang.com/home/apt/items/49747275
2026-07-18 04:46:36,파크리오,송파구,신천동,전세,저,84.9,25.68,120000,0,12.0,33C,,49543934,https://www.zigbang.com/home/apt/items/49543934
2026-07-18 04:46:36,파크리오,송파구,신천동,전세,고,84.9,25.68,125000,0,12.5,33C,,49182359,https://www.zigbang.com/home/apt/items/49182359
2026-07-18 04:46:36,파크리오,송파구,신천동,전세,고,84.9,25.68,128000,0,12.8,33C,,49566470,https://www.zigbang.com/home/apt/items/49566470
2026-07-18 04:46:36,파크리오,송파구,신천동,전세,중,84.9,25.68,130000,0,13.0,33C,,49652167,https://www.zigbang.com/home/apt/items/49652167
2026-07-18 04:46:36,파크리오,송파구,신천동,전세,저,84.9,25.68,130000,0,13.0,33C,,49582742,https://www.zigbang.com/home/apt/items/49582742
2026-07-18 04:46:36,파크리오,송파구,신천동,전세,고,84.9,25.68,130000,0,13.0,33C,,49582706,https://www.zigbang.com/home/apt/items/49582706
2026-07-18 04:46:36,파크리오,송파구,신천동,전세,저,84.79,25.65,130000,0,13.0,33B1,,49582658,https://www.zigbang.com/home/apt/items/49582658
2026-07-18 04:46:36,파크리오,송파구,신천동,전세,중,84.9,25.68,130000,0,13.0,33C,,49506516,https://www.zigbang.com/home/apt/items/49506516
2026-07-18 04:46:36,파크리오,송파구,신천동,전세,저,84.79,25.65,130000,0,13.0,33B,,49210250,https://www.zigbang.com/home/apt/items/49210250
2026-07-18 04:46:36,파크리오,송파구,신천동,전세,저,84.9,25.68,130000,0,13.0,33C,,49738612,https://www.zigbang.com/home/apt/items/49738612
2026-07-18 04:46:36,파크리오,송파구,신천동,전세,고,84.9,25.68,130000,0,13.0,33C,,49245333,https://www.zigbang.com/home/apt/items/49245333
2026-07-18 04:46:36,파크리오,송파구,신천동,월세,중,144.77,43.79,140000,100,14.0,53,,49128858,https://www.zigbang.com/home/apt/items/49128858
2026-07-18 04:46:36,파크리오,송파구,신천동,매매,중,35.24,10.66,140000,0,14.0,16,,49531227,https://www.zigbang.com/home/apt/items/49531227
2026-07-18 04:46:36,파크리오,송파구,신천동,매매,중,35.24,10.66,145000,0,14.5,16,,49738599,https://www.zigbang.com/home/apt/items/49738599
2026-07-18 04:46:36,파크리오,송파구,신천동,전세,중,121.63,36.79,148000,0,14.8,45,,49420775,https://www.zigbang.com/home/apt/items/49420775
2026-07-18 04:46:36,파크리오,송파구,신천동,전세,중,144.77,43.79,150000,0,15.0,53,,49738622,https://www.zigbang.com/home/apt/items/49738622
2026-07-18 04:46:36,파크리오,송파구,신천동,전세,중,121.63,36.79,160000,0,16.0,45,,49115418,https://www.zigbang.com/home/apt/items/49115418
2026-07-18 04:46:36,파크리오,송파구,신천동,매매,고,59.95,18.13,270000,0,27.0,26A,,49228808,https://www.zigbang.com/home/apt/items/49228808
2026-07-18 04:46:36,파크리오,송파구,신천동,매매,고,59.95,18.13,273000,0,27.3,26A,,49407004,https://www.zigbang.com/home/apt/items/49407004
2026-07-18 04:46:36,파크리오,송파구,신천동,매매,고,59.95,18.13,274000,0,27.4,26A,,49681205,https://www.zigbang.com/home/apt/items/49681205
2026-07-18 04:46:36,파크리오,송파구,신천동,매매,고,59.64,18.04,275000,0,27.5,26C,,49681766,https://www.zigbang.com/home/apt/items/49681766
2026-07-18 04:46:36,파크리오,송파구,신천동,매매,고,59.86,18.11,275000,0,27.5,26B,,49349591,https://www.zigbang.com/home/apt/items/49349591
2026-07-18 04:46:36,파크리오,송파구,신천동,매매,고,59.95,18.13,275000,0,27.5,26A,,49349552,https://www.zigbang.com/home/apt/items/49349552
2026-07-18 04:46:36,파크리오,송파구,신천동,매매,고,59.86,18.11,275000,0,27.5,26B,,49055610,https://www.zigbang.com/home/apt/items/49055610
2026-07-18 04:46:36,파크리오,송파구,신천동,매매,중,59.95,18.13,278000,0,27.8,26A,,49574779,https://www.zigbang.com/home/apt/items/49574779
2026-07-18 04:46:36,파크리오,송파구,신천동,매매,고,59.64,18.04,278000,0,27.8,26C,,49519204,https://www.zigbang.com/home/apt/items/49519204
2026-07-18 04:46:36,파크리오,송파구,신천동,매매,고,59.86,18.11,280000,0,28.0,26B,,49681261,https://www.zigbang.com/home/apt/items/49681261
2026-07-18 04:46:36,파크리오,송파구,신천동,매매,고,59.95,18.13,280000,0,28.0,26A,,49681232,https://www.zigbang.com/home/apt/items/49681232
2026-07-18 04:46:36,파크리오,송파구,신천동,매매,고,59.64,18.04,280000,0,28.0,26C,,49416100,https://www.zigbang.com/home/apt/items/49416100
2026-07-18 04:46:36,파크리오,송파구,신천동,매매,저,59.64,18.04,280000,0,28.0,26C,,49349515,https://www.zigbang.com/home/apt/items/49349515
2026-07-18 04:46:36,파크리오,송파구,신천동,매매,중,59.95,18.13,280000,0,28.0,26A,,49291735,https://www.zigbang.com/home/apt/items/49291735
2026-07-18 04:46:36,파크리오,송파구,신천동,매매,저,59.64,18.04,280000,0,28.0,26C,,47897911,https://www.zigbang.com/home/apt/items/47897911
2026-07-18 04:46:36,파크리오,송파구,신천동,매매,저,59.64,18.04,280000,0,28.0,26C,,49023935,https://www.zigbang.com/home/apt/items/49023935
2026-07-18 04:46:36,파크리오,송파구,신천동,매매,고,59.86,18.11,285000,0,28.5,26B,,49531490,https://www.zigbang.com/home/apt/items/49531490
2026-07-18 04:46:36,파크리오,송파구,신천동,매매,저,84.9,25.68,288000,0,28.8,33C,,49202608,https://www.zigbang.com/home/apt/items/49202608
2026-07-18 04:46:36,파크리오,송파구,신천동,매매,저,84.9,25.68,290000,0,29.0,33C,,49035010,https://www.zigbang.com/home/apt/items/49035010
2026-07-18 04:46:36,파크리오,송파구,신천동,매매,중,84.79,25.65,293000,0,29.3,33B,,49026507,https://www.zigbang.com/home/apt/items/49026507
2026-07-18 04:46:36,파크리오,송파구,신천동,매매,저,84.79,25.65,294000,0,29.4,33B,,49694988,https://www.zigbang.com/home/apt/items/49694988
2026-07-18 04:46:36,파크리오,송파구,신천동,매매,저,84.79,25.65,295000,0,29.5,33B,,49653064,https://www.zigbang.com/home/apt/items/49653064
2026-07-18 04:46:36,파크리오,송파구,신천동,매매,중,84.79,25.65,295000,0,29.5,33B,,49619557,https://www.zigbang.com/home/apt/items/49619557
2026-07-18 04:46:36,파크리오,송파구,신천동,매매,저,84.79,25.65,295000,0,29.5,33B,,49532110,https://www.zigbang.com/home/apt/items/49532110
2026-07-18 04:46:36,파크리오,송파구,신천동,매매,저,84.79,25.65,295000,0,29.5,33B,,49243298,https://www.zigbang.com/home/apt/items/49243298
2026-07-18 04:46:36,파크리오,송파구,신천동,매매,중,84.79,25.65,295000,0,29.5,33B,,49193586,https://www.zigbang.com/home/apt/items/49193586
2026-07-18 04:46:36,파크리오,송파구,신천동,매매,저,84.79,25.65,295000,0,29.5,33B,,49023915,https://www.zigbang.com/home/apt/items/49023915
2026-07-18 04:46:36,파크리오,송파구,신천동,매매,중,84.79,25.65,297000,0,29.7,33B,,49128315,https://www.zigbang.com/home/apt/items/49128315
2026-07-18 04:46:36,파크리오,송파구,신천동,매매,중,84.79,25.65,297000,0,29.7,33B,,48946008,https://www.zigbang.com/home/apt/items/48946008
2026-07-18 04:46:36,파크리오,송파구,신천동,매매,저,84.9,25.68,298000,0,29.8,33C,,49194279,https://www.zigbang.com/home/apt/items/49194279
2026-07-18 04:46:36,파크리오,송파구,신천동,매매,저,84.9,25.68,300000,0,30.0,33C,,49703241,https://www.zigbang.com/home/apt/items/49703241
2026-07-18 04:46:36,파크리오,송파구,신천동,매매,중,84.9,25.68,300000,0,30.0,33C,,49680364,https://www.zigbang.com/home/apt/items/49680364
2026-07-18 04:46:36,파크리오,송파구,신천동,매매,중,84.9,25.68,300000,0,30.0,33C,,49646696,https://www.zigbang.com/home/apt/items/49646696
2026-07-18 04:46:36,파크리오,송파구,신천동,매매,중,84.9,25.68,300000,0,30.0,33C,,49349728,https://www.zigbang.com/home/apt/items/49349728
2026-07-18 04:46:36,파크리오,송파구,신천동,매매,고,84.79,25.65,300000,0,30.0,33B,,49332148,https://www.zigbang.com/home/apt/items/49332148
2026-07-18 04:46:36,파크리오,송파구,신천동,매매,중,84.79,25.65,300000,0,30.0,33B,,49331656,https://www.zigbang.com/home/apt/items/49331656
2026-07-18 04:46:36,파크리오,송파구,신천동,매매,중,84.79,25.65,300000,0,30.0,33B1,,49295653,https://www.zigbang.com/home/apt/items/49295653
2026-07-18 04:46:36,파크리오,송파구,신천동,매매,저,84.79,25.65,300000,0,30.0,33B1,,49291186,https://www.zigbang.com/home/apt/items/49291186
2026-07-18 04:46:36,파크리오,송파구,신천동,매매,저,84.9,25.68,300000,0,30.0,33C,,49291137,https://www.zigbang.com/home/apt/items/49291137
2026-07-18 04:46:36,파크리오,송파구,신천동,매매,8,84.79,25.65,300000,0,30.0,33B,,49291073,https://www.zigbang.com/home/apt/items/49291073
2026-07-18 04:46:36,파크리오,송파구,신천동,매매,중,84.79,25.65,300000,0,30.0,33B,,49075008,https://www.zigbang.com/home/apt/items/49075008
2026-07-18 04:46:36,파크리오,송파구,신천동,매매,고,84.79,25.65,300000,0,30.0,33B,,49053087,https://www.zigbang.com/home/apt/items/49053087
2026-07-18 04:46:36,파크리오,송파구,신천동,매매,저,84.79,25.65,300000,0,30.0,33B,,49052903,https://www.zigbang.com/home/apt/items/49052903
2026-07-18 04:46:36,파크리오,송파구,신천동,매매,중,84.79,25.65,300000,0,30.0,33B,,49035063,https://www.zigbang.com/home/apt/items/49035063
2026-07-18 04:46:36,파크리오,송파구,신천동,매매,중,84.79,25.65,300000,0,30.0,33B,,48657091,https://www.zigbang.com/home/apt/items/48657091
2026-07-18 04:46:36,파크리오,송파구,신천동,매매,중,84.9,25.68,300000,0,30.0,33C,,48290640,https://www.zigbang.com/home/apt/items/48290640
2026-07-18 04:46:36,파크리오,송파구,신천동,매매,저,84.79,25.65,300000,0,30.0,33B,,48290174,https://www.zigbang.com/home/apt/items/48290174
2026-07-18 04:46:36,파크리오,송파구,신천동,매매,고,84.79,25.65,305000,0,30.5,33B,,49013190,https://www.zigbang.com/home/apt/items/49013190
2026-07-18 04:46:36,파크리오,송파구,신천동,매매,저,84.79,25.65,310000,0,31.0,33B1,,49583230,https://www.zigbang.com/home/apt/items/49583230
2026-07-18 04:46:36,파크리오,송파구,신천동,매매,중,84.79,25.65,310000,0,31.0,33B,,49290970,https://www.zigbang.com/home/apt/items/49290970
2026-07-18 04:46:36,파크리오,송파구,신천동,매매,중,84.79,25.65,310000,0,31.0,33B,,49128343,https://www.zigbang.com/home/apt/items/49128343
2026-07-18 04:46:36,파크리오,송파구,신천동,매매,중,84.79,25.65,310000,0,31.0,33B1,,49081680,https://www.zigbang.com/home/apt/items/49081680
2026-07-18 04:46:36,파크리오,송파구,신천동,매매,고,84.79,25.65,310000,0,31.0,33B,,49079403,https://www.zigbang.com/home/apt/items/49079403
2026-07-18 04:46:36,파크리오,송파구,신천동,매매,저,84.79,25.65,310000,0,31.0,33B,,49013142,https://www.zigbang.com/home/apt/items/49013142
2026-07-18 04:46:36,파크리오,송파구,신천동,매매,고,84.79,25.65,310000,0,31.0,33B,,48897246,https://www.zigbang.com/home/apt/items/48897246
2026-07-18 04:46:36,파크리오,송파구,신천동,매매,중,84.79,25.65,310000,0,31.0,33B,,48564059,https://www.zigbang.com/home/apt/items/48564059
2026-07-18 04:46:36,파크리오,송파구,신천동,매매,중,84.79,25.65,310000,0,31.0,33B,,48593348,https://www.zigbang.com/home/apt/items/48593348
2026-07-18 04:46:36,파크리오,송파구,신천동,매매,고,84.97,25.7,310000,0,31.0,33A,,48563835,https://www.zigbang.com/home/apt/items/48563835
2026-07-18 04:46:36,파크리오,송파구,신천동,매매,중,84.9,25.68,310000,0,31.0,33C,,49738650,https://www.zigbang.com/home/apt/items/49738650
2026-07-18 04:46:36,파크리오,송파구,신천동,매매,중,84.79,25.65,310000,0,31.0,33B,,49348987,https://www.zigbang.com/home/apt/items/49348987
2026-07-18 04:46:36,파크리오,송파구,신천동,매매,고,84.79,25.65,320000,0,32.0,33B1,,49532200,https://www.zigbang.com/home/apt/items/49532200
2026-07-18 04:46:36,파크리오,송파구,신천동,매매,저,121.63,36.79,335000,0,33.5,45,,46833274,https://www.zigbang.com/home/apt/items/46833274
2026-07-18 04:46:36,파크리오,송파구,신천동,매매,저,144.77,43.79,340000,0,34.0,53,,48779327,https://www.zigbang.com/home/apt/items/48779327
2026-07-18 04:46:36,파크리오,송파구,신천동,매매,저,144.77,43.79,345000,0,34.5,53,,49128788,https://www.zigbang.com/home/apt/items/49128788
2026-07-18 04:46:36,파크리오,송파구,신천동,매매,중,121.63,36.79,355000,0,35.5,45,,49186435,https://www.zigbang.com/home/apt/items/49186435
2026-07-18 04:46:36,파크리오,송파구,신천동,매매,고,121.63,36.79,358000,0,35.8,45,,49729370,https://www.zigbang.com/home/apt/items/49729370
2026-07-18 04:46:36,파크리오,송파구,신천동,매매,저,121.63,36.79,360000,0,36.0,45,,49406877,https://www.zigbang.com/home/apt/items/49406877
2026-07-18 04:46:36,파크리오,송파구,신천동,매매,중,121.63,36.79,360000,0,36.0,45,,49382502,https://www.zigbang.com/home/apt/items/49382502
2026-07-18 04:46:36,파크리오,송파구,신천동,매매,저,121.63,36.79,360000,0,36.0,45,,49192467,https://www.zigbang.com/home/apt/items/49192467
2026-07-18 04:46:36,파크리오,송파구,신천동,매매,중,144.77,43.79,360000,0,36.0,53,,48996697,https://www.zigbang.com/home/apt/items/48996697
2026-07-18 04:46:36,파크리오,송파구,신천동,매매,중,144.77,43.79,360000,0,36.0,53,,49023941,https://www.zigbang.com/home/apt/items/49023941
2026-07-18 04:46:36,파크리오,송파구,신천동,매매,중,121.63,36.79,360000,0,36.0,45,,48657122,https://www.zigbang.com/home/apt/items/48657122
2026-07-18 04:46:36,파크리오,송파구,신천동,매매,중,121.63,36.79,365000,0,36.5,45,,49167654,https://www.zigbang.com/home/apt/items/49167654
2026-07-18 04:46:36,파크리오,송파구,신천동,매매,저,121.63,36.79,365000,0,36.5,45,,49531813,https://www.zigbang.com/home/apt/items/49531813
2026-07-18 04:46:36,파크리오,송파구,신천동,매매,고,121.63,36.79,365000,0,36.5,45,,48779975,https://www.zigbang.com/home/apt/items/48779975
2026-07-18 04:46:36,파크리오,송파구,신천동,매매,고,121.63,36.79,370000,0,37.0,45,,48946214,https://www.zigbang.com/home/apt/items/48946214
2026-07-18 04:46:36,파크리오,송파구,신천동,매매,고,144.77,43.79,370000,0,37.0,53,,49738651,https://www.zigbang.com/home/apt/items/49738651
2026-07-18 04:46:36,파크리오,송파구,신천동,매매,고,121.63,36.79,370000,0,37.0,45,,49532673,https://www.zigbang.com/home/apt/items/49532673
2026-07-18 04:46:36,파크리오,송파구,신천동,매매,13,144.77,43.79,390000,0,39.0,53,,49023964,https://www.zigbang.com/home/apt/items/49023964
2026-07-18 04:46:36,파크리오,송파구,신천동,매매,중,144.77,43.79,455000,0,45.5,53,,49532607,https://www.zigbang.com/home/apt/items/49532607
2026-07-18 04:46:36,한신코아,송파구,신천동,매매,중,41.99,12.7,148000,0,14.8,18,,49323229,https://www.zigbang.com/home/apt/items/49323229
2026-07-18 04:46:36,한신코아,송파구,신천동,매매,저,41.99,12.7,160000,0,16.0,18,,49377680,https://www.zigbang.com/home/apt/items/49377680
2026-07-18 04:46:36,한신코아,송파구,신천동,매매,저,52.51,15.88,183000,0,18.3,23,,49460550,https://www.zigbang.com/home/apt/items/49460550
2026-07-18 04:46:36,현대타워,송파구,신천동,전세,18,106.65,32.26,110000,0,11.0,42,,49536780,https://www.zigbang.com/home/apt/items/49536780
2026-07-18 04:46:36,대림,송파구,오금동,매매,저,84.91,25.69,220000,0,22.0,31,,49577165,https://www.zigbang.com/home/apt/items/49577165
2026-07-18 04:46:36,대림,송파구,오금동,매매,2,84.91,25.69,229000,0,22.9,31,,49574119,https://www.zigbang.com/home/apt/items/49574119
2026-07-18 04:46:36,대림,송파구,오금동,매매,2,84.91,25.69,233000,0,23.3,31,,49749133,https://www.zigbang.com/home/apt/items/49749133
2026-07-18 04:46:36,대림,송파구,오금동,매매,15,84.91,25.69,237000,0,23.7,31,,49749136,https://www.zigbang.com/home/apt/items/49749136
2026-07-18 04:46:36,대림,송파구,오금동,매매,9,84.91,25.69,238000,0,23.8,31,,49749138,https://www.zigbang.com/home/apt/items/49749138
2026-07-18 04:46:36,대림,송파구,오금동,매매,5,84.91,25.69,240000,0,24.0,31,,49749141,https://www.zigbang.com/home/apt/items/49749141
2026-07-18 04:46:36,대림,송파구,오금동,매매,고,84.91,25.69,240000,0,24.0,31,,49749139,https://www.zigbang.com/home/apt/items/49749139
2026-07-18 04:46:36,대림,송파구,오금동,매매,8,125.79,38.05,255000,0,25.5,44,,49749144,https://www.zigbang.com/home/apt/items/49749144
2026-07-18 04:46:36,대림,송파구,오금동,매매,3,125.79,38.05,260000,0,26.0,44,,49749147,https://www.zigbang.com/home/apt/items/49749147
2026-07-18 04:46:36,르네상스빌,송파구,오금동,매매,8,170.37,51.54,180000,0,18.0,61,,49749368,https://www.zigbang.com/home/apt/items/49749368
2026-07-18 04:46:36,르네상스빌,송파구,오금동,매매,13,204.11,61.74,210000,0,21.0,73,,49749376,https://www.zigbang.com/home/apt/items/49749376
2026-07-18 04:46:36,르네상스빌,송파구,오금동,매매,고,204.11,61.74,210000,0,21.0,73,,49749374,https://www.zigbang.com/home/apt/items/49749374
2026-07-18 04:46:36,송파더플래티넘,송파구,오금동,월세,저,106.23,32.13,1000,70,0.1,42B,,49672460,https://www.zigbang.com/home/apt/items/49672460
2026-07-18 04:46:36,송파더플래티넘,송파구,오금동,월세,중,106.23,32.13,1000,75,0.1,42B,,49548767,https://www.zigbang.com/home/apt/items/49548767
2026-07-18 04:46:36,송파더플래티넘,송파구,오금동,월세,고,106.23,32.13,1000,80,0.1,42B,,48955891,https://www.zigbang.com/home/apt/items/48955891
2026-07-18 04:46:36,송파더플래티넘,송파구,오금동,월세,고,106.23,32.13,1000,80,0.1,42A,,48498192,https://www.zigbang.com/home/apt/items/48498192
2026-07-18 04:46:36,송파더플래티넘,송파구,오금동,월세,저,106.23,32.13,1000,70,0.1,42A,,48436964,https://www.zigbang.com/home/apt/items/48436964
2026-07-18 04:46:36,송파더플래티넘,송파구,오금동,월세,중,106.23,32.13,1000,90,0.1,42A,,48436876,https://www.zigbang.com/home/apt/items/48436876
2026-07-18 04:46:36,송파더플래티넘,송파구,오금동,월세,저,106.23,32.13,60000,150,6.0,42B,,49640936,https://www.zigbang.com/home/apt/items/49640936
2026-07-18 04:46:36,송파더플래티넘,송파구,오금동,전세,저,106.23,32.13,90000,0,9.0,42B,,49640920,https://www.zigbang.com/home/apt/items/49640920
2026-07-18 04:46:36,송파더플래티넘,송파구,오금동,전세,중,89.07,26.94,100000,0,10.0,35B,,49752851,https://www.zigbang.com/home/apt/items/49752851
2026-07-18 04:46:36,송파더플래티넘,송파구,오금동,매매,14,52.6,15.91,138000,0,13.8,21A,,48222099,https://www.zigbang.com/home/apt/items/48222099
2026-07-18 04:46:36,송파더플래티넘,송파구,오금동,매매,저,52.6,15.91,138000,0,13.8,21A,,46912690,https://www.zigbang.com/home/apt/items/46912690
2026-07-18 04:46:36,송파더플래티넘,송파구,오금동,매매,중,66.94,20.25,148500,0,14.85,27C,,46912253,https://www.zigbang.com/home/apt/items/46912253
2026-07-18 04:46:36,송파더플래티넘,송파구,오금동,매매,9,65.33,19.76,150000,0,15.0,27,,237928,https://www.zigbang.com/home/apt/items/237928
2026-07-18 04:46:36,송파더플래티넘,송파구,오금동,매매,고,66.9,20.24,155000,0,15.5,28E,,46958840,https://www.zigbang.com/home/apt/items/46958840
2026-07-18 04:46:36,송파더플래티넘,송파구,오금동,매매,중,66.9,20.24,160000,0,16.0,28E,,49752747,https://www.zigbang.com/home/apt/items/49752747
2026-07-18 04:46:36,송파더플래티넘,송파구,오금동,매매,중,66.91,20.24,160000,0,16.0,27B,,46912280,https://www.zigbang.com/home/apt/items/46912280
2026-07-18 04:46:36,송파더플래티넘,송파구,오금동,매매,고,66.91,20.24,165000,0,16.5,27B,,49283462,https://www.zigbang.com/home/apt/items/49283462
2026-07-18 04:46:36,송파더플래티넘,송파구,오금동,매매,13,66.94,20.25,170000,0,17.0,27C,,243950,https://www.zigbang.com/home/apt/items/243950
2026-07-18 04:46:36,송파더플래티넘,송파구,오금동,매매,중,66.94,20.25,175000,0,17.5,27A,,46912728,https://www.zigbang.com/home/apt/items/46912728
2026-07-18 04:46:36,송파더플래티넘,송파구,오금동,매매,6,89.07,26.94,180000,0,18.0,35B,,240308,https://www.zigbang.com/home/apt/items/240308
2026-07-18 04:46:36,송파더플래티넘,송파구,오금동,매매,저,106.23,32.13,195000,0,19.5,42C,,46912849,https://www.zigbang.com/home/apt/items/46912849
2026-07-18 04:46:36,송파더플래티넘,송파구,오금동,매매,10,106.23,32.13,200000,0,20.0,42B,,49471326,https://www.zigbang.com/home/apt/items/49471326
2026-07-18 04:46:36,송파더플래티넘,송파구,오금동,매매,중,106.23,32.13,200000,0,20.0,42B,,46912367,https://www.zigbang.com/home/apt/items/46912367
2026-07-18 04:46:36,송파더플래티넘,송파구,오금동,매매,고,106.23,32.13,210000,0,21.0,42A,,49475033,https://www.zigbang.com/home/apt/items/49475033
2026-07-18 04:46:36,송파두산위브,송파구,오금동,매매,9,59.9823,18.14,150000,0,15.0,25,,49749327,https://www.zigbang.com/home/apt/items/49749327
2026-07-18 04:46:36,송파두산위브,송파구,오금동,매매,10,59.9823,18.14,150000,0,15.0,25,,49749318,https://www.zigbang.com/home/apt/items/49749318
2026-07-18 04:46:36,송파두산위브,송파구,오금동,매매,중,59.9823,18.14,150000,0,15.0,25,,49749312,https://www.zigbang.com/home/apt/items/49749312
2026-07-18 04:46:36,송파두산위브,송파구,오금동,매매,8,59.9823,18.14,155000,0,15.5,25,,49749335,https://www.zigbang.com/home/apt/items/49749335
2026-07-18 04:46:36,송파두산위브,송파구,오금동,매매,중,84.9703,25.7,155000,0,15.5,34,,49538015,https://www.zigbang.com/home/apt/items/49538015
2026-07-18 04:46:36,송파두산위브,송파구,오금동,매매,중,84.9703,25.7,159000,0,15.9,34,,49286484,https://www.zigbang.com/home/apt/items/49286484
2026-07-18 04:46:36,송파두산위브,송파구,오금동,매매,저,84.9703,25.7,180000,0,18.0,34,,49432585,https://www.zigbang.com/home/apt/items/49432585
2026-07-18 04:46:36,송파두산위브,송파구,오금동,매매,11,84.9703,25.7,180000,0,18.0,34,,101803,https://www.zigbang.com/home/apt/items/101803
2026-07-18 04:46:36,송파레미니스1단지,송파구,오금동,전세,저,84.82,25.66,90000,0,9.0,38B,,49531818,https://www.zigbang.com/home/apt/items/49531818
2026-07-18 04:46:36,송파레미니스1단지,송파구,오금동,매매,15,59.85,18.1,170000,0,17.0,27A,,49347450,https://www.zigbang.com/home/apt/items/49347450
2026-07-18 04:46:36,송파레미니스1단지,송파구,오금동,매매,10,84.94,25.69,190000,0,19.0,37C,,164361,https://www.zigbang.com/home/apt/items/164361
2026-07-18 04:46:36,송파레미니스1단지,송파구,오금동,매매,중,84.94,25.69,195000,0,19.5,37CN,,49347435,https://www.zigbang.com/home/apt/items/49347435
2026-07-18 04:46:36,송파레미니스1단지,송파구,오금동,매매,고,84.82,25.66,210000,0,21.0,38B,,49352741,https://www.zigbang.com/home/apt/items/49352741
2026-07-18 04:46:36,송파레미니스1단지,송파구,오금동,매매,저,84.99,25.71,230000,0,23.0,37A,,49352772,https://www.zigbang.com/home/apt/items/49352772
2026-07-18 04:46:36,송파레미니스2단지,송파구,오금동,월세,11,84.99,25.71,75000,60,7.5,37A,,49635864,https://www.zigbang.com/home/apt/items/49635864
2026-07-18 04:46:36,송파레미니스2단지,송파구,오금동,전세,중,84.94,25.69,90000,0,9.0,37CN,,49749230,https://www.zigbang.com/home/apt/items/49749230
2026-07-18 04:46:36,송파레미니스2단지,송파구,오금동,전세,중,84.94,25.69,95000,0,9.5,37C,,49394093,https://www.zigbang.com/home/apt/items/49394093
2026-07-18 04:46:36,송파레미니스2단지,송파구,오금동,매매,고,84.94,25.69,174000,0,17.4,37CN,,49555710,https://www.zigbang.com/home/apt/items/49555710
2026-07-18 04:46:36,송파레미니스2단지,송파구,오금동,매매,중,84.82,25.66,175000,0,17.5,38B,,49749238,https://www.zigbang.com/home/apt/items/49749238
2026-07-18 04:46:36,송파레미니스2단지,송파구,오금동,매매,고,84.82,25.66,190000,0,19.0,38B,,49347426,https://www.zigbang.com/home/apt/items/49347426
2026-07-18 04:46:36,송파레미니스2단지,송파구,오금동,매매,고,84.82,25.66,200000,0,20.0,38B,,49749245,https://www.zigbang.com/home/apt/items/49749245
2026-07-18 04:46:36,송파레미니스2단지,송파구,오금동,매매,고,84.94,25.69,200000,0,20.0,37C,,49749240,https://www.zigbang.com/home/apt/items/49749240
2026-07-18 04:46:36,송파레미니스2단지,송파구,오금동,매매,중,84.94,25.69,200000,0,20.0,37CN,,49347456,https://www.zigbang.com/home/apt/items/49347456
2026-07-18 04:46:36,송파호반베르디움더퍼스트,송파구,오금동,전세,11,101.4632,30.69,105000,0,10.5,39,,49350253,https://www.zigbang.com/home/apt/items/49350253
2026-07-18 04:46:36,오금쌍용스윗닷홈1차,송파구,오금동,매매,10,84.94,25.69,180000,0,18.0,32,,49751292,https://www.zigbang.com/home/apt/items/49751292
2026-07-18 04:46:36,오금쌍용스윗닷홈1차,송파구,오금동,매매,5,84.94,25.69,180000,0,18.0,32,,49749276,https://www.zigbang.com/home/apt/items/49749276
2026-07-18 04:46:36,오금쌍용스윗닷홈1차,송파구,오금동,매매,12,84.94,25.69,189500,0,18.95,32,,49751245,https://www.zigbang.com/home/apt/items/49751245
2026-07-18 04:46:36,올림픽파크센트레빌,송파구,오금동,매매,7,84.37,25.52,173000,0,17.3,33B,,49749350,https://www.zigbang.com/home/apt/items/49749350
2026-07-18 04:46:36,올림픽파크센트레빌,송파구,오금동,매매,고,84.68,25.62,185000,0,18.5,33C,,49749357,https://www.zigbang.com/home/apt/items/49749357
2026-07-18 04:46:36,현대,송파구,오금동,월세,중,84.98,25.71,30000,200,3.0,31,,49749069,https://www.zigbang.com/home/apt/items/49749069
2026-07-18 04:46:36,현대,송파구,오금동,전세,14,84.98,25.71,80000,0,8.0,31,,49749072,https://www.zigbang.com/home/apt/items/49749072
2026-07-18 04:46:36,현대,송파구,오금동,전세,저,170.32,51.52,120000,0,12.0,58,,49749073,https://www.zigbang.com/home/apt/items/49749073
2026-07-18 04:46:36,현대,송파구,오금동,매매,고,84.98,25.71,280000,0,28.0,31,,49749075,https://www.zigbang.com/home/apt/items/49749075
2026-07-18 04:46:36,현대,송파구,오금동,매매,1,130.93,39.61,285000,0,28.5,46,,49749078,https://www.zigbang.com/home/apt/items/49749078
2026-07-18 04:46:36,현대,송파구,오금동,매매,5,130.93,39.61,288000,0,28.8,46,,49749081,https://www.zigbang.com/home/apt/items/49749081
2026-07-18 04:46:36,현대,송파구,오금동,매매,9,130.93,39.61,295000,0,29.5,46,,49749085,https://www.zigbang.com/home/apt/items/49749085
2026-07-18 04:46:36,현대,송파구,오금동,매매,2,130.93,39.61,298000,0,29.8,46,,49749088,https://www.zigbang.com/home/apt/items/49749088
2026-07-18 04:46:36,현대,송파구,오금동,매매,5,130.93,39.61,300000,0,30.0,46,,49749112,https://www.zigbang.com/home/apt/items/49749112
2026-07-18 04:46:36,현대,송파구,오금동,매매,중,130.93,39.61,300000,0,30.0,46,,49749108,https://www.zigbang.com/home/apt/items/49749108
2026-07-18 04:46:36,현대,송파구,오금동,매매,8,130.93,39.61,300000,0,30.0,46,,49749105,https://www.zigbang.com/home/apt/items/49749105
2026-07-18 04:46:36,현대,송파구,오금동,매매,중,130.93,39.61,300000,0,30.0,46,,49749101,https://www.zigbang.com/home/apt/items/49749101
2026-07-18 04:46:36,현대,송파구,오금동,매매,9,130.93,39.61,300000,0,30.0,46,,49749099,https://www.zigbang.com/home/apt/items/49749099
2026-07-18 04:46:36,현대,송파구,오금동,매매,8,130.93,39.61,300000,0,30.0,46,,49749097,https://www.zigbang.com/home/apt/items/49749097
2026-07-18 04:46:36,현대,송파구,오금동,매매,저,170.32,51.52,340000,0,34.0,58,,49749121,https://www.zigbang.com/home/apt/items/49749121
2026-07-18 04:46:36,현대,송파구,오금동,매매,10,170.32,51.52,340000,0,34.0,58,,49749117,https://www.zigbang.com/home/apt/items/49749117
2026-07-18 04:46:36,현대,송파구,오금동,매매,3,170.32,51.52,350000,0,35.0,58,,49749124,https://www.zigbang.com/home/apt/items/49749124
2026-07-18 04:46:36,현대백조,송파구,오금동,매매,3,78.59,23.77,165000,0,16.5,31A,,49749156,https://www.zigbang.com/home/apt/items/49749156
2026-07-18 04:46:36,갤러리아팰리스,송파구,잠실동,매매,중,151.99,45.98,320000,0,32.0,58C,,49222781,https://www.zigbang.com/home/apt/items/49222781
2026-07-18 04:46:36,갤러리아팰리스,송파구,잠실동,매매,중,163.93,49.59,420000,0,42.0,63C,,49616648,https://www.zigbang.com/home/apt/items/49616648
2026-07-18 04:46:36,레이크팰리스,송파구,잠실동,월세,중,84.82,25.66,40000,350,4.0,34,,49655467,https://www.zigbang.com/home/apt/items/49655467
2026-07-18 04:46:36,레이크팰리스,송파구,잠실동,매매,13,135.82,41.09,420000,0,42.0,50A,,216670,https://www.zigbang.com/home/apt/items/216670
2026-07-18 04:46:36,리센츠,송파구,잠실동,월세,중,84.99,25.71,30000,380,3.0,33J,,49342274,https://www.zigbang.com/home/apt/items/49342274
2026-07-18 04:46:36,리센츠,송파구,잠실동,전세,중,27.68,8.37,70000,0,7.0,13A,,49554207,https://www.zigbang.com/home/apt/items/49554207
2026-07-18 04:46:36,리센츠,송파구,잠실동,월세,중,124.22,37.58,70000,450,7.0,48A,,49551873,https://www.zigbang.com/home/apt/items/49551873
2026-07-18 04:46:36,리센츠,송파구,잠실동,월세,8,124.22,37.58,70000,480,7.0,48B,,247824,https://www.zigbang.com/home/apt/items/247824
2026-07-18 04:46:36,리센츠,송파구,잠실동,월세,저,124.22,37.58,80000,520,8.0,48A,,49577444,https://www.zigbang.com/home/apt/items/49577444
2026-07-18 04:46:36,리센츠,송파구,잠실동,월세,저,124.22,37.58,80000,450,8.0,48B,,49533756,https://www.zigbang.com/home/apt/items/49533756
2026-07-18 04:46:36,리센츠,송파구,잠실동,전세,저,84.99,25.71,155000,0,15.5,33A,,49716051,https://www.zigbang.com/home/apt/items/49716051
2026-07-18 04:46:36,리센츠,송파구,잠실동,매매,저,27.68,8.37,163000,0,16.3,13B,,49553990,https://www.zigbang.com/home/apt/items/49553990
2026-07-18 04:46:36,리센츠,송파구,잠실동,전세,저,124.22,37.58,175000,0,17.5,48B,,49647029,https://www.zigbang.com/home/apt/items/49647029
2026-07-18 04:46:36,리센츠,송파구,잠실동,매매,고,27.68,8.37,200000,0,20.0,13B,,49234294,https://www.zigbang.com/home/apt/items/49234294
2026-07-18 04:46:36,리센츠,송파구,잠실동,매매,고,59.99,18.15,325000,0,32.5,25B,,49234244,https://www.zigbang.com/home/apt/items/49234244
2026-07-18 04:46:36,리센츠,송파구,잠실동,매매,저,84.99,25.71,328000,0,32.8,33I,,49177727,https://www.zigbang.com/home/apt/items/49177727
2026-07-18 04:46:36,리센츠,송파구,잠실동,매매,중,84.99,25.71,329000,0,32.9,33J,,49222642,https://www.zigbang.com/home/apt/items/49222642
2026-07-18 04:46:36,리센츠,송파구,잠실동,매매,저,84.99,25.71,338000,0,33.8,33F,,49551094,https://www.zigbang.com/home/apt/items/49551094
2026-07-18 04:46:36,리센츠,송파구,잠실동,매매,3,84.99,25.71,340000,0,34.0,33B,,49338150,https://www.zigbang.com/home/apt/items/49338150
2026-07-18 04:46:36,"우성1,2,3차",송파구,잠실동,매매,고,80.39,24.32,320000,0,32.0,26B,,49234946,https://www.zigbang.com/home/apt/items/49234946
2026-07-18 04:46:36,"우성1,2,3차",송파구,잠실동,매매,중,96.65,29.24,336000,0,33.6,31A,,49447338,https://www.zigbang.com/home/apt/items/49447338
2026-07-18 04:46:36,"우성1,2,3차",송파구,잠실동,매매,중,96.65,29.24,380000,0,38.0,31A,,49447215,https://www.zigbang.com/home/apt/items/49447215
2026-07-18 04:46:36,우성4차,송파구,잠실동,매매,11,95.84,28.99,290000,0,29.0,32,,221358,https://www.zigbang.com/home/apt/items/221358
2026-07-18 04:46:36,잠실엘스,송파구,잠실동,월세,중,59.96,18.14,10000,390,1.0,25,,49549370,https://www.zigbang.com/home/apt/items/49549370
2026-07-18 04:46:36,잠실엘스,송파구,잠실동,월세,중,84.8,25.65,80000,200,8.0,34,,49481182,https://www.zigbang.com/home/apt/items/49481182
2026-07-18 04:46:36,잠실엘스,송파구,잠실동,전세,중,59.96,18.14,110000,0,11.0,25,,49482432,https://www.zigbang.com/home/apt/items/49482432
2026-07-18 04:46:36,잠실엘스,송파구,잠실동,전세,중,84.8,25.65,130000,0,13.0,34,,49480450,https://www.zigbang.com/home/apt/items/49480450
2026-07-18 04:46:36,잠실엘스,송파구,잠실동,매매,저,59.96,18.14,285000,0,28.5,25,,49481264,https://www.zigbang.com/home/apt/items/49481264
2026-07-18 04:46:36,잠실엘스,송파구,잠실동,매매,중,59.96,18.14,295000,0,29.5,25,,49480065,https://www.zigbang.com/home/apt/items/49480065
2026-07-18 04:46:36,잠실엘스,송파구,잠실동,매매,고,59.96,18.14,295000,0,29.5,25,,49264035,https://www.zigbang.com/home/apt/items/49264035
2026-07-18 04:46:36,잠실엘스,송파구,잠실동,매매,고,84.97,25.7,338000,0,33.8,33B,,49482269,https://www.zigbang.com/home/apt/items/49482269
2026-07-18 04:46:36,잠실주공5단지,송파구,잠실동,매매,중,76.49,23.14,400000,0,40.0,34A,,49378898,https://www.zigbang.com/home/apt/items/49378898
2026-07-18 04:46:36,잠실주공5단지,송파구,잠실동,매매,중,76.49,23.14,415000,0,41.5,34B,,49691504,https://www.zigbang.com/home/apt/items/49691504
2026-07-18 04:46:36,잠실주공5단지,송파구,잠실동,매매,중,76.49,23.14,415000,0,41.5,34B,,49691256,https://www.zigbang.com/home/apt/items/49691256
2026-07-18 04:46:36,잠실주공5단지,송파구,잠실동,매매,중,81.75,24.73,415000,0,41.5,35,,49666242,https://www.zigbang.com/home/apt/items/49666242
2026-07-18 04:46:36,잠실주공5단지,송파구,잠실동,매매,중,76.49,23.14,420000,0,42.0,34B,,49691359,https://www.zigbang.com/home/apt/items/49691359
2026-07-18 04:46:36,트리지움,송파구,잠실동,월세,중,59.88,18.11,70000,160,7.0,25,,49655547,https://www.zigbang.com/home/apt/items/49655547
2026-07-18 04:46:36,트리지움,송파구,잠실동,월세,고,84.83,25.66,95000,140,9.5,33,,49482096,https://www.zigbang.com/home/apt/items/49482096
2026-07-18 04:46:36,트리지움,송파구,잠실동,전세,중,84.83,25.66,125000,0,12.5,33,,49481968,https://www.zigbang.com/home/apt/items/49481968
2026-07-18 04:46:36,트리지움,송파구,잠실동,매매,중,59.88,18.11,295000,0,29.5,25,,49481779,https://www.zigbang.com/home/apt/items/49481779
2026-07-18 04:46:36,트리지움,송파구,잠실동,매매,고,84.95,25.7,323000,0,32.3,33A,,49481871,https://www.zigbang.com/home/apt/items/49481871
2026-07-18 04:46:36,현대,송파구,잠실동,매매,6,84.68,25.62,220000,0,22.0,31B,,212496,https://www.zigbang.com/home/apt/items/212496
2026-07-18 04:46:36,송파꿈에그린위례24단지,송파구,장지동,월세,5,51.77,15.66,10000,240,1.0,21A,,49745606,https://www.zigbang.com/home/apt/items/49745606
2026-07-18 04:46:36,송파꿈에그린위례24단지,송파구,장지동,월세,중,51.82,15.68,10000,220,1.0,21B,,49632099,https://www.zigbang.com/home/apt/items/49632099
2026-07-18 04:46:36,송파꿈에그린위례24단지,송파구,장지동,월세,4,84.93,25.69,15000,300,1.5,35B,,49459229,https://www.zigbang.com/home/apt/items/49459229
2026-07-18 04:46:36,송파꿈에그린위례24단지,송파구,장지동,월세,중,51.77,15.66,25000,160,2.5,21A,,49289565,https://www.zigbang.com/home/apt/items/49289565
2026-07-18 04:46:36,송파꿈에그린위례24단지,송파구,장지동,월세,18,59.85,18.1,50000,100,5.0,25C1,,48817610,https://www.zigbang.com/home/apt/items/48817610
2026-07-18 04:46:36,송파꿈에그린위례24단지,송파구,장지동,월세,저,75.97,22.98,55000,90,5.5,31A1,,49703729,https://www.zigbang.com/home/apt/items/49703729
2026-07-18 04:46:36,송파꿈에그린위례24단지,송파구,장지동,전세,저,51.77,15.66,68000,0,6.8,21A,,48669831,https://www.zigbang.com/home/apt/items/48669831
2026-07-18 04:46:36,송파꿈에그린위례24단지,송파구,장지동,전세,중,51.77,15.66,70000,0,7.0,21AN,,49733000,https://www.zigbang.com/home/apt/items/49733000
2026-07-18 04:46:36,송파꿈에그린위례24단지,송파구,장지동,전세,고,51.77,15.66,70000,0,7.0,21A,,49696498,https://www.zigbang.com/home/apt/items/49696498
2026-07-18 04:46:36,송파꿈에그린위례24단지,송파구,장지동,전세,9,51.77,15.66,70000,0,7.0,21A,,49663451,https://www.zigbang.com/home/apt/items/49663451
2026-07-18 04:46:36,송파꿈에그린위례24단지,송파구,장지동,전세,중,59.96,18.14,75000,0,7.5,25A1,,49419018,https://www.zigbang.com/home/apt/items/49419018
2026-07-18 04:46:36,송파꿈에그린위례24단지,송파구,장지동,전세,저,75.97,22.98,79000,0,7.9,31A1,,49675242,https://www.zigbang.com/home/apt/items/49675242
2026-07-18 04:46:36,송파꿈에그린위례24단지,송파구,장지동,매매,저,51.77,15.66,149000,0,14.9,21A,,49698756,https://www.zigbang.com/home/apt/items/49698756
2026-07-18 04:46:36,송파꿈에그린위례24단지,송파구,장지동,매매,저,51.77,15.66,149000,0,14.9,21A,,49638684,https://www.zigbang.com/home/apt/items/49638684
2026-07-18 04:46:36,송파꿈에그린위례24단지,송파구,장지동,매매,1,51.77,15.66,150000,0,15.0,21A,,49624864,https://www.zigbang.com/home/apt/items/49624864
2026-07-18 04:46:36,송파꿈에그린위례24단지,송파구,장지동,매매,고,51.77,15.66,161000,0,16.1,21A,,49262744,https://www.zigbang.com/home/apt/items/49262744
2026-07-18 04:46:36,송파꿈에그린위례24단지,송파구,장지동,매매,고,51.77,15.66,163000,0,16.3,21A,,49639972,https://www.zigbang.com/home/apt/items/49639972
2026-07-18 04:46:36,송파꿈에그린위례24단지,송파구,장지동,매매,고,51.77,15.66,163000,0,16.3,21A,,49226331,https://www.zigbang.com/home/apt/items/49226331
2026-07-18 04:46:36,송파꿈에그린위례24단지,송파구,장지동,매매,중,51.77,15.66,163000,0,16.3,21A,,49077800,https://www.zigbang.com/home/apt/items/49077800
2026-07-18 04:46:36,송파꿈에그린위례24단지,송파구,장지동,매매,고,51.77,15.66,163000,0,16.3,21A,,49077746,https://www.zigbang.com/home/apt/items/49077746
2026-07-18 04:46:36,송파꿈에그린위례24단지,송파구,장지동,매매,저,51.77,15.66,165000,0,16.5,21A,,49561326,https://www.zigbang.com/home/apt/items/49561326
2026-07-18 04:46:36,송파꿈에그린위례24단지,송파구,장지동,매매,고,51.77,15.66,165000,0,16.5,21A,,49548881,https://www.zigbang.com/home/apt/items/49548881
2026-07-18 04:46:36,송파꿈에그린위례24단지,송파구,장지동,매매,중,51.77,15.66,165000,0,16.5,21A,,49444698,https://www.zigbang.com/home/apt/items/49444698
2026-07-18 04:46:36,송파꿈에그린위례24단지,송파구,장지동,매매,고,51.77,15.66,165000,0,16.5,21A,,49599662,https://www.zigbang.com/home/apt/items/49599662
2026-07-18 04:46:36,송파꿈에그린위례24단지,송파구,장지동,매매,고,51.77,15.66,165000,0,16.5,21A,,49262657,https://www.zigbang.com/home/apt/items/49262657
2026-07-18 04:46:36,송파꿈에그린위례24단지,송파구,장지동,매매,14,54.12,16.37,170000,0,17.0,22A,,49444565,https://www.zigbang.com/home/apt/items/49444565
2026-07-18 04:46:36,송파꿈에그린위례24단지,송파구,장지동,매매,저,59.63,18.04,185000,0,18.5,25A,,49516886,https://www.zigbang.com/home/apt/items/49516886
2026-07-18 04:46:36,송파꿈에그린위례24단지,송파구,장지동,매매,10,59.63,18.04,187000,0,18.7,25A,,49444419,https://www.zigbang.com/home/apt/items/49444419
2026-07-18 04:46:36,송파꿈에그린위례24단지,송파구,장지동,매매,중,59.66,18.05,188000,0,18.8,25C,,49067045,https://www.zigbang.com/home/apt/items/49067045
2026-07-18 04:46:36,송파꿈에그린위례24단지,송파구,장지동,매매,중,59.63,18.04,189000,0,18.9,25A,,48441848,https://www.zigbang.com/home/apt/items/48441848
2026-07-18 04:46:36,송파꿈에그린위례24단지,송파구,장지동,매매,고,59.63,18.04,190000,0,19.0,25A,,48405248,https://www.zigbang.com/home/apt/items/48405248
2026-07-18 04:46:36,송파꿈에그린위례24단지,송파구,장지동,매매,8,59.63,18.04,195000,0,19.5,25A,,49438616,https://www.zigbang.com/home/apt/items/49438616
2026-07-18 04:46:36,송파꿈에그린위례24단지,송파구,장지동,매매,저,59.96,18.14,200000,0,20.0,25A1N,,49444825,https://www.zigbang.com/home/apt/items/49444825
2026-07-18 04:46:36,송파꿈에그린위례24단지,송파구,장지동,매매,중,75.97,22.98,215000,0,21.5,31A,,49703845,https://www.zigbang.com/home/apt/items/49703845
2026-07-18 04:46:36,송파꿈에그린위례24단지,송파구,장지동,매매,고,75.97,22.98,215000,0,21.5,31A,,49486389,https://www.zigbang.com/home/apt/items/49486389
2026-07-18 04:46:36,송파꿈에그린위례24단지,송파구,장지동,매매,고,75.97,22.98,215000,0,21.5,31A,,49371806,https://www.zigbang.com/home/apt/items/49371806
2026-07-18 04:46:36,송파꿈에그린위례24단지,송파구,장지동,매매,고,75.97,22.98,217500,0,21.75,31A,,49040930,https://www.zigbang.com/home/apt/items/49040930
2026-07-18 04:46:36,송파꿈에그린위례24단지,송파구,장지동,매매,6,75.97,22.98,220000,0,22.0,31A1N,,49438901,https://www.zigbang.com/home/apt/items/49438901
2026-07-18 04:46:36,송파꿈에그린위례24단지,송파구,장지동,매매,중,84.93,25.69,225000,0,22.5,35B,,49441824,https://www.zigbang.com/home/apt/items/49441824
2026-07-18 04:46:36,송파꿈에그린위례24단지,송파구,장지동,매매,중,84.93,25.69,225000,0,22.5,35B,,49572784,https://www.zigbang.com/home/apt/items/49572784
2026-07-18 04:46:36,송파꿈에그린위례24단지,송파구,장지동,매매,14,84.96,25.7,250000,0,25.0,35A,,49475132,https://www.zigbang.com/home/apt/items/49475132
2026-07-18 04:46:36,송파더센트레,송파구,장지동,월세,저,59.96,18.14,30000,180,3.0,26A,,49227709,https://www.zigbang.com/home/apt/items/49227709
2026-07-18 04:46:36,송파더센트레,송파구,장지동,월세,12,51.77,15.66,40000,140,4.0,22A,,49497043,https://www.zigbang.com/home/apt/items/49497043
2026-07-18 04:46:36,송파더센트레,송파구,장지동,월세,중,59.96,18.14,40000,120,4.0,26A,,49227539,https://www.zigbang.com/home/apt/items/49227539
2026-07-18 04:46:36,송파더센트레,송파구,장지동,월세,고,51.77,15.66,45000,100,4.5,22A,,49012193,https://www.zigbang.com/home/apt/items/49012193
2026-07-18 04:46:36,송파더센트레,송파구,장지동,전세,고,54.12,16.37,62000,0,6.2,23A,,49595256,https://www.zigbang.com/home/apt/items/49595256
2026-07-18 04:46:36,송파더센트레,송파구,장지동,전세,저,59.85,18.1,70000,0,7.0,26C,,49679347,https://www.zigbang.com/home/apt/items/49679347
2026-07-18 04:46:36,송파더센트레,송파구,장지동,매매,12,51.77,15.66,160000,0,16.0,22A,,49445885,https://www.zigbang.com/home/apt/items/49445885
2026-07-18 04:46:36,송파더센트레,송파구,장지동,매매,7,51.82,15.68,160000,0,16.0,22A1,,49345266,https://www.zigbang.com/home/apt/items/49345266
2026-07-18 04:46:36,송파더센트레,송파구,장지동,매매,고,51.96,15.72,164000,0,16.4,22B1,,49362135,https://www.zigbang.com/home/apt/items/49362135
2026-07-18 04:46:36,송파더센트레,송파구,장지동,매매,고,51.77,15.66,165000,0,16.5,22A,,48428052,https://www.zigbang.com/home/apt/items/48428052
2026-07-18 04:46:36,송파와이즈더샵,송파구,장지동,월세,저,97.16,29.39,40000,240,4.0,38G,,48994710,https://www.zigbang.com/home/apt/items/48994710
2026-07-18 04:46:36,송파와이즈더샵,송파구,장지동,월세,중,96.53,29.2,80000,60,8.0,38C,,49467233,https://www.zigbang.com/home/apt/items/49467233
2026-07-18 04:46:36,송파와이즈더샵,송파구,장지동,전세,저,97.16,29.39,95000,0,9.5,38G,,48611092,https://www.zigbang.com/home/apt/items/48611092
2026-07-18 04:46:36,송파와이즈더샵,송파구,장지동,전세,고,96.71,29.25,100000,0,10.0,38H,,49644897,https://www.zigbang.com/home/apt/items/49644897
2026-07-18 04:46:36,송파와이즈더샵,송파구,장지동,전세,12,97.19,29.4,100000,0,10.0,38D,,49527578,https://www.zigbang.com/home/apt/items/49527578
2026-07-18 04:46:36,송파와이즈더샵,송파구,장지동,매매,10,97.07,29.36,240000,0,24.0,39B,,49479654,https://www.zigbang.com/home/apt/items/49479654
2026-07-18 04:46:36,송파와이즈더샵,송파구,장지동,매매,고,96.75,29.27,290000,0,29.0,38B,,47684559,https://www.zigbang.com/home/apt/items/47684559
2026-07-18 04:46:36,송파파인타운3단지,송파구,장지동,매매,중,84.98,25.71,185000,0,18.5,32T2,,47078910,https://www.zigbang.com/home/apt/items/47078910
2026-07-18 04:46:36,송파파인타운3단지,송파구,장지동,매매,중,84.94,25.69,195000,0,19.5,32A,,49491503,https://www.zigbang.com/home/apt/items/49491503
2026-07-18 04:46:36,송파파인타운5단지,송파구,장지동,매매,고,84.93,25.69,210000,0,21.0,33A,,48396145,https://www.zigbang.com/home/apt/items/48396145
2026-07-18 04:46:36,위례2차아이파크,송파구,장지동,전세,고,90.88,27.49,95000,0,9.5,36C,,49719647,https://www.zigbang.com/home/apt/items/49719647
2026-07-18 04:46:36,위례2차아이파크,송파구,장지동,전세,3,90.88,27.49,95000,0,9.5,36C,,49659827,https://www.zigbang.com/home/apt/items/49659827
2026-07-18 04:46:36,위례2차아이파크,송파구,장지동,전세,고,90.88,27.49,100000,0,10.0,36C,,47819605,https://www.zigbang.com/home/apt/items/47819605
2026-07-18 04:46:36,위례2차아이파크,송파구,장지동,전세,고,90.05,27.24,110000,0,11.0,36A,,49567969,https://www.zigbang.com/home/apt/items/49567969
2026-07-18 04:46:36,위례2차아이파크,송파구,장지동,전세,저,115.64,34.98,110000,0,11.0,45A,,48271601,https://www.zigbang.com/home/apt/items/48271601
2026-07-18 04:46:36,위례2차아이파크,송파구,장지동,매매,고,90.88,27.49,235000,0,23.5,36C,,49595314,https://www.zigbang.com/home/apt/items/49595314
2026-07-18 04:46:36,위례송파푸르지오,송파구,장지동,매매,고,106.96,32.36,245000,0,24.5,42A,,47924633,https://www.zigbang.com/home/apt/items/47924633
2026-07-18 04:46:36,위례아이파크,송파구,장지동,월세,4,87.88,26.58,30000,280,3.0,35A,,49590796,https://www.zigbang.com/home/apt/items/49590796
2026-07-18 04:46:36,위례아이파크,송파구,장지동,월세,저,87.68,26.52,50000,200,5.0,35B,,49398535,https://www.zigbang.com/home/apt/items/49398535
2026-07-18 04:46:36,위례아이파크,송파구,장지동,전세,저,100.78,30.49,100000,0,10.0,40A,,49548459,https://www.zigbang.com/home/apt/items/49548459
2026-07-18 04:46:36,위례아이파크,송파구,장지동,전세,22,100.85,30.51,120000,0,12.0,40B,,49530554,https://www.zigbang.com/home/apt/items/49530554
2026-07-18 04:46:36,위례아이파크,송파구,장지동,매매,14,87.83,26.57,235000,0,23.5,35C,,49461283,https://www.zigbang.com/home/apt/items/49461283
2026-07-18 04:46:36,위례중앙푸르지오1단지,송파구,장지동,전세,저,110.22,33.34,108000,0,10.8,43E,,49705395,https://www.zigbang.com/home/apt/items/49705395
2026-07-18 04:46:36,위례중앙푸르지오1단지,송파구,장지동,전세,중,102.04,30.87,108000,0,10.8,41,,49467520,https://www.zigbang.com/home/apt/items/49467520
2026-07-18 04:46:36,위례중앙푸르지오1단지,송파구,장지동,전세,3,110.27,33.36,110000,0,11.0,43C,,49440680,https://www.zigbang.com/home/apt/items/49440680
2026-07-18 04:46:36,위례중앙푸르지오1단지,송파구,장지동,전세,10,110.22,33.34,110000,0,11.0,43E,,49446763,https://www.zigbang.com/home/apt/items/49446763
2026-07-18 04:46:36,위례중앙푸르지오1단지,송파구,장지동,매매,중,84.89,25.68,230000,0,23.0,34D,,49571742,https://www.zigbang.com/home/apt/items/49571742
2026-07-18 04:46:36,위례중앙푸르지오1단지,송파구,장지동,매매,중,84.94,25.69,240000,0,24.0,33G,,48386044,https://www.zigbang.com/home/apt/items/48386044
2026-07-18 04:46:36,위례중앙푸르지오1단지,송파구,장지동,매매,12,110.27,33.36,260000,0,26.0,43C,,49532256,https://www.zigbang.com/home/apt/items/49532256
2026-07-18 04:46:36,위례중앙푸르지오1단지,송파구,장지동,매매,중,110.22,33.34,270000,0,27.0,43E,,48387204,https://www.zigbang.com/home/apt/items/48387204
2026-07-18 04:46:36,위례중앙푸르지오1단지,송파구,장지동,매매,19,195.98,59.28,430000,0,43.0,78,,49591352,https://www.zigbang.com/home/apt/items/49591352
2026-07-18 04:46:36,위례중앙푸르지오2단지,송파구,장지동,매매,고,84.736,25.63,220000,0,22.0,34D,,49574942,https://www.zigbang.com/home/apt/items/49574942
2026-07-18 04:46:36,힐스테이트송파위례,송파구,장지동,월세,중,101.8,30.79,75000,140,7.5,39D,,49698296,https://www.zigbang.com/home/apt/items/49698296
2026-07-18 04:46:36,힐스테이트송파위례,송파구,장지동,전세,중,101.8,30.79,100000,0,10.0,39D,,49715565,https://www.zigbang.com/home/apt/items/49715565
2026-07-18 04:46:36,힐스테이트송파위례,송파구,장지동,전세,고,101.8,30.79,105000,0,10.5,39A,,47822840,https://www.zigbang.com/home/apt/items/47822840
2026-07-18 04:46:36,힐스테이트송파위례,송파구,장지동,매매,29,101.38,30.67,250000,0,25.0,39G,,49530675,https://www.zigbang.com/home/apt/items/49530675
2026-07-18 04:46:36,강변현대,송파구,풍납동,매매,저,83.19,25.16,167000,0,16.7,30,,49085282,https://www.zigbang.com/home/apt/items/49085282
2026-07-18 04:46:36,동아한가람,송파구,풍납동,전세,1,84.38,25.52,66000,0,6.6,31A,,49612318,https://www.zigbang.com/home/apt/items/49612318
2026-07-18 04:46:36,신동아,송파구,풍납동,매매,저,59.36,17.96,83000,0,8.3,24,,49520179,https://www.zigbang.com/home/apt/items/49520179
2026-07-18 04:46:36,신동아,송파구,풍납동,매매,저,84.63,25.6,85000,0,8.5,31,,49526041,https://www.zigbang.com/home/apt/items/49526041
2026-07-18 04:46:36,신동아,송파구,풍납동,매매,중,59.36,17.96,89000,0,8.9,24,,49744927,https://www.zigbang.com/home/apt/items/49744927
2026-07-18 04:46:36,신동아,송파구,풍납동,매매,12,59.36,17.96,90000,0,9.0,24,,49520953,https://www.zigbang.com/home/apt/items/49520953
2026-07-18 04:46:36,잠실올림픽공원아이파크,송파구,풍납동,월세,저,75.99,22.99,65000,150,6.5,31B,,49746109,https://www.zigbang.com/home/apt/items/49746109
2026-07-18 04:46:36,잠실올림픽공원아이파크,송파구,풍납동,전세,저,75.99,22.99,105000,0,10.5,31A,,49746132,https://www.zigbang.com/home/apt/items/49746132
2026-07-18 04:46:36,잠실올림픽공원아이파크,송파구,풍납동,전세,저,75.99,22.99,110000,0,11.0,31A,,48707468,https://www.zigbang.com/home/apt/items/48707468
2026-07-18 04:46:36,잠실올림픽공원아이파크,송파구,풍납동,매매,저,75.99,22.99,235000,0,23.5,31B,,49746158,https://www.zigbang.com/home/apt/items/49746158
2026-07-18 04:46:36,잠실올림픽공원아이파크,송파구,풍납동,매매,중,84.99,25.71,270000,0,27.0,34T,,49616210,https://www.zigbang.com/home/apt/items/49616210
2026-07-18 04:46:36,잠실올림픽공원아이파크,송파구,풍납동,매매,저,75.91,22.96,270000,0,27.0,32T,,49244788,https://www.zigbang.com/home/apt/items/49244788
2026-07-18 04:46:36,잠실올림픽공원아이파크,송파구,풍납동,매매,중,84.99,25.71,270000,0,27.0,34T,,48712470,https://www.zigbang.com/home/apt/items/48712470
2026-07-18 04:46:36,잠실올림픽공원아이파크,송파구,풍납동,매매,중,75.99,22.99,270000,0,27.0,31A,,48707702,https://www.zigbang.com/home/apt/items/48707702
2026-07-18 04:46:36,잠실올림픽공원아이파크,송파구,풍납동,매매,중,84.99,25.71,290000,0,29.0,34T,,49244559,https://www.zigbang.com/home/apt/items/49244559
2026-07-18 04:46:36,한강극동,송파구,풍납동,매매,중,59.26,17.93,157000,0,15.7,24,,49747360,https://www.zigbang.com/home/apt/items/49747360
2026-07-18 04:46:36,한강극동,송파구,풍납동,매매,4,59.26,17.93,165000,0,16.5,24,,251085,https://www.zigbang.com/home/apt/items/251085
2026-07-18 04:46:36,현대리버빌2차,송파구,풍납동,매매,저,59.4,17.97,128000,0,12.8,26,,49326360,https://www.zigbang.com/home/apt/items/49326360
2026-07-18 04:46:36,현대리버빌2차,송파구,풍납동,매매,저,78.78,23.83,142000,0,14.2,31,,48548654,https://www.zigbang.com/home/apt/items/48548654
